gp_id,pointref,lgu,psgc_code,source_locality,municipality,province,province_psgc,mon_type,mon_type_label,mon_no,survey_project,barrio,variant,prs92_lat,prs92_lon,wgs84_lat,wgs84_lon,ptm_zone,ptm_east,ptm_north,ptm_check_resid_m,source,retrieved,dataset_version,legal_status,in_lgu,dist_to_own_m
51801,"CMN 28, PRS 92",,,BAGONG SILANG,Bagong Silang,Camarines Norte,0501600000,PRS92,PRS92 geodetic control point,CMN 28,,,,14.21524396,122.5629683,14.2137994,122.56433423,4,452831.3294,1572028.962,0.002,DENR-LMB via Geoportal Lot Plotter,2026-09-21,1.0.0,Reference only - not a certified monument description,Capalonga,
51802,"CMN 29, PRS 92",,,BAGONG SILANG,Bagong Silang,Camarines Norte,0501600000,PRS92,PRS92 geodetic control point,CMN 29,,,,14.14782629,122.5832874,14.14638663,122.5846549,4,455011.1143,1564566.419,0.005,DENR-LMB via Geoportal Lot Plotter,2026-09-21,1.0.0,Reference only - not a certified monument description,Labo,
51803,"BLLM No. 1, Municipality of Basud, Province of Camarines Norte",Basud,0501601000,BASUD,Basud,Camarines Norte,0501600000,BLLM,Bureau of Lands Location Monument,1,,,,14.06615556,122.9617083,14.06472987,122.96307701,4,495864.537,1555491.663,0.004,DENR-LMB via Geoportal Lot Plotter,2026-09-21,1.0.0,Reference only - not a certified monument description,Basud,0.0
51804,"BLLM No. 1, Cad 532, Basud Cadastre",Basud,0501601000,BASUD,Basud,Camarines Norte,0501600000,BLLM,Bureau of Lands Location Monument,1,Cad-532,,,14.06615416,122.9617022,14.06472847,122.96307091,4,495863.875,1555491.509,0.0,DENR-LMB via Geoportal Lot Plotter,2026-09-21,1.0.0,Reference only - not a certified monument description,Basud,0.0
51805,"BLLM No. 1, Gss 176 D, Basud Group Settlement Survey",Basud,0501601000,BASUD,Basud,Camarines Norte,0501600000,BLLM,Bureau of Lands Location Monument,1,,,,14.03727472,122.8637422,14.03584872,122.86511179,4,485282.4354,1552300.546,0.002,DENR-LMB via Geoportal Lot Plotter,2026-09-21,1.0.0,Reference only - not a certified monument description,San Lorenzo Ruiz,2352.755552114573
51806,"BLLM No. 1, Pls 76 D, Basud Public Land Subdivision",Basud,0501601000,BASUD,Basud,Camarines Norte,0501600000,BLLM,Bureau of Lands Location Monument,1,Pls-76-D,,,14.06615556,122.9617083,14.06472987,122.96307701,4,495864.537,1555491.663,0.004,DENR-LMB via Geoportal Lot Plotter,2026-09-21,1.0.0,Reference only - not a certified monument description,Basud,0.0
51807,"BLLM No. 2, Municipality of Basud, Province of Camarines Norte",Basud,0501601000,BASUD,Basud,Camarines Norte,0501600000,BLLM,Bureau of Lands Location Monument,2,,,,14.06678204,122.9622455,14.06535632,122.96361419,4,495922.5653,1555560.96,0.004,DENR-LMB via Geoportal Lot Plotter,2026-09-21,1.0.0,Reference only - not a certified monument description,Basud,0.0
51808,"BLLM No. 2, Pls 76 D, Basud Public Land Subdivision",Basud,0501601000,BASUD,Basud,Camarines Norte,0501600000,BLLM,Bureau of Lands Location Monument,2,Pls-76-D,,,14.06678213,122.9622455,14.06535641,122.96361419,4,495922.5653,1555560.97,0.004,DENR-LMB via Geoportal Lot Plotter,2026-09-21,1.0.0,Reference only - not a certified monument description,Basud,0.0
51809,"CMN 3093, PRS 92",Basud,0501601000,BASUD,Basud,Camarines Norte,0501600000,PRS92,PRS92 geodetic control point,CMN 3093,,,,14.07288759,122.95999,14.07146142,122.96135855,4,495679.0796,1556236.446,0.005,DENR-LMB via Geoportal Lot Plotter,2026-09-21,1.0.0,Reference only - not a certified monument description,Basud,0.0
51810,"CMN 39, PRS 92",Basud,0501601000,BASUD,Basud,Camarines Norte,0501600000,PRS92,PRS92 geodetic control point,CMN 39,,,,14.01037891,122.9290622,14.00895617,122.9304323,4,492336.929,1549322.03,0.003,DENR-LMB via Geoportal Lot Plotter,2026-09-21,1.0.0,Reference only - not a certified monument description,Basud,0.0
51811,"CMN 4, PRS 92",Basud,0501601000,BASUD,Basud,Camarines Norte,0501600000,PRS92,PRS92 geodetic control point,CMN 4,,,,14.07288541,122.9599919,14.07145924,122.96136045,4,495679.292,1556236.205,0.002,DENR-LMB via Geoportal Lot Plotter,2026-09-21,1.0.0,Reference only - not a certified monument description,Basud,0.0
51812,"BBM No. 4, Cad 1073 D, Capalonga Cadastre",Capalonga,0501602000,CAPALONGA,Capalonga,Camarines Norte,0501600000,BBM,Barrio Boundary Monument,4,Cad-1073-D,,,14.30953084,122.4579539,14.30807772,122.45931779,4,441521.21,1582484.1,0.001,DENR-LMB via Geoportal Lot Plotter,2026-09-21,1.0.0,Reference only - not a certified monument description,Capalonga,0.0
51813,"BLBM No. 1, Bo. of Alayao, Municipality of Capalonga, Province of Camarines Norte",Capalonga,0501602000,CAPALONGA,Capalonga,Camarines Norte,0501600000,BLBM,Bureau of Lands Barrio Monument,1,,Alayao,,14.27466389,122.55865,14.27321533,122.56001453,4,452377.7114,1578603.62,0.0,DENR-LMB via Geoportal Lot Plotter,2026-09-21,1.0.0,Reference only - not a certified monument description,Capalonga,0.0
51814,"BLBM No. 1, Bo. of Basiad, Municipality of Capalonga, Province of Camarines Norte (Coord. In B. Basiad System)",Capalonga,0501602000,CAPALONGA,Capalonga,Camarines Norte,0501600000,BLBM,Bureau of Lands Barrio Monument,1,,Basiad,,14.15711445,122.3190223,14.15566819,122.32039007,4,426482.7001,1565660.827,0.004,DENR-LMB via Geoportal Lot Plotter,2026-09-21,1.0.0,Reference only - not a certified monument description,,10795.318111929466
51815,"BLBM No. 1, Bo. of Mataqui, Municipality of Capalonga, Province of Camarines Norte",Capalonga,0501602000,CAPALONGA,Capalonga,Camarines Norte,0501600000,BLBM,Bureau of Lands Barrio Monument,1,,Mataqui,,14.30100833,122.5212083,14.2995572,122.52257227,4,448343.6337,1581526.197,0.004,DENR-LMB via Geoportal Lot Plotter,2026-09-21,1.0.0,Reference only - not a certified monument description,Capalonga,0.0
51816,"BLBM No. 2, Bo. of Alayao, Municipality of Capalonga, Province of Camarines Norte",Capalonga,0501602000,CAPALONGA,Capalonga,Camarines Norte,0501600000,BLBM,Bureau of Lands Barrio Monument,2,,Alayao,,14.27386667,122.5591806,14.27241818,122.56054515,4,452434.7928,1578515.312,0.005,DENR-LMB via Geoportal Lot Plotter,2026-09-21,1.0.0,Reference only - not a certified monument description,Capalonga,0.0
51817,"BLBM No. 2, Bo. of Basiad, Municipality of Capalonga, Province of Camarines Norte (Coord. In B. Basiad System)",Capalonga,0501602000,CAPALONGA,Capalonga,Camarines Norte,0501600000,BLBM,Bureau of Lands Barrio Monument,2,,Basiad,,14.15582451,122.3188232,14.15437833,122.320191,4,426460.784,1565518.176,0.002,DENR-LMB via Geoportal Lot Plotter,2026-09-21,1.0.0,Reference only - not a certified monument description,,10933.829427154642
51818,"BLBM No. 2, Bo. of Mataqui, Municipality of Capalonga, Province of Camarines Norte",Capalonga,0501602000,CAPALONGA,Capalonga,Camarines Norte,0501600000,BLBM,Bureau of Lands Barrio Monument,2,,Mataqui,,14.30026111,122.5222444,14.29881005,122.52360839,4,448455.2508,1581443.299,0.005,DENR-LMB via Geoportal Lot Plotter,2026-09-21,1.0.0,Reference only - not a certified monument description,Capalonga,0.0
51819,"BLBM No. 4, Bo. of Alayao, Municipality of Capalonga, Province of Camarines Norte",Capalonga,0501602000,CAPALONGA,Capalonga,Camarines Norte,0501600000,BLBM,Bureau of Lands Barrio Monument,4,,Alayao,,14.28343333,122.5506361,14.28198401,122.55200044,4,451514.8627,1579575.467,0.001,DENR-LMB via Geoportal Lot Plotter,2026-09-21,1.0.0,Reference only - not a certified monument description,Capalonga,0.0
51820,"BLBM No. 4, Bo. of Mataque, Municipality of Capalonga, Province of Camarines Norte",Capalonga,0501602000,CAPALONGA,Capalonga,Camarines Norte,0501600000,BLBM,Bureau of Lands Barrio Monument,4,,Mataque,,14.30023889,122.5229944,14.29878785,122.52435839,4,448536.1644,1581440.674,0.005,DENR-LMB via Geoportal Lot Plotter,2026-09-21,1.0.0,Reference only - not a certified monument description,Capalonga,0.0
51821,"BLBM No. 3, Bo. of Alayao, Municipality of Capalonga, Province of Camarines Norte",Capalonga,0501602000,CAPALONGA,Capalonga,Camarines Norte,0501600000,BLBM,Bureau of Lands Barrio Monument,3,,Alayao,,14.28283333,122.5486889,14.28138401,122.55005325,4,451304.6299,1579509.495,0.001,DENR-LMB via Geoportal Lot Plotter,2026-09-21,1.0.0,Reference only - not a certified monument description,Capalonga,0.0
51822,"BLBM No. 3, Bo. of Mataque, Municipality of Capalonga, Province of Camarines Norte",Capalonga,0501602000,CAPALONGA,Capalonga,Camarines Norte,0501600000,BLBM,Bureau of Lands Barrio Monument,3,,Mataque,,14.30104722,122.5212306,14.29959608,122.52259457,4,448346.0402,1581530.494,0.005,DENR-LMB via Geoportal Lot Plotter,2026-09-21,1.0.0,Reference only - not a certified monument description,Capalonga,0.0
51823,"BLLM No. 1, Municipality of Capalonga, Province of Camarines Norte",Capalonga,0501602000,CAPALONGA,Capalonga,Camarines Norte,0501600000,BLLM,Bureau of Lands Location Monument,1,,,,14.33313611,122.4919444,14.33168221,122.49330766,4,445194.1045,1585087.345,0.005,DENR-LMB via Geoportal Lot Plotter,2026-09-21,1.0.0,Reference only - not a certified monument description,Capalonga,0.0
51824,"BLLM No. 1, Pls 688 D, Capalonga Public Land Subdivision",Capalonga,0501602000,CAPALONGA,Capalonga,Camarines Norte,0501600000,BLLM,Bureau of Lands Location Monument,1,Pls-688-D,,,14.19882139,122.4014703,14.19737426,122.40283692,4,435395.7661,1570250.739,0.002,DENR-LMB via Geoportal Lot Plotter,2026-09-21,1.0.0,Reference only - not a certified monument description,Santa Elena,3995.172379091703
51825,"BLLM No. 1, Pls 818 D, Capalonga Public Land Subdivision",Capalonga,0501602000,CAPALONGA,Capalonga,Camarines Norte,0501600000,BLLM,Bureau of Lands Location Monument,1,Pls-818-D,,,14.23092389,122.5489672,14.22947799,122.55033279,4,451323.5284,1573766.548,0.002,DENR-LMB via Geoportal Lot Plotter,2026-09-21,1.0.0,Reference only - not a certified monument description,Capalonga,0.0
51826,"BLLM No. 1, Cad 1073 D, Capalonga Cadastre",Capalonga,0501602000,CAPALONGA,Capalonga,Camarines Norte,0501600000,BLLM,Bureau of Lands Location Monument,1,Cad-1073-D,,,14.33264167,122.4929444,14.33118782,122.49430767,4,445301.8609,1585032.406,0.005,DENR-LMB via Geoportal Lot Plotter,2026-09-21,1.0.0,Reference only - not a certified monument description,Capalonga,0.0
51827,"BLLM No. 10, Pls 818 D, Capalonga Public Land Subdivision",Capalonga,0501602000,CAPALONGA,Capalonga,Camarines Norte,0501600000,BLLM,Bureau of Lands Location Monument,10,Pls-818-D,,,14.2834364,122.5508871,14.28198709,122.55225143,4,451541.9468,1579575.754,0.002,DENR-LMB via Geoportal Lot Plotter,2026-09-21,1.0.0,Reference only - not a certified monument description,Capalonga,0.0
51828,"BLLM No. 123, Pls 51, Capalonga Public Land Subdivision",Capalonga,0501602000,CAPALONGA,Capalonga,Camarines Norte,0501600000,BLLM,Bureau of Lands Location Monument,123,Pls-51,,,14.13076222,122.3769639,14.12931901,122.37833219,4,432730.4621,1562727.948,0.001,DENR-LMB via Geoportal Lot Plotter,2026-09-21,1.0.0,Reference only - not a certified monument description,Santa Elena,11917.164577610634
51829,"BLLM No. 2, Municipality of Capalonga, Province of Camarines Norte",Capalonga,0501602000,CAPALONGA,Capalonga,Camarines Norte,0501600000,BLLM,Bureau of Lands Location Monument,2,,,,14.33141111,122.4927278,14.32995734,122.4940911,4,445278.1893,1584896.315,0.002,DENR-LMB via Geoportal Lot Plotter,2026-09-21,1.0.0,Reference only - not a certified monument description,Capalonga,0.0
51830,"BLLM No. 2, Pls 688 D, Capalonga Public Land Subdivision",Capalonga,0501602000,CAPALONGA,Capalonga,Camarines Norte,0501600000,BLLM,Bureau of Lands Location Monument,2,Pls-688-D,,,14.19876743,122.4004384,14.19732028,122.40180503,4,435284.371,1570245.055,0.003,DENR-LMB via Geoportal Lot Plotter,2026-09-21,1.0.0,Reference only - not a certified monument description,Santa Elena,4027.173205619945
51831,"BLLM No. 2, Pls 818 D, Capalonga Public Land Subdivision",Capalonga,0501602000,CAPALONGA,Capalonga,Camarines Norte,0501600000,BLLM,Bureau of Lands Location Monument,2,Pls-818-D,,,14.23335042,122.5478508,14.23190433,122.54921633,4,451203.5607,1574035.235,0.001,DENR-LMB via Geoportal Lot Plotter,2026-09-21,1.0.0,Reference only - not a certified monument description,Capalonga,0.0
51832,"BLLM No. 3, Pls 688 D, Capalonga Public Land Subdivision",Capalonga,0501602000,CAPALONGA,Capalonga,Camarines Norte,0501600000,BLLM,Bureau of Lands Location Monument,3,Pls-688-D,,,14.23858742,122.3930188,14.23713748,122.39438449,4,434494.946,1574652.605,0.001,DENR-LMB via Geoportal Lot Plotter,2026-09-21,1.0.0,Reference only - not a certified monument description,Santa Elena,137.7231039096944
51833,"BLLM No. 3, Pls 818 D, Capalonga Public Land Subdivision",Capalonga,0501602000,CAPALONGA,Capalonga,Camarines Norte,0501600000,BLLM,Bureau of Lands Location Monument,3,Pls-818-D,,,14.27374671,122.5336317,14.27229765,122.5349963,4,449677.9462,1578507.423,0.001,DENR-LMB via Geoportal Lot Plotter,2026-09-21,1.0.0,Reference only - not a certified monument description,Capalonga,0.0
51834,"BLLM No. 4, Pls 688 D, Capalonga Public Land Subdivision",Capalonga,0501602000,CAPALONGA,Capalonga,Camarines Norte,0501600000,BLLM,Bureau of Lands Location Monument,4,Pls-688-D,,,14.24011331,122.3923591,14.23866326,122.39372476,4,434424.1899,1574821.608,0.001,DENR-LMB via Geoportal Lot Plotter,2026-09-21,1.0.0,Reference only - not a certified monument description,Santa Elena,203.65065433814527
51835,"BLLM No. 4, Pls 818 D, Capalonga Public Land Subdivision",Capalonga,0501602000,CAPALONGA,Capalonga,Camarines Norte,0501600000,BLLM,Bureau of Lands Location Monument,4,Pls-818-D,,,14.27602169,122.5340021,14.27457249,122.53536664,4,449718.4239,1578759.03,0.005,DENR-LMB via Geoportal Lot Plotter,2026-09-21,1.0.0,Reference only - not a certified monument description,Capalonga,0.0
51836,"BLLM No. 5, Pls 688 D, Capalonga Public Land Subdivision",Capalonga,0501602000,CAPALONGA,Capalonga,Camarines Norte,0501600000,BLLM,Bureau of Lands Location Monument,5,Pls-688-D,,,14.26907879,122.42561,14.26762759,122.42697491,4,438020.6018,1578017.089,0.003,DENR-LMB via Geoportal Lot Plotter,2026-09-21,1.0.0,Reference only - not a certified monument description,Capalonga,0.0
51837,"BLLM No. 5, Pls 818 D, Capalonga Public Land Subdivision",Capalonga,0501602000,CAPALONGA,Capalonga,Camarines Norte,0501600000,BLLM,Bureau of Lands Location Monument,5,Pls-818-D,,,14.29916102,122.5695078,14.2977111,122.57087173,4,453554.3288,1581311.609,0.0,DENR-LMB via Geoportal Lot Plotter,2026-09-21,1.0.0,Reference only - not a certified monument description,Capalonga,0.0
51838,"BLLM No. 6, Pls 688 D, Capalonga Public Land Subdivision",Capalonga,0501602000,CAPALONGA,Capalonga,Camarines Norte,0501600000,BLLM,Bureau of Lands Location Monument,6,Pls-688-D,,,14.26713149,122.4265057,14.26568044,122.42787065,4,438116.7266,1577801.412,0.001,DENR-LMB via Geoportal Lot Plotter,2026-09-21,1.0.0,Reference only - not a certified monument description,Capalonga,0.0
51839,"BLLM No. 6, Pls 818 D, Capalonga Public Land Subdivision",Capalonga,0501602000,CAPALONGA,Capalonga,Camarines Norte,0501600000,BLLM,Bureau of Lands Location Monument,6,Pls-818-D,,,14.29990727,122.5702862,14.29845732,122.57165011,4,453638.4672,1581394.013,0.003,DENR-LMB via Geoportal Lot Plotter,2026-09-21,1.0.0,Reference only - not a certified monument description,Capalonga,0.0
51840,"BLLM No. 7, Pls 688 D, Capalonga Public Land Subdivision",Capalonga,0501602000,CAPALONGA,Capalonga,Camarines Norte,0501600000,BLLM,Bureau of Lands Location Monument,7,Pls-688-D,,,14.23603619,122.441028,14.23458751,122.44239367,4,439675.549,1574357.385,0.003,DENR-LMB via Geoportal Lot Plotter,2026-09-21,1.0.0,Reference only - not a certified monument description,Capalonga,0.0
51841,"BLLM No. 7, Pls 818 D, Capalonga Public Land Subdivision",Capalonga,0501602000,CAPALONGA,Capalonga,Camarines Norte,0501600000,BLLM,Bureau of Lands Location Monument,7,Pls-818-D,,,14.27864474,122.5842662,14.2771965,122.58563059,4,455142.5677,1579038.934,0.0,DENR-LMB via Geoportal Lot Plotter,2026-09-21,1.0.0,Reference only - not a certified monument description,Jose Panganiban,89.655426976986
51842,"BLLM No. 8, Pls 688 D, Capalonga Public Land Subdivision",Capalonga,0501602000,CAPALONGA,Capalonga,Camarines Norte,0501600000,BLLM,Bureau of Lands Location Monument,8,Pls-688-D,,,14.23550203,122.4408467,14.23405338,122.44221238,4,439655.8373,1574298.336,0.001,DENR-LMB via Geoportal Lot Plotter,2026-09-21,1.0.0,Reference only - not a certified monument description,Capalonga,0.0
51843,"BLLM No. 8, Pls 818 D, Capalonga Public Land Subdivision",Capalonga,0501602000,CAPALONGA,Capalonga,Camarines Norte,0501600000,BLLM,Bureau of Lands Location Monument,8,Pls-818-D,,,14.25849672,122.5839461,14.2570498,122.58531097,4,455104.0341,1576809.971,0.005,DENR-LMB via Geoportal Lot Plotter,2026-09-21,1.0.0,Reference only - not a certified monument description,Capalonga,0.0
51844,"BLLM No. 9, Pls 818 D, Capalonga Public Land Subdivision",Capalonga,0501602000,CAPALONGA,Capalonga,Camarines Norte,0501600000,BLLM,Bureau of Lands Location Monument,9,Pls-818-D,,,14.28283633,122.5489398,14.28138702,122.55030415,4,451331.7027,1579509.774,0.001,DENR-LMB via Geoportal Lot Plotter,2026-09-21,1.0.0,Reference only - not a certified monument description,Capalonga,0.0
51845,"Bdry. Mon. No. 1, Cam. Tayabas, Municipality of Capalonga, Province of Camarines Norte (Coord. In B. Basiad System)",Capalonga,0501602000,CAPALONGA,Capalonga,Camarines Norte,0501600000,BDRY,Boundary monument (inter-municipal / provincial),1,,,,14.16607497,122.3402049,14.1646286,122.34157241,4,428772.4189,1566645.633,0.002,DENR-LMB via Geoportal Lot Plotter,2026-09-21,1.0.0,Reference only - not a certified monument description,Santa Elena,9082.462075257255
51846,"CMN 1, PRS 92",Capalonga,0501602000,CAPALONGA,Capalonga,Camarines Norte,0501600000,PRS92,PRS92 geodetic control point,CMN 1,,,,14.31899925,122.5699741,14.31754804,122.57133755,4,453608.7146,1583506.279,0.005,DENR-LMB via Geoportal Lot Plotter,2026-09-21,1.0.0,Reference only - not a certified monument description,Capalonga,0.0
51847,"CMN 1 A, PRS 92",Capalonga,0501602000,CAPALONGA,Capalonga,Camarines Norte,0501600000,PRS92,PRS92 geodetic control point,CMN 1,,,,14.28455254,122.5571517,14.2831033,122.558516,4,452218.1238,1579697.937,0.002,DENR-LMB via Geoportal Lot Plotter,2026-09-21,1.0.0,Reference only - not a certified monument description,Capalonga,0.0
51848,"CMN 24, PRS 92",Capalonga,0501602000,CAPALONGA,Capalonga,Camarines Norte,0501600000,PRS92,PRS92 geodetic control point,CMN 24,,,,14.27257584,122.3936463,14.27112369,122.39501118,4,434572.4723,1578412.747,0.004,DENR-LMB via Geoportal Lot Plotter,2026-09-21,1.0.0,Reference only - not a certified monument description,Capalonga,0.0
51849,"CMN 26, PRS 92",Capalonga,0501602000,CAPALONGA,Capalonga,Camarines Norte,0501600000,PRS92,PRS92 geodetic control point,CMN 26,,,,14.29675693,122.4825701,14.2953052,122.48393425,4,444173.8495,1581064.798,0.003,DENR-LMB via Geoportal Lot Plotter,2026-09-21,1.0.0,Reference only - not a certified monument description,Capalonga,0.0
51850,"CMN 3078, PRS 92",Capalonga,0501602000,CAPALONGA,Capalonga,Camarines Norte,0501600000,PRS92,PRS92 geodetic control point,CMN 3078,,,,14.25862053,122.4448122,14.25717045,122.44617732,4,440089.9122,1576855.011,0.004,DENR-LMB via Geoportal Lot Plotter,2026-09-21,1.0.0,Reference only - not a certified monument description,Capalonga,0.0
51851,"CMN 3079, PRS 92",Capalonga,0501602000,CAPALONGA,Capalonga,Camarines Norte,0501600000,PRS92,PRS92 geodetic control point,CMN 3079,,,,14.33104574,122.4908208,14.32959195,122.49218412,4,445072.385,1584856.345,0.004,DENR-LMB via Geoportal Lot Plotter,2026-09-21,1.0.0,Reference only - not a certified monument description,Capalonga,0.0
51852,"CMN 3663, (PRS 92) Capalonga Cadastre",Capalonga,0501602000,CAPALONGA,Capalonga,Camarines Norte,0501600000,PRS92,PRS92 geodetic control point,CMN 3663,,,,14.33643855,122.5213326,14.33498509,122.52269573,4,448365.1452,1585445.948,0.005,DENR-LMB via Geoportal Lot Plotter,2026-09-21,1.0.0,Reference only - not a certified monument description,Capalonga,0.0
51853,"CMN 3554, (PRS 92) Cad 1073 D, Capalonga Cadastre",Capalonga,0501602000,CAPALONGA,Capalonga,Camarines Norte,0501600000,PRS92,PRS92 geodetic control point,CMN 3554,Cad-1073-D,,,14.28265818,122.4033011,14.28120558,122.40466573,4,435617.1534,1579525.513,0.002,DENR-LMB via Geoportal Lot Plotter,2026-09-21,1.0.0,Reference only - not a certified monument description,Capalonga,0.0
51854,"Triangulation Station Jaulo C. & G. S., Municipality of Capalonga, Province of Camarines Norte",Capalonga,0501602000,CAPALONGA,Capalonga,Camarines Norte,0501600000,TRIG,Triangulation station,Jaulo C. & G. S.,,,,14.34084556,122.4446561,14.33939008,122.44601927,4,440094.8432,1585952.0,0.001,DENR-LMB via Geoportal Lot Plotter,2026-09-21,1.0.0,Reference only - not a certified monument description,,1493.1488142975643
51855,Triangulation Station PPM 314 31 A 29th U. S. E. C.,Capalonga,0501602000,CAPALONGA,Capalonga,Camarines Norte,0501600000,TRIG,Triangulation station,PPM 314 31 A 29th U. S. E. C.,,,,14.19821667,122.4038528,14.19676963,122.40521943,4,435652.7664,1570183.178,0.002,DENR-LMB via Geoportal Lot Plotter,2026-09-21,1.0.0,Reference only - not a certified monument description,Santa Elena,4009.9763556279395
51856,"Triangulation Station Stump C. & G. S., Municipality of Capalonga, Province of Camarines Norte",Capalonga,0501602000,CAPALONGA,Capalonga,Camarines Norte,0501600000,TRIG,Triangulation station,Stump C. & G. S.,,,,14.33223611,122.5578794,14.33078376,122.55924256,4,452306.7089,1584973.174,0.005,DENR-LMB via Geoportal Lot Plotter,2026-09-21,1.0.0,Reference only - not a certified monument description,Capalonga,0.0
51857,"Triangulation Station Basiad C. & G. S., Municipality of Capalonga, Province of Camarines Norte",Capalonga,0501602000,CAPALONGA,Capalonga,Camarines Norte,0501600000,TRIG,Triangulation station,Basiad C. & G. S.,,,,14.16537583,122.4486422,14.16393197,122.45000953,4,440478.8429,1566538.002,0.002,DENR-LMB via Geoportal Lot Plotter,2026-09-21,1.0.0,Reference only - not a certified monument description,Santa Elena,4871.529619522903
51858,"Triangulation Station Hill, Municipality of Capalonga, Province of Camarines Norte",Capalonga,0501602000,CAPALONGA,Capalonga,Camarines Norte,0501600000,TRIG,Triangulation station,Hill,,,,14.32049722,122.5680444,14.31904587,122.56940782,4,453400.8434,1583672.392,0.005,DENR-LMB via Geoportal Lot Plotter,2026-09-21,1.0.0,Reference only - not a certified monument description,Capalonga,0.0
51859,"BLBM No. 2, Bo. of Poblacion, Municipality of Capalonga, Province of Camarines Norte",Capalonga,0501602000,CAPALONGA,Capalonga,Camarines Norte,0501600000,BLBM,Bureau of Lands Barrio Monument,2,,Poblacion,,14.33141111,122.4928806,14.32995734,122.4942439,4,445294.6705,1584896.279,0.005,DENR-LMB via Geoportal Lot Plotter,2026-09-21,1.0.0,Reference only - not a certified monument description,Capalonga,0.0
51860,"BBM No. 1, Pls 488 D, Daet Public Land Subdivision",Daet,0501603000,DAET,Daet,Camarines Norte,0501600000,BBM,Barrio Boundary Monument,1,Pls-488-D,,,14.10246568,122.9511085,14.10103735,122.95247637,4,494720.5996,1559508.8,0.001,DENR-LMB via Geoportal Lot Plotter,2026-09-21,1.0.0,Reference only - not a certified monument description,Daet,0.0
51861,"BBM No. 2, Pls 488 D, Daet Public Land Subdivision",Daet,0501603000,DAET,Daet,Camarines Norte,0501600000,BBM,Barrio Boundary Monument,2,Pls-488-D,,,14.11768275,122.9456041,14.11625329,122.94697162,4,494126.6158,1561192.371,0.003,DENR-LMB via Geoportal Lot Plotter,2026-09-21,1.0.0,Reference only - not a certified monument description,Daet,0.0
51862,"BBM No. 3, Pls 488 D, Daet Public Land Subdivision",Daet,0501603000,DAET,Daet,Camarines Norte,0501600000,BBM,Barrio Boundary Monument,3,Pls-488-D,,,14.123726,122.9483862,14.12229621,122.94975357,4,494427.1607,1561860.86,0.004,DENR-LMB via Geoportal Lot Plotter,2026-09-21,1.0.0,Reference only - not a certified monument description,Daet,0.0
51863,"BBM No. 4, Pls 488 D, Daet Public Land Subdivision",Daet,0501603000,DAET,Daet,Camarines Norte,0501600000,BBM,Barrio Boundary Monument,4,Pls-488-D,,,14.1227496,122.9576107,14.12132008,122.95897807,4,495423.1202,1561752.642,0.004,DENR-LMB via Geoportal Lot Plotter,2026-09-21,1.0.0,Reference only - not a certified monument description,Daet,0.0
51864,"BBM No. 5, Pls 488 D, Daet Public Land Subdivision",Daet,0501603000,DAET,Daet,Camarines Norte,0501600000,BBM,Barrio Boundary Monument,5,Pls-488-D,,,14.11814309,122.9634719,14.11671401,122.96483937,4,496055.8897,1561242.924,0.004,DENR-LMB via Geoportal Lot Plotter,2026-09-21,1.0.0,Reference only - not a certified monument description,Daet,0.0
51865,"BBM No. 6, Pls 488 D, Daet Public Land Subdivision",Daet,0501603000,DAET,Daet,Camarines Norte,0501600000,BBM,Barrio Boundary Monument,6,Pls-488-D,,,14.10553025,122.9602326,14.10410193,122.96160038,4,495705.8964,1559847.642,0.001,DENR-LMB via Geoportal Lot Plotter,2026-09-21,1.0.0,Reference only - not a certified monument description,Daet,0.0
51866,"BLBM No. 1, Bo. of Calasgasan, Municipality of Daet, Province of Camarines Norte",Daet,0501603000,DAET,Daet,Camarines Norte,0501600000,BLBM,Bureau of Lands Barrio Monument,1,,Calasgasan,,14.08793333,122.9357417,14.08650561,122.93710994,4,493060.8184,1557901.509,0.004,DENR-LMB via Geoportal Lot Plotter,2026-09-21,1.0.0,Reference only - not a certified monument description,Daet,0.0
51867,"BLBM No. 1, Bo. of Colasi, Municipality of Daet, Province of Camarines Norte",Daet,0501603000,DAET,Daet,Camarines Norte,0501600000,BLBM,Bureau of Lands Barrio Monument,1,,Colasi,,14.01300278,123.1788972,14.01158554,123.18026674,4,519325.2079,1549618.459,0.002,DENR-LMB via Geoportal Lot Plotter,2026-09-21,1.0.0,Reference only - not a certified monument description,,21563.536115553557
51868,"BLBM No. 1, Bo. of Caringo, Municipality of Daet, Province of Camarines Norte",Daet,0501603000,DAET,Daet,Camarines Norte,0501600000,BLBM,Bureau of Lands Barrio Monument,1,,Caringo,,14.04074492,123.0952678,14.03932395,123.09663685,4,510289.9717,1552682.277,0.003,DENR-LMB via Geoportal Lot Plotter,2026-09-21,1.0.0,Reference only - not a certified monument description,Mercedes,12075.96986819308
51869,"BLBM No. 1, Bo. of Dogongan, Municipality of Daet, Province of Camarines Norte",Daet,0501603000,DAET,Daet,Camarines Norte,0501600000,BLBM,Bureau of Lands Barrio Monument,1,,Dogongan,,14.10476389,122.9053222,14.10333437,122.9066901,4,489776.6056,1559764.556,0.002,DENR-LMB via Geoportal Lot Plotter,2026-09-21,1.0.0,Reference only - not a certified monument description,Daet,0.0
51870,"BLBM No. 1, Bo. of Gubat, Municipality of Daet, Province of Camarines Norte",Daet,0501603000,DAET,Daet,Camarines Norte,0501600000,BLBM,Bureau of Lands Barrio Monument,1,,Gubat,,14.11566389,122.9791111,14.11423533,122.9804786,4,497744.5064,1560968.448,0.001,DENR-LMB via Geoportal Lot Plotter,2026-09-21,1.0.0,Reference only - not a certified monument description,Mercedes,2.717872836687232
51871,"BLBM No. 1, Bo. of Mercedes, Municipality of Daet, Province of Camarines Norte",Daet,0501603000,DAET,Daet,Camarines Norte,0501600000,BLBM,Bureau of Lands Barrio Monument,1,,Mercedes,,14.11133611,123.0111361,14.10990856,123.01250364,4,501202.4527,1560489.601,0.001,DENR-LMB via Geoportal Lot Plotter,2026-09-21,1.0.0,Reference only - not a certified monument description,Mercedes,1923.6107887066944
51872,"BLBM No. 1, Bo. of Pambuhan, Municipality of Daet, Camarines Norte (Old)",Daet,0501603000,DAET,Daet,Camarines Norte,0501600000,BLBM,Bureau of Lands Barrio Monument,1,,Pambuhan,,14.06563333,123.1757083,14.06421253,123.17707659,4,518976.3986,1555440.626,0.004,DENR-LMB via Geoportal Lot Plotter,2026-09-21,1.0.0,Reference only - not a certified monument description,,19648.82207141688
51873,"BLBM No. 2, Bo. of Calasgasan, Municipality of Daet, Province of Camarines Norte",Daet,0501603000,DAET,Daet,Camarines Norte,0501600000,BLBM,Bureau of Lands Barrio Monument,2,,Calasgasan,,14.08711111,122.9347472,14.08568343,122.93611546,4,492953.4043,1557810.578,0.002,DENR-LMB via Geoportal Lot Plotter,2026-09-21,1.0.0,Reference only - not a certified monument description,Daet,0.0
51874,"BLBM No. 2, Bo. of Colasi, Municipality of Daet, Province of Camarines Norte",Daet,0501603000,DAET,Daet,Camarines Norte,0501600000,BLBM,Bureau of Lands Barrio Monument,2,,Colasi,,14.01289444,123.179,14.01147721,123.18036954,4,519336.3194,1549606.483,0.001,DENR-LMB via Geoportal Lot Plotter,2026-09-21,1.0.0,Reference only - not a certified monument description,,21578.47587066486
51875,"BLBM No. 2, Bo. of Dogongan, Municipality of Daet, Province of Camarines Norte",Daet,0501603000,DAET,Daet,Camarines Norte,0501600000,BLBM,Bureau of Lands Barrio Monument,2,,Dogongan,,14.10452222,122.9045972,14.1030927,122.90596511,4,489698.3085,1559737.853,0.002,DENR-LMB via Geoportal Lot Plotter,2026-09-21,1.0.0,Reference only - not a certified monument description,Daet,0.0
51876,"BLBM No. 2, Bo. of Gubat, Municipality of Daet, Province of Camarines Norte",Daet,0501603000,DAET,Daet,Camarines Norte,0501600000,BLBM,Bureau of Lands Barrio Monument,2,,Gubat,,14.11476111,122.97905,14.1133326,122.98041752,4,497737.899,1560868.576,0.001,DENR-LMB via Geoportal Lot Plotter,2026-09-21,1.0.0,Reference only - not a certified monument description,Mercedes,81.89898433275955
51877,"BLBM No. 2, Bo. of Matoogtoog, Municipality of Daet, Camarines Norte",Daet,0501603000,DAET,Daet,Camarines Norte,0501600000,BLBM,Bureau of Lands Barrio Monument,2,,Matoogtoog,,14.02568889,123.0348139,14.02426754,123.03618343,4,503760.5265,1551014.864,0.001,DENR-LMB via Geoportal Lot Plotter,2026-09-21,1.0.0,Reference only - not a certified monument description,Mercedes,8286.533066153655
51878,"BLBM No. 2, Bo. of Mercedes, Municipality of Daet, Province of Camarines Norte",Daet,0501603000,DAET,Daet,Camarines Norte,0501600000,BLBM,Bureau of Lands Barrio Monument,2,,Mercedes,,14.110975,123.0104611,14.10954746,123.01182865,4,501129.5695,1560449.648,0.001,DENR-LMB via Geoportal Lot Plotter,2026-09-21,1.0.0,Reference only - not a certified monument description,Mercedes,1842.4901853257247
51882,"BLBM No. 3, Bo. of Pambuhan, Municipality of Daet, Camarines Norte (Old)",Daet,0501603000,DAET,Daet,Camarines Norte,0501600000,BLBM,Bureau of Lands Barrio Monument,3,,Pambuhan,,14.06625556,123.1752056,14.06483471,123.17657388,4,518922.0475,1555509.422,0.005,DENR-LMB via Geoportal Lot Plotter,2026-09-21,1.0.0,Reference only - not a certified monument description,,19585.670138974576
51883,"BLLM No. 1, Pls 488 D, Daet Public Land Subdivision",Daet,0501603000,DAET,Daet,Camarines Norte,0501600000,BLLM,Bureau of Lands Location Monument,1,Pls-488-D,,,14.11353889,122.9543944,14.11210991,122.955762,4,495075.6596,1560733.74,0.005,DENR-LMB via Geoportal Lot Plotter,2026-09-21,1.0.0,Reference only - not a certified monument description,Daet,0.0
51884,"BLLM No. 1, Municipality of Daet, Province of Camarines Norte",Daet,0501603000,DAET,Daet,Camarines Norte,0501600000,BLLM,Bureau of Lands Location Monument,1,,,,14.11353889,122.9543944,14.11210991,122.955762,4,495075.6596,1560733.74,0.005,DENR-LMB via Geoportal Lot Plotter,2026-09-21,1.0.0,Reference only - not a certified monument description,Daet,0.0
51885,"BLLM No. 1, Pls 488 D, Daet Public Land Subdivision",Daet,0501603000,DAET,Daet,Camarines Norte,0501600000,BLLM,Bureau of Lands Location Monument,1,Pls-488-D,,,14.11353889,122.9543944,14.11210991,122.955762,4,495075.6596,1560733.74,0.005,DENR-LMB via Geoportal Lot Plotter,2026-09-21,1.0.0,Reference only - not a certified monument description,Daet,0.0
51886,"BLLM No. 1, Cad 1038 D, Daet Cadastre",Daet,0501603000,DAET,Daet,Camarines Norte,0501600000,BLLM,Bureau of Lands Location Monument,1,Cad-1038-D,,,14.11353889,122.9543944,14.11210991,122.955762,4,495075.6596,1560733.74,0.005,DENR-LMB via Geoportal Lot Plotter,2026-09-21,1.0.0,Reference only - not a certified monument description,Daet,0.0
51887,"BLLM No. 11, Pls 488 D, Daet Public Land Subdivision",Daet,0501603000,DAET,Daet,Camarines Norte,0501600000,BLLM,Bureau of Lands Location Monument,11,Pls-488-D,,,14.11264608,123.0086125,14.11121838,123.00998001,4,500929.9483,1560634.509,0.005,DENR-LMB via Geoportal Lot Plotter,2026-09-21,1.0.0,Reference only - not a certified monument description,Mercedes,1716.8538770089929
51888,"BLLM No. 12, Pls 488 D, Daet Public Land Subdivision",Daet,0501603000,DAET,Daet,Camarines Norte,0501600000,BLLM,Bureau of Lands Location Monument,12,Pls-488-D,,,14.11269122,123.0107871,14.11126357,123.0121546,4,501164.7575,1560639.513,0.003,DENR-LMB via Geoportal Lot Plotter,2026-09-21,1.0.0,Reference only - not a certified monument description,Mercedes,1936.016285177433
51889,"BLLM No. 2, Municipality of Daet, Province of Camarines Norte",Daet,0501603000,DAET,Daet,Camarines Norte,0501600000,BLLM,Bureau of Lands Location Monument,2,,,,14.11426667,122.9544111,14.11283764,122.95577868,4,495077.4749,1560814.253,0.001,DENR-LMB via Geoportal Lot Plotter,2026-09-21,1.0.0,Reference only - not a certified monument description,Daet,0.0
51890,"BLLM No. 2, Pls 488 D, Daet Public Land Subdivision",Daet,0501603000,DAET,Daet,Camarines Norte,0501600000,BLLM,Bureau of Lands Location Monument,2,Pls-488-D,,,14.11426832,122.9544097,14.11283929,122.95577728,4,495077.3252,1560814.436,0.003,DENR-LMB via Geoportal Lot Plotter,2026-09-21,1.0.0,Reference only - not a certified monument description,Daet,0.0
51891,"BLLM No. 3, Pls 488 D, Daet Public Land Subdivision",Daet,0501603000,DAET,Daet,Camarines Norte,0501600000,BLLM,Bureau of Lands Location Monument,3,Pls-488-D,,,14.08793525,122.9357292,14.08650753,122.93709744,4,493059.4704,1557901.721,0.002,DENR-LMB via Geoportal Lot Plotter,2026-09-21,1.0.0,Reference only - not a certified monument description,Daet,0.0
51892,"BLLM No. 4, Pls 488 D, Daet Public Land Subdivision",Daet,0501603000,DAET,Daet,Camarines Norte,0501600000,BLLM,Bureau of Lands Location Monument,4,Pls-488-D,,,14.08638458,122.9338973,14.08495693,122.93526558,4,492861.597,1557730.228,0.002,DENR-LMB via Geoportal Lot Plotter,2026-09-21,1.0.0,Reference only - not a certified monument description,Daet,0.0
51893,"BLLM No. 5, Pls 488 D, Daet Public Land Subdivision",Daet,0501603000,DAET,Daet,Camarines Norte,0501600000,BLLM,Bureau of Lands Location Monument,5,Pls-488-D,,,14.05461059,122.8911801,14.05318407,122.89254922,4,488246.9636,1554216.841,0.003,DENR-LMB via Geoportal Lot Plotter,2026-09-21,1.0.0,Reference only - not a certified monument description,San Lorenzo Ruiz,3643.171433658217
51894,"BLLM No. 6, Pls 488 D, Daet Public Land Subdivision",Daet,0501603000,DAET,Daet,Camarines Norte,0501600000,BLLM,Bureau of Lands Location Monument,6,Pls-488-D,,,14.05359586,122.8900405,14.05216938,122.89140965,4,488123.8279,1554104.64,0.002,DENR-LMB via Geoportal Lot Plotter,2026-09-21,1.0.0,Reference only - not a certified monument description,San Lorenzo Ruiz,3770.204521854627
51895,"BLLM No. 7, Pls 488 D, Daet Public Land Subdivision",Daet,0501603000,DAET,Daet,Camarines Norte,0501600000,BLLM,Bureau of Lands Location Monument,7,Pls-488-D,,,14.10470509,122.9051023,14.10327557,122.9064702,4,489752.8525,1559758.061,0.003,DENR-LMB via Geoportal Lot Plotter,2026-09-21,1.0.0,Reference only - not a certified monument description,Daet,0.0
51896,"BLLM No. 8, Pls 488 D, Daet Public Land Subdivision",Daet,0501603000,DAET,Daet,Camarines Norte,0501600000,BLLM,Bureau of Lands Location Monument,8,Pls-488-D,,,14.10513249,122.9066513,14.10370298,122.90801919,4,489920.1335,1559805.276,0.004,DENR-LMB via Geoportal Lot Plotter,2026-09-21,1.0.0,Reference only - not a certified monument description,Daet,0.0
51897,"Bdry. Mon. Daet Talisay, Municipality of Daet, Province of Camarines Norte",Daet,0501603000,DAET,Daet,Camarines Norte,0501600000,BDRY,Boundary monument (inter-municipal / provincial),Daet Talisay,,,,14.12700556,122.9394528,14.12557535,122.94082011,4,493462.6904,1562223.903,0.002,DENR-LMB via Geoportal Lot Plotter,2026-09-21,1.0.0,Reference only - not a certified monument description,Talisay,9.738344404397306
51898,"CMN 2, PRS 92",Daet,0501603000,DAET,Daet,Camarines Norte,0501600000,PRS92,PRS92 geodetic control point,CMN 2,,,,14.1358111,122.9813528,14.13438126,122.98271981,4,497986.7309,1563197.285,0.001,DENR-LMB via Geoportal Lot Plotter,2026-09-21,1.0.0,Reference only - not a certified monument description,Daet,0.0
51899,"CMN 3, PRS 92",Daet,0501603000,DAET,Daet,Camarines Norte,0501600000,PRS92,PRS92 geodetic control point,CMN 3,,,,14.09407603,122.9556822,14.09264836,122.95705026,4,495214.297,1558580.568,0.005,DENR-LMB via Geoportal Lot Plotter,2026-09-21,1.0.0,Reference only - not a certified monument description,Daet,0.0
51900,"CMN 3092, PRS 92",Daet,0501603000,DAET,Daet,Camarines Norte,0501600000,PRS92,PRS92 geodetic control point,CMN 3092,,,,14.11411174,122.9420411,14.11268244,122.94340871,4,493741.8028,1560797.408,0.002,DENR-LMB via Geoportal Lot Plotter,2026-09-21,1.0.0,Reference only - not a certified monument description,Daet,0.0
51901,"MBM No. 1, Pls 488 D, Daet Public Land Subdivision",Daet,0501603000,DAET,Daet,Camarines Norte,0501600000,MBM,Municipal Boundary Monument,1,Pls-488-D,,,14.090107,122.9559364,14.0886796,122.95730455,4,495241.6686,1558141.477,0.001,DENR-LMB via Geoportal Lot Plotter,2026-09-21,1.0.0,Reference only - not a certified monument description,Daet,0.0
51902,"MBM No. 10, Pls 488 D, Daet Public Land Subdivision",Daet,0501603000,DAET,Daet,Camarines Norte,0501600000,MBM,Municipal Boundary Monument,10,Pls-488-D,,,14.14793826,122.9624805,14.14650719,122.96384726,4,495949.3757,1564539.141,0.001,DENR-LMB via Geoportal Lot Plotter,2026-09-21,1.0.0,Reference only - not a certified monument description,Talisay,222.07297228692264
51903,"MBM No. 11, Pls 488 D, Daet Public Land Subdivision",Daet,0501603000,DAET,Daet,Camarines Norte,0501600000,MBM,Municipal Boundary Monument,11,Pls-488-D,,,14.14373063,122.9792779,14.14230022,122.98064473,4,497762.7946,1564073.432,0.005,DENR-LMB via Geoportal Lot Plotter,2026-09-21,1.0.0,Reference only - not a certified monument description,Daet,0.0
51904,"MBM No. 2, Pls 488 D, Daet Public Land Subdivision",Daet,0501603000,DAET,Daet,Camarines Norte,0501600000,MBM,Municipal Boundary Monument,2,Pls-488-D,,,14.08440587,122.9454449,14.08297861,122.94681321,4,494108.5728,1557511.007,0.004,DENR-LMB via Geoportal Lot Plotter,2026-09-21,1.0.0,Reference only - not a certified monument description,Daet,0.0
51905,"MBM No. 3, Pls 488 D, Daet Public Land Subdivision",Daet,0501603000,DAET,Daet,Camarines Norte,0501600000,MBM,Municipal Boundary Monument,3,Pls-488-D,,,14.07922225,122.9447655,14.07779532,122.94613393,4,494035.0654,1556937.57,0.0,DENR-LMB via Geoportal Lot Plotter,2026-09-21,1.0.0,Reference only - not a certified monument description,Basud,36.679613565308884
51906,"MBM No. 6, Pls 488 D, Daet Public Land Subdivision",Daet,0501603000,DAET,Daet,Camarines Norte,0501600000,MBM,Municipal Boundary Monument,6,Pls-488-D,,,14.10732155,122.8965588,14.10589167,122.89792666,4,488830.4435,1560047.906,0.003,DENR-LMB via Geoportal Lot Plotter,2026-09-21,1.0.0,Reference only - not a certified monument description,Daet,0.0
51907,"MBM No. 7, Pls 488 D, Daet Public Land Subdivision",Daet,0501603000,DAET,Daet,Camarines Norte,0501600000,MBM,Municipal Boundary Monument,7,Pls-488-D,,,14.11596744,122.8996205,14.11453705,122.90098815,4,489161.453,1561004.245,0.004,DENR-LMB via Geoportal Lot Plotter,2026-09-21,1.0.0,Reference only - not a certified monument description,Talisay,50.91207537120236
51908,"MBM No. 8, Pls 488 D, Daet Public Land Subdivision",Daet,0501603000,DAET,Daet,Camarines Norte,0501600000,MBM,Municipal Boundary Monument,8,Pls-488-D,,,14.11520532,122.9185117,14.11377541,122.91987933,4,491201.217,1560919.143,0.002,DENR-LMB via Geoportal Lot Plotter,2026-09-21,1.0.0,Reference only - not a certified monument description,Daet,0.0
51909,"MBM No. 9, Pls 488 D, Daet Public Land Subdivision",Daet,0501603000,DAET,Daet,Camarines Norte,0501600000,MBM,Municipal Boundary Monument,9,Pls-488-D,,,14.12701627,122.9392689,14.12558605,122.94063621,4,493442.8402,1562225.093,0.003,DENR-LMB via Geoportal Lot Plotter,2026-09-21,1.0.0,Reference only - not a certified monument description,Talisay,22.183511581246265
51910,"BBM No. 1, Cad 693 D, Imelda Cadastre",San Lorenzo Ruiz,0501604000,IMELDA,Imelda,Camarines Norte,0501600000,BBM,Barrio Boundary Monument,1,Cad-693-D,,,14.0388597,122.8687966,14.03743371,122.87016614,4,485828.47,1552475.58,0.0,DENR-LMB via Geoportal Lot Plotter,2026-09-21,1.0.0,Reference only - not a certified monument description,San Lorenzo Ruiz,0.0
51911,"BBM No. 10, Cad 693 D, Imelda Cadastre",San Lorenzo Ruiz,0501604000,IMELDA,Imelda,Camarines Norte,0501600000,BBM,Barrio Boundary Monument,10,Cad-693-D,,,14.06627576,122.90787,14.06484884,122.90923881,4,490050.05,1555506.57,0.001,DENR-LMB via Geoportal Lot Plotter,2026-09-21,1.0.0,Reference only - not a certified monument description,San Lorenzo Ruiz,0.0
51912,"BBM No. 11, Cad 693 D, Imelda Cadastre",San Lorenzo Ruiz,0501604000,IMELDA,Imelda,Camarines Norte,0501600000,BBM,Barrio Boundary Monument,11,Cad-693-D,,,14.05685142,122.9091263,14.05542515,122.91049534,4,490185.33,1554463.92,0.002,DENR-LMB via Geoportal Lot Plotter,2026-09-21,1.0.0,Reference only - not a certified monument description,San Lorenzo Ruiz,0.0
51913,"BBM No. 12, Cad 693 D, Imelda Cadastre",San Lorenzo Ruiz,0501604000,IMELDA,Imelda,Camarines Norte,0501600000,BBM,Barrio Boundary Monument,12,Cad-693-D,,,14.0576501,122.9057304,14.05622371,122.90709942,4,489818.59,1554552.42,0.005,DENR-LMB via Geoportal Lot Plotter,2026-09-21,1.0.0,Reference only - not a certified monument description,San Lorenzo Ruiz,0.0
51914,"BBM No. 13, Cad 693 D, Imelda Cadastre",San Lorenzo Ruiz,0501604000,IMELDA,Imelda,Camarines Norte,0501600000,BBM,Barrio Boundary Monument,13,Cad-693-D,,,14.05332009,122.8962361,14.05189377,122.89760525,4,488792.97,1554073.83,0.0,DENR-LMB via Geoportal Lot Plotter,2026-09-21,1.0.0,Reference only - not a certified monument description,San Lorenzo Ruiz,0.0
51915,"BBM No. 14, Cad 693 D, Imelda Cadastre",San Lorenzo Ruiz,0501604000,IMELDA,Imelda,Camarines Norte,0501600000,BBM,Barrio Boundary Monument,14,Cad-693-D,,,14.03607807,122.8673731,14.03465223,122.86874271,4,485674.54,1552167.94,0.002,DENR-LMB via Geoportal Lot Plotter,2026-09-21,1.0.0,Reference only - not a certified monument description,San Lorenzo Ruiz,0.0
51916,"BBM No. 15, Cad 693 D, Imelda Cadastre",San Lorenzo Ruiz,0501604000,IMELDA,Imelda,Camarines Norte,0501600000,BBM,Barrio Boundary Monument,15,Cad-693-D,,,14.02942462,122.8589396,14.02799903,122.86030939,4,484763.17,1551432.41,0.002,DENR-LMB via Geoportal Lot Plotter,2026-09-21,1.0.0,Reference only - not a certified monument description,San Lorenzo Ruiz,0.0
51917,"BBM No. 16, Cad 693 D, Imelda Cadastre",San Lorenzo Ruiz,0501604000,IMELDA,Imelda,Camarines Norte,0501600000,BBM,Barrio Boundary Monument,16,Cad-693-D,,,14.03196039,122.8562837,14.03053457,122.85765343,4,484476.46,1551713.11,0.002,DENR-LMB via Geoportal Lot Plotter,2026-09-21,1.0.0,Reference only - not a certified monument description,San Lorenzo Ruiz,0.0
51918,"BBM No. 19, Cad 693 D, Imelda Cadastre",San Lorenzo Ruiz,0501604000,IMELDA,Imelda,Camarines Norte,0501600000,BBM,Barrio Boundary Monument,19,Cad-693-D,,,14.00126401,122.8511088,13.9998401,122.85247927,4,483915.36,1548317.58,0.005,DENR-LMB via Geoportal Lot Plotter,2026-09-21,1.0.0,Reference only - not a certified monument description,San Lorenzo Ruiz,0.0
51919,"BBM No. 2, Cad 693 D, Imelda Cadastre",San Lorenzo Ruiz,0501604000,IMELDA,Imelda,Camarines Norte,0501600000,BBM,Barrio Boundary Monument,2,Cad-693-D,,,14.04246024,122.868486,14.041034,122.86985546,4,485795.14,1552873.92,0.004,DENR-LMB via Geoportal Lot Plotter,2026-09-21,1.0.0,Reference only - not a certified monument description,San Lorenzo Ruiz,0.0
51920,"BBM No. 20, Cad 693 D, Imelda Cadastre",San Lorenzo Ruiz,0501604000,IMELDA,Imelda,Camarines Norte,0501600000,BBM,Barrio Boundary Monument,20,Cad-693-D,,,13.98449256,122.8796994,13.98307041,122.88107022,4,487003.05,1546460.44,0.003,DENR-LMB via Geoportal Lot Plotter,2026-09-21,1.0.0,Reference only - not a certified monument description,San Lorenzo Ruiz,0.0
51921,"BBM No. 21, Cad 693 D, Imelda Cadastre",San Lorenzo Ruiz,0501604000,IMELDA,Imelda,Camarines Norte,0501600000,BBM,Barrio Boundary Monument,21,Cad-693-D,,,13.96967487,122.8791016,13.96825369,122.88047277,4,486937.63,1544821.23,0.004,DENR-LMB via Geoportal Lot Plotter,2026-09-21,1.0.0,Reference only - not a certified monument description,Lupi,48.522636244436114
51922,"BBM No. 22, Cad 693 D, Imelda Cadastre",San Lorenzo Ruiz,0501604000,IMELDA,Imelda,Camarines Norte,0501600000,BBM,Barrio Boundary Monument,22,Cad-693-D,,,13.95651664,122.8895721,13.95509657,122.89094357,4,488068.23,1543365.02,0.002,DENR-LMB via Geoportal Lot Plotter,2026-09-21,1.0.0,Reference only - not a certified monument description,Lupi,693.3309517549178
51923,"BBM No. 23, Cad 693 D, Imelda Cadastre",San Lorenzo Ruiz,0501604000,IMELDA,Imelda,Camarines Norte,0501600000,BBM,Barrio Boundary Monument,23,Cad-693-D,,,13.96192265,122.9092538,13.96050267,122.9106251,4,490195.07,1543962.17,0.003,DENR-LMB via Geoportal Lot Plotter,2026-09-21,1.0.0,Reference only - not a certified monument description,San Lorenzo Ruiz,0.0
51924,"BBM No. 24, Cad 693 D, Imelda Cadastre",San Lorenzo Ruiz,0501604000,IMELDA,Imelda,Camarines Norte,0501600000,BBM,Barrio Boundary Monument,24,Cad-693-D,,,13.95188614,122.9059384,13.95046675,122.90730994,4,489836.41,1542852.0,0.001,DENR-LMB via Geoportal Lot Plotter,2026-09-21,1.0.0,Reference only - not a certified monument description,San Lorenzo Ruiz,0.0
51925,"BBM No. 3, Cad 693 D, Imelda Cadastre",San Lorenzo Ruiz,0501604000,IMELDA,Imelda,Camarines Norte,0501600000,BBM,Barrio Boundary Monument,3,Cad-693-D,,,14.0559875,122.8891267,14.05456084,122.8904958,4,488025.26,1554369.27,0.004,DENR-LMB via Geoportal Lot Plotter,2026-09-21,1.0.0,Reference only - not a certified monument description,San Lorenzo Ruiz,0.0
51926,"BBM No. 4, Cad 693 D, Imelda Cadastre",San Lorenzo Ruiz,0501604000,IMELDA,Imelda,Camarines Norte,0501600000,BBM,Barrio Boundary Monument,4,Cad-693-D,,,14.05572657,122.8918007,14.05429999,122.8931698,4,488314.04,1554340.27,0.005,DENR-LMB via Geoportal Lot Plotter,2026-09-21,1.0.0,Reference only - not a certified monument description,San Lorenzo Ruiz,0.0
51927,"BBM No. 5, Cad 693 D, Imelda Cadastre",San Lorenzo Ruiz,0501604000,IMELDA,Imelda,Camarines Norte,0501600000,BBM,Barrio Boundary Monument,5,Cad-693-D,,,14.0491785,122.8936196,14.04775239,122.89498885,4,488510.17,1553615.78,0.003,DENR-LMB via Geoportal Lot Plotter,2026-09-21,1.0.0,Reference only - not a certified monument description,San Lorenzo Ruiz,0.0
51928,"BBM No. 8, Cad 693 D, Imelda Cadastre",San Lorenzo Ruiz,0501604000,IMELDA,Imelda,Camarines Norte,0501600000,BBM,Barrio Boundary Monument,8,Cad-693-D,,,14.06748594,122.9048153,14.06605887,122.90618409,4,489720.2,1555640.58,0.001,DENR-LMB via Geoportal Lot Plotter,2026-09-21,1.0.0,Reference only - not a certified monument description,San Lorenzo Ruiz,0.0
51929,"BBM No. 9, Cad 693 D, Imelda Cadastre",San Lorenzo Ruiz,0501604000,IMELDA,Imelda,Camarines Norte,0501600000,BBM,Barrio Boundary Monument,9,Cad-693-D,,,14.07772137,122.9202212,14.07629398,122.92158972,4,491384.4,1556772.29,0.002,DENR-LMB via Geoportal Lot Plotter,2026-09-21,1.0.0,Reference only - not a certified monument description,San Lorenzo Ruiz,0.0
51930,"BLLM No. 1, Cad 693 D, Imelda Cadastre",San Lorenzo Ruiz,0501604000,IMELDA,Imelda,Camarines Norte,0501600000,BLLM,Bureau of Lands Location Monument,1,Cad-693-D,,,14.03727472,122.8637422,14.03584872,122.86511179,4,485282.4354,1552300.546,0.002,DENR-LMB via Geoportal Lot Plotter,2026-09-21,1.0.0,Reference only - not a certified monument description,San Lorenzo Ruiz,0.0
51931,"BLLM No. 10, Cad 693 D, Imelda Cadastre",San Lorenzo Ruiz,0501604000,IMELDA,Imelda,Camarines Norte,0501600000,BLLM,Bureau of Lands Location Monument,10,Cad-693-D,,,13.96291574,122.8811312,13.96149505,122.88250253,4,487156.54,1544073.375,0.001,DENR-LMB via Geoportal Lot Plotter,2026-09-21,1.0.0,Reference only - not a certified monument description,Lupi,665.3037948876355
51932,"BLLM No. 11, Cad 693 D, Imelda Cadastre",San Lorenzo Ruiz,0501604000,IMELDA,Imelda,Camarines Norte,0501600000,BLLM,Bureau of Lands Location Monument,11,Cad-693-D,,,13.98920702,122.8610414,13.98778414,122.86241214,4,484987.593,1546983.091,0.004,DENR-LMB via Geoportal Lot Plotter,2026-09-21,1.0.0,Reference only - not a certified monument description,San Lorenzo Ruiz,0.0
51933,"BLLM No. 12, Cad 693 D, Imelda Cadastre",San Lorenzo Ruiz,0501604000,IMELDA,Imelda,Camarines Norte,0501600000,BLLM,Bureau of Lands Location Monument,12,Cad-693-D,,,13.98971939,122.8597619,13.98829644,122.86113263,4,484849.394,1547039.855,0.003,DENR-LMB via Geoportal Lot Plotter,2026-09-21,1.0.0,Reference only - not a certified monument description,San Lorenzo Ruiz,0.0
51934,"BLLM No. 2, Cad 693 D, Imelda Cadastre",San Lorenzo Ruiz,0501604000,IMELDA,Imelda,Camarines Norte,0501600000,BLLM,Bureau of Lands Location Monument,2,Cad-693-D,,,14.03771154,122.8648305,14.03628553,122.86620008,4,485400.007,1552348.803,0.004,DENR-LMB via Geoportal Lot Plotter,2026-09-21,1.0.0,Reference only - not a certified monument description,San Lorenzo Ruiz,0.0
51935,"BLLM No. 3, Cad 693 D, Imelda Cadastre",San Lorenzo Ruiz,0501604000,IMELDA,Imelda,Camarines Norte,0501600000,BLLM,Bureau of Lands Location Monument,3,Cad-693-D,,,14.0535961,122.8900397,14.05216962,122.89140885,4,488123.741,1554104.668,0.001,DENR-LMB via Geoportal Lot Plotter,2026-09-21,1.0.0,Reference only - not a certified monument description,San Lorenzo Ruiz,0.0
51936,"BLLM No. 4, Cad 693 D, Imelda Cadastre",San Lorenzo Ruiz,0501604000,IMELDA,Imelda,Camarines Norte,0501600000,BLLM,Bureau of Lands Location Monument,4,Cad-693-D,,,14.05461055,122.89118,14.05318403,122.89254913,4,488246.95,1554216.837,0.0,DENR-LMB via Geoportal Lot Plotter,2026-09-21,1.0.0,Reference only - not a certified monument description,San Lorenzo Ruiz,0.0
51937,"BLLM No. 7, Cad 693 D, Imelda Cadastre",San Lorenzo Ruiz,0501604000,IMELDA,Imelda,Camarines Norte,0501600000,BLLM,Bureau of Lands Location Monument,7,Cad-693-D,,,13.96912081,122.9179137,13.96770055,122.91928481,4,491131.031,1544758.142,0.001,DENR-LMB via Geoportal Lot Plotter,2026-09-21,1.0.0,Reference only - not a certified monument description,San Lorenzo Ruiz,0.0
51938,"BLLM No. 8, Cad 693 D, Imelda Cadastre",San Lorenzo Ruiz,0501604000,IMELDA,Imelda,Camarines Norte,0501600000,BLLM,Bureau of Lands Location Monument,8,Cad-693-D,,,13.96784052,122.9187745,13.96642036,122.92014564,4,491223.987,1544616.475,0.001,DENR-LMB via Geoportal Lot Plotter,2026-09-21,1.0.0,Reference only - not a certified monument description,San Lorenzo Ruiz,0.0
51939,"BLLM No. 9, Cad 693 D, Imelda Cadastre",San Lorenzo Ruiz,0501604000,IMELDA,Imelda,Camarines Norte,0501600000,BLLM,Bureau of Lands Location Monument,9,Cad-693-D,,,13.96295303,122.8824567,13.96153237,122.88382803,4,487299.759,1544077.428,0.001,DENR-LMB via Geoportal Lot Plotter,2026-09-21,1.0.0,Reference only - not a certified monument description,Lupi,609.3718456647857
51940,"MBM No. 10, Cad 693 D, Imelda Cadastre",San Lorenzo Ruiz,0501604000,IMELDA,Imelda,Camarines Norte,0501600000,MBM,Municipal Boundary Monument,10,Cad-693-D,,,13.99588702,122.8797198,13.99446412,122.88109035,4,487005.89,1547720.98,0.001,DENR-LMB via Geoportal Lot Plotter,2026-09-21,1.0.0,Reference only - not a certified monument description,Basud,45.55012743625717
51941,"MBM No. 11, Cad 693 D, Imelda Cadastre",San Lorenzo Ruiz,0501604000,IMELDA,Imelda,Camarines Norte,0501600000,MBM,Municipal Boundary Monument,11,Cad-693-D,,,13.9908221,122.8851326,13.98939966,122.88650326,4,487590.38,1547160.37,0.005,DENR-LMB via Geoportal Lot Plotter,2026-09-21,1.0.0,Reference only - not a certified monument description,Basud,5.438427773239983
51942,"MBM No. 12, Cad 693 D, Imelda Cadastre",San Lorenzo Ruiz,0501604000,IMELDA,Imelda,Camarines Norte,0501600000,MBM,Municipal Boundary Monument,12,Cad-693-D,,,13.97808897,122.9164648,13.97666808,122.9178357,4,490974.83,1545750.32,0.005,DENR-LMB via Geoportal Lot Plotter,2026-09-21,1.0.0,Reference only - not a certified monument description,San Lorenzo Ruiz,0.0
51943,"MBM No. 13, Cad 693 D, Imelda Cadastre",San Lorenzo Ruiz,0501604000,IMELDA,Imelda,Camarines Norte,0501600000,MBM,Municipal Boundary Monument,13,Cad-693-D,,,13.98018139,122.9218577,13.97876049,122.92322854,4,491557.56,1545981.6,0.002,DENR-LMB via Geoportal Lot Plotter,2026-09-21,1.0.0,Reference only - not a certified monument description,Basud,53.667662249739706
51944,"MBM No. 14, Cad 693 D, Imelda Cadastre",San Lorenzo Ruiz,0501604000,IMELDA,Imelda,Camarines Norte,0501600000,MBM,Municipal Boundary Monument,14,Cad-693-D,,,13.97525737,122.9273751,13.97383692,122.92874604,4,492153.49,1545436.68,0.002,DENR-LMB via Geoportal Lot Plotter,2026-09-21,1.0.0,Reference only - not a certified monument description,San Lorenzo Ruiz,0.0
51945,"MBM No. 15, Cad 693 D, Imelda Cadastre",San Lorenzo Ruiz,0501604000,IMELDA,Imelda,Camarines Norte,0501600000,MBM,Municipal Boundary Monument,15,Cad-693-D,,,13.95714566,122.9227543,13.9557263,122.92412568,4,491653.6,1543433.19,0.001,DENR-LMB via Geoportal Lot Plotter,2026-09-21,1.0.0,Reference only - not a certified monument description,San Lorenzo Ruiz,0.0
51946,"MBM No. 16, Cad 693 D, Imelda Cadastre",San Lorenzo Ruiz,0501604000,IMELDA,Imelda,Camarines Norte,0501600000,MBM,Municipal Boundary Monument,16,Cad-693-D,,,13.94546893,122.9198815,13.94405028,122.92125317,4,491342.76,1542141.53,0.001,DENR-LMB via Geoportal Lot Plotter,2026-09-21,1.0.0,Reference only - not a certified monument description,San Lorenzo Ruiz,0.0
51947,"MBM No. 17, Cad 693 D, Imelda Cadastre",San Lorenzo Ruiz,0501604000,IMELDA,Imelda,Camarines Norte,0501600000,MBM,Municipal Boundary Monument,17,Cad-693-D,,,13.94006927,122.915647,13.93865088,122.91701881,4,490884.99,1541544.34,0.004,DENR-LMB via Geoportal Lot Plotter,2026-09-21,1.0.0,Reference only - not a certified monument description,Lupi,307.51251630278097
51948,"MBM No. 18, Cad 693 D, Imelda Cadastre",San Lorenzo Ruiz,0501604000,IMELDA,Imelda,Camarines Norte,0501600000,MBM,Municipal Boundary Monument,18,Cad-693-D,,,13.9515495,122.8848684,13.95012965,122.88623999,4,487559.72,1542815.76,0.005,DENR-LMB via Geoportal Lot Plotter,2026-09-21,1.0.0,Reference only - not a certified monument description,Lupi,1429.1556442089848
51949,"MBM No. 19, Cad 693 D, Imelda Cadastre",San Lorenzo Ruiz,0501604000,IMELDA,Imelda,Camarines Norte,0501600000,MBM,Municipal Boundary Monument,19,Cad-693-D,,,13.9600926,122.8758443,13.95867198,122.87721571,4,486585.14,1543761.35,0.001,DENR-LMB via Geoportal Lot Plotter,2026-09-21,1.0.0,Reference only - not a certified monument description,Lupi,1163.987731246723
51950,"MBM No. 2, Cad 693 D, Imelda Cadastre",San Lorenzo Ruiz,0501604000,IMELDA,Imelda,Camarines Norte,0501600000,MBM,Municipal Boundary Monument,2,Cad-693-D,,,14.08078703,122.9188157,14.0793594,122.92018415,4,491232.73,1557111.49,0.001,DENR-LMB via Geoportal Lot Plotter,2026-09-21,1.0.0,Reference only - not a certified monument description,Daet,41.23078000272208
51951,"MBM No. 3, Cad 693 D, Imelda Cadastre",San Lorenzo Ruiz,0501604000,IMELDA,Imelda,Camarines Norte,0501600000,MBM,Municipal Boundary Monument,3,Cad-693-D,,,14.07177693,122.9355927,14.07035028,122.93696133,4,493044.24,1556114.16,0.003,DENR-LMB via Geoportal Lot Plotter,2026-09-21,1.0.0,Reference only - not a certified monument description,Basud,773.6055162650695
51952,"MBM No. 5, Cad 693 D, Imelda Cadastre",San Lorenzo Ruiz,0501604000,IMELDA,Imelda,Camarines Norte,0501600000,MBM,Municipal Boundary Monument,5,Cad-693-D,,,14.05266801,122.9110173,14.05124206,122.91238643,4,490389.39,1554001.04,0.001,DENR-LMB via Geoportal Lot Plotter,2026-09-21,1.0.0,Reference only - not a certified monument description,San Lorenzo Ruiz,0.0
51953,"MBM No. 6, Cad 693 D, Imelda Cadastre",San Lorenzo Ruiz,0501604000,IMELDA,Imelda,Camarines Norte,0501600000,MBM,Municipal Boundary Monument,6,Cad-693-D,,,14.04936004,122.9094454,14.04793428,122.91081461,4,490219.47,1553635.15,0.004,DENR-LMB via Geoportal Lot Plotter,2026-09-21,1.0.0,Reference only - not a certified monument description,San Lorenzo Ruiz,0.0
51954,"MBM No. 8, Cad 693 D, Imelda Cadastre",San Lorenzo Ruiz,0501604000,IMELDA,Imelda,Camarines Norte,0501600000,MBM,Municipal Boundary Monument,8,Cad-693-D,,,14.03122324,122.8962472,14.02979838,122.89761687,4,488793.09,1551629.3,0.004,DENR-LMB via Geoportal Lot Plotter,2026-09-21,1.0.0,Reference only - not a certified monument description,Basud,382.6219047528969
51955,"PBM No. 2, Cad 693 D, Imelda Cadastre",San Lorenzo Ruiz,0501604000,IMELDA,Imelda,Camarines Norte,0501600000,PBM,Provincial Boundary Monument,2,Cad-693-D,,,13.9600926,122.8758443,13.95867198,122.87721571,4,486585.14,1543761.35,0.001,DENR-LMB via Geoportal Lot Plotter,2026-09-21,1.0.0,Reference only - not a certified monument description,Lupi,1163.987731246723
51956,"PBM No. 3, Cad 693 D, Imelda Cadastre",San Lorenzo Ruiz,0501604000,IMELDA,Imelda,Camarines Norte,0501600000,PBM,Provincial Boundary Monument,3,Cad-693-D,,,13.9515495,122.8848684,13.95012965,122.88623999,4,487559.72,1542815.76,0.005,DENR-LMB via Geoportal Lot Plotter,2026-09-21,1.0.0,Reference only - not a certified monument description,Lupi,1429.1556442089848
51957,"PBM No. 4, Cad 693 D, Imelda Cadastre",San Lorenzo Ruiz,0501604000,IMELDA,Imelda,Camarines Norte,0501600000,PBM,Provincial Boundary Monument,4,Cad-693-D,,,13.94006927,122.915647,13.93865088,122.91701881,4,490884.99,1541544.34,0.004,DENR-LMB via Geoportal Lot Plotter,2026-09-21,1.0.0,Reference only - not a certified monument description,Lupi,307.51251630278097
51958,"BBM No. 13, Cad 1071 D Jose Panganiban Cadastre",Jose Panganiban,0501605000,JOSE PANGANIBAN,Jose Panganiban,Camarines Norte,0501600000,BBM,Barrio Boundary Monument,13,Cad-1071-D,,,14.28415278,122.6974444,14.28270674,122.69880844,4,467355.3467,1579629.416,0.005,DENR-LMB via Geoportal Lot Plotter,2026-09-21,1.0.0,Reference only - not a certified monument description,Jose Panganiban,0.0
51959,"BLBM No. 1, Bo. of Lingka, Municipality of Jose Panganiban, Province of Camarines Norte (Sitio)",Jose Panganiban,0501605000,JOSE PANGANIBAN,Jose Panganiban,Camarines Norte,0501600000,BLBM,Bureau of Lands Barrio Monument,1,,Lingka,,14.26202077,122.6474973,14.26057505,122.64886196,4,461962.4652,1577188.513,0.005,DENR-LMB via Geoportal Lot Plotter,2026-09-21,1.0.0,Reference only - not a certified monument description,Jose Panganiban,0.0
51960,"BLBM No. 1, Bo. of Maglagonlong, Municipality of Jose Panganiban, Province of Camarines Norte (Sitio)",Jose Panganiban,0501605000,JOSE PANGANIBAN,Jose Panganiban,Camarines Norte,0501600000,BLBM,Bureau of Lands Barrio Monument,1,,Maglagonlong,,14.2923733,122.6105467,14.29092475,122.61191071,4,457980.8091,1580552.842,0.003,DENR-LMB via Geoportal Lot Plotter,2026-09-21,1.0.0,Reference only - not a certified monument description,Jose Panganiban,0.0
51961,"BLBM No. 1, Bo. of San Rafael, Municipality of Jose Panganiban, Province of Camarines Norte",Jose Panganiban,0501605000,JOSE PANGANIBAN,Jose Panganiban,Camarines Norte,0501600000,BLBM,Bureau of Lands Barrio Monument,1,,San Rafael,,14.27172306,122.6691599,14.27027719,122.67052429,4,464301.5624,1578258.458,0.003,DENR-LMB via Geoportal Lot Plotter,2026-09-21,1.0.0,Reference only - not a certified monument description,Jose Panganiban,0.0
51962,"BLBM No. 2, Bo. of Lingka, Municipality of Jose Panganiban, Province of Camarines Norte (Sitio)",Jose Panganiban,0501605000,JOSE PANGANIBAN,Jose Panganiban,Camarines Norte,0501600000,BLBM,Bureau of Lands Barrio Monument,2,,Lingka,,14.26158794,122.6477023,14.26014226,122.64906697,4,461984.5108,1577140.595,0.002,DENR-LMB via Geoportal Lot Plotter,2026-09-21,1.0.0,Reference only - not a certified monument description,Jose Panganiban,0.0
51963,"BLBM No. 2, Bo. of Maglagonlong, Municipality of Jose Panganiban, Province of Camarines Norte (Sitio)",Jose Panganiban,0501605000,JOSE PANGANIBAN,Jose Panganiban,Camarines Norte,0501600000,BLBM,Bureau of Lands Barrio Monument,2,,Maglagonlong,,14.29283082,122.6096974,14.29138222,122.6110614,4,457889.2592,1580603.613,0.003,DENR-LMB via Geoportal Lot Plotter,2026-09-21,1.0.0,Reference only - not a certified monument description,Jose Panganiban,0.0
51964,"BLBM No. 2, Bo. of San Rafael, Municipality of Jose Panganiban, Province of Camarines Norte",Jose Panganiban,0501605000,JOSE PANGANIBAN,Jose Panganiban,Camarines Norte,0501600000,BLBM,Bureau of Lands Barrio Monument,2,,San Rafael,,14.2717475,122.6686004,14.27030162,122.66996479,4,464241.1881,1578261.248,0.003,DENR-LMB via Geoportal Lot Plotter,2026-09-21,1.0.0,Reference only - not a certified monument description,Jose Panganiban,0.0
51965,"BLLM No. 1, Municipality of Jose Panganiban, Province of Camarines Norte",Jose Panganiban,0501605000,JOSE PANGANIBAN,Jose Panganiban,Camarines Norte,0501600000,BLLM,Bureau of Lands Location Monument,1,,,,14.29257222,122.6908111,14.29112547,122.69217495,4,466640.8685,1580561.814,0.001,DENR-LMB via Geoportal Lot Plotter,2026-09-21,1.0.0,Reference only - not a certified monument description,Jose Panganiban,0.0
51966,"BLLM No. 1, Cad 1071 D, Jose Panganiban Cadastre",Jose Panganiban,0501605000,JOSE PANGANIBAN,Jose Panganiban,Camarines Norte,0501600000,BLLM,Bureau of Lands Location Monument,1,Cad-1071-D,,,14.28992,122.6908389,14.28847343,122.69220282,4,466643.4747,1580268.391,0.001,DENR-LMB via Geoportal Lot Plotter,2026-09-21,1.0.0,Reference only - not a certified monument description,Jose Panganiban,0.0
51967,"BLLM No. 1, Pls 819, Jose Panganiban Public Land Subdivision",Jose Panganiban,0501605000,JOSE PANGANIBAN,Jose Panganiban,Camarines Norte,0501600000,BLLM,Bureau of Lands Location Monument,1,Pls-819,,,14.29257222,122.6908111,14.29112547,122.69217495,4,466640.8685,1580561.814,0.001,DENR-LMB via Geoportal Lot Plotter,2026-09-21,1.0.0,Reference only - not a certified monument description,Jose Panganiban,0.0
51968,"BLLM No. 1, Pls 819 D, Jose Panganiban Public Land Subdivision",Jose Panganiban,0501605000,JOSE PANGANIBAN,Jose Panganiban,Camarines Norte,0501600000,BLLM,Bureau of Lands Location Monument,1,Pls-819-D,,,14.26176139,122.6517989,14.26031579,122.65316356,4,462426.5942,1577159.118,0.001,DENR-LMB via Geoportal Lot Plotter,2026-09-21,1.0.0,Reference only - not a certified monument description,Jose Panganiban,0.0
51969,"BLLM No. 2, Municipality of Jose Panganiban, Province of Camarines Norte",Jose Panganiban,0501605000,JOSE PANGANIBAN,Jose Panganiban,Camarines Norte,0501600000,BLLM,Bureau of Lands Location Monument,2,,,,14.29195443,122.6902062,14.29050771,122.69157007,4,466575.5098,1580493.554,0.002,DENR-LMB via Geoportal Lot Plotter,2026-09-21,1.0.0,Reference only - not a certified monument description,Jose Panganiban,0.0
51970,"BLLM No. 2, Pls 819 D, Jose Panganiban Public Land Subdivision",Jose Panganiban,0501605000,JOSE PANGANIBAN,Jose Panganiban,Camarines Norte,0501600000,BLLM,Bureau of Lands Location Monument,2,Pls-819-D,,,14.26300349,122.6514723,14.2615578,122.65283693,4,462391.5611,1577296.586,0.003,DENR-LMB via Geoportal Lot Plotter,2026-09-21,1.0.0,Reference only - not a certified monument description,Jose Panganiban,0.0
51971,"BLLM No. 3, Pls 819 D, Jose Panganiban Public Land Subdivision",Jose Panganiban,0501605000,JOSE PANGANIBAN,Jose Panganiban,Camarines Norte,0501600000,BLLM,Bureau of Lands Location Monument,3,Pls-819-D,,,14.20021471,122.6747778,14.19877367,122.67614388,4,464896.7053,1570346.549,0.002,DENR-LMB via Geoportal Lot Plotter,2026-09-21,1.0.0,Reference only - not a certified monument description,Jose Panganiban,0.0
51972,"BLLM No. 4, Pls 819 D, Jose Panganiban Public Land Subdivision",Jose Panganiban,0501605000,JOSE PANGANIBAN,Jose Panganiban,Camarines Norte,0501600000,BLLM,Bureau of Lands Location Monument,4,Pls-819-D,,,14.19884644,122.6746155,14.19740549,122.67598161,4,464878.9751,1570195.201,0.003,DENR-LMB via Geoportal Lot Plotter,2026-09-21,1.0.0,Reference only - not a certified monument description,Jose Panganiban,0.0
51973,"BLLM No. 5, Pls 819 D, Jose Panganiban Public Land Subdivision",Jose Panganiban,0501605000,JOSE PANGANIBAN,Jose Panganiban,Camarines Norte,0501600000,BLLM,Bureau of Lands Location Monument,5,Pls-819-D,,,14.2690139,122.5928597,14.26756649,122.5942243,4,456067.9482,1577971.808,0.001,DENR-LMB via Geoportal Lot Plotter,2026-09-21,1.0.0,Reference only - not a certified monument description,Jose Panganiban,0.0
51974,"BLLM No. 6, Pls 819 D, Jose Panganiban Public Land Subdivision",Jose Panganiban,0501605000,JOSE PANGANIBAN,Jose Panganiban,Camarines Norte,0501600000,BLLM,Bureau of Lands Location Monument,6,Pls-819-D,,,14.27015507,122.5930167,14.26870759,122.59438127,4,456085.1088,1578098.029,0.002,DENR-LMB via Geoportal Lot Plotter,2026-09-21,1.0.0,Reference only - not a certified monument description,Jose Panganiban,0.0
51975,"BLLM No. 7, Pls 819 D, Jose Panganiban Public Land Subdivision",Jose Panganiban,0501605000,JOSE PANGANIBAN,Jose Panganiban,Camarines Norte,0501600000,BLLM,Bureau of Lands Location Monument,7,Pls-819-D,,,14.27637352,122.7141027,14.27492836,122.71546689,4,469151.6626,1578766.509,0.004,DENR-LMB via Geoportal Lot Plotter,2026-09-21,1.0.0,Reference only - not a certified monument description,Jose Panganiban,0.0
51976,"BLLM No. 8, Pls 819 D, Jose Panganiban Public Land Subdivision",Jose Panganiban,0501605000,JOSE PANGANIBAN,Jose Panganiban,Camarines Norte,0501600000,BLLM,Bureau of Lands Location Monument,8,Pls-819-D,,,14.27566171,122.7161718,14.27421665,122.71753601,4,469374.827,1578687.488,0.001,DENR-LMB via Geoportal Lot Plotter,2026-09-21,1.0.0,Reference only - not a certified monument description,Jose Panganiban,0.0
51977,"CMN 30, PRS 92",Jose Panganiban,0501605000,JOSE PANGANIBAN,Jose Panganiban,Camarines Norte,0501600000,PRS92,PRS92 geodetic control point,CMN 30,,,,14.29090315,122.6570992,14.28945575,122.65846316,4,463003.2995,1580382.272,0.001,DENR-LMB via Geoportal Lot Plotter,2026-09-21,1.0.0,Reference only - not a certified monument description,Jose Panganiban,0.0
51978,"CMN 3080, PRS 92",Jose Panganiban,0501605000,JOSE PANGANIBAN,Jose Panganiban,Camarines Norte,0501600000,PRS92,PRS92 geodetic control point,CMN 3080,,,,14.31100332,122.5965327,14.30955323,122.59789629,4,456472.3587,1582616.513,0.002,DENR-LMB via Geoportal Lot Plotter,2026-09-21,1.0.0,Reference only - not a certified monument description,Jose Panganiban,0.0
51979,"CMN 3081, PRS 92",Jose Panganiban,0501605000,JOSE PANGANIBAN,Jose Panganiban,Camarines Norte,0501600000,PRS92,PRS92 geodetic control point,CMN 3081,,,,14.24143719,122.5904852,14.23999154,122.59185046,4,455806.3588,1574921.384,0.002,DENR-LMB via Geoportal Lot Plotter,2026-09-21,1.0.0,Reference only - not a certified monument description,Jose Panganiban,0.0
51980,"CMN 3083, PRS 92",Jose Panganiban,0501605000,JOSE PANGANIBAN,Jose Panganiban,Camarines Norte,0501600000,PRS92,PRS92 geodetic control point,CMN 3083,,,,14.30937654,122.7193372,14.30792933,122.7207006,4,469720.8855,1582416.988,0.004,DENR-LMB via Geoportal Lot Plotter,2026-09-21,1.0.0,Reference only - not a certified monument description,Jose Panganiban,0.0
51981,"CMN 3084, PRS 92",Jose Panganiban,0501605000,JOSE PANGANIBAN,Jose Panganiban,Camarines Norte,0501600000,PRS92,PRS92 geodetic control point,CMN 3084,,,,14.27830231,122.7036887,14.27685679,122.70505287,4,468028.2611,1578981.302,0.002,DENR-LMB via Geoportal Lot Plotter,2026-09-21,1.0.0,Reference only - not a certified monument description,Jose Panganiban,0.0
51982,"CMN 33, PRS 92",Jose Panganiban,0501605000,JOSE PANGANIBAN,Jose Panganiban,Camarines Norte,0501600000,PRS92,PRS92 geodetic control point,CMN 33,,,,14.23658373,122.7421985,14.23514183,122.74356358,4,472178.341,1574360.987,0.005,DENR-LMB via Geoportal Lot Plotter,2026-09-21,1.0.0,Reference only - not a certified monument description,Paracale,2192.2840653753915
51983,"CMN 3552, (PRS 92) Cad 1071 D, Jose Panganiban Cadastre",Jose Panganiban,0501605000,JOSE PANGANIBAN,Jose Panganiban,Camarines Norte,0501600000,PRS92,PRS92 geodetic control point,CMN 3552,Cad-1071-D,,,14.28034325,122.6987354,14.27889749,122.70009953,4,467494.0942,1579207.781,0.004,DENR-LMB via Geoportal Lot Plotter,2026-09-21,1.0.0,Reference only - not a certified monument description,Jose Panganiban,0.0
51984,"MBM No. 10, Pls 819 D, Jose Panganiban Public Land Subdivision",Jose Panganiban,0501605000,JOSE PANGANIBAN,Jose Panganiban,Camarines Norte,0501600000,MBM,Municipal Boundary Monument,10,Pls-819-D,,,14.1935617,122.6711019,14.19212102,122.67246814,4,464498.9066,1569611.077,0.003,DENR-LMB via Geoportal Lot Plotter,2026-09-21,1.0.0,Reference only - not a certified monument description,Jose Panganiban,0.0
51985,"MBM No. 8, Pls 819 D, Jose Panganiban Public Land Subdivision",Jose Panganiban,0501605000,JOSE PANGANIBAN,Jose Panganiban,Camarines Norte,0501600000,MBM,Municipal Boundary Monument,8,Pls-819-D,,,14.19788598,122.6612468,14.19644479,122.66261296,4,463435.8373,1570090.996,0.005,DENR-LMB via Geoportal Lot Plotter,2026-09-21,1.0.0,Reference only - not a certified monument description,Jose Panganiban,0.0
51986,"CMN 3548, PRS 92",Jose Panganiban,0501605000,JOSE PANGANIBAN,Jose Panganiban,Camarines Norte,0501600000,PRS92,PRS92 geodetic control point,CMN 3548,,,,14.3030641,122.6927499,14.30161671,122.6941135,4,466851.5893,1581722.27,0.001,DENR-LMB via Geoportal Lot Plotter,2026-09-21,1.0.0,Reference only - not a certified monument description,Jose Panganiban,0.0
51987,"CMN 3559, (PRS 92) Cad 1071 D, Jose Panganiban Cadastre",Jose Panganiban,0501605000,JOSE PANGANIBAN,Jose Panganiban,Camarines Norte,0501600000,PRS92,PRS92 geodetic control point,CMN 3559,Cad-1071-D,,,14.28335092,122.6832397,14.28190461,122.68460379,4,465822.5763,1579542.749,0.005,DENR-LMB via Geoportal Lot Plotter,2026-09-21,1.0.0,Reference only - not a certified monument description,Jose Panganiban,0.0
51988,"CMN 3570, (PRS 92) Cad 1071 D, Jose Panganiban Cadastre",Jose Panganiban,0501605000,JOSE PANGANIBAN,Jose Panganiban,Camarines Norte,0501600000,PRS92,PRS92 geodetic control point,CMN 3570,Cad-1071-D,,,14.21800674,122.6568601,14.21656413,122.65822579,4,462965.6124,1572317.668,0.003,DENR-LMB via Geoportal Lot Plotter,2026-09-21,1.0.0,Reference only - not a certified monument description,Jose Panganiban,0.0
51989,"Triangulation Station B.L. No. 1, Municipality of Jose Panganiban Province of Camarines Norte",Jose Panganiban,0501605000,JOSE PANGANIBAN,Jose Panganiban,Camarines Norte,0501600000,TRIG,Triangulation station,B.L. No. 1,,,,14.29799588,122.6900874,14.29654876,122.69145112,4,466563.5909,1581161.946,0.005,DENR-LMB via Geoportal Lot Plotter,2026-09-21,1.0.0,Reference only - not a certified monument description,Jose Panganiban,0.0
51990,"Triangulation Station Nan, C. & G.S., Municipality of Jose Panganiban Province of Camarines Norte",Jose Panganiban,0501605000,JOSE PANGANIBAN,Jose Panganiban,Camarines Norte,0501600000,TRIG,Triangulation station,Nan,,,,14.34231999,122.668941,14.34086948,122.67030371,4,464289.0889,1586068.764,0.003,DENR-LMB via Geoportal Lot Plotter,2026-09-21,1.0.0,Reference only - not a certified monument description,Jose Panganiban,0.0
51991,"Triangulation Station Rock, C. & G.S., Municipality of Jose Panganiban Province of Camarines Norte",Jose Panganiban,0501605000,JOSE PANGANIBAN,Jose Panganiban,Camarines Norte,0501600000,TRIG,Triangulation station,Rock,,,,14.34264303,122.6689856,14.3411925,122.6703483,4,464293.9565,1586104.496,0.003,DENR-LMB via Geoportal Lot Plotter,2026-09-21,1.0.0,Reference only - not a certified monument description,Jose Panganiban,0.0
51992,"CMN 3557, (PRS 92) Cad 1071 D, Jose Panganiban Cadastre",Jose Panganiban,0501605000,JOSE PANGANIBAN,Jose Panganiban,Camarines Norte,0501600000,PRS92,PRS92 geodetic control point,CMN 3557,Cad-1071-D,,,14.27961458,122.6635316,14.27816807,122.66489581,4,463695.5087,1579132.381,0.002,DENR-LMB via Geoportal Lot Plotter,2026-09-21,1.0.0,Reference only - not a certified monument description,Jose Panganiban,0.0
51993,"MBM No. 7, Pls 340, Bagong Silang, Labo Public Land Subdivision",Labo,0501606000,LABO,Labo,Camarines Norte,0501600000,MBM,Municipal Boundary Monument,7,Pls-340,,,14.19023972,122.6119797,14.18879792,122.61334614,4,458116.5957,1569253.352,0.003,DENR-LMB via Geoportal Lot Plotter,2026-09-21,1.0.0,Reference only - not a certified monument description,Labo,0.0
51994,"BBM No. 1, Cad 176, Labo Cadastre",Labo,0501606000,LABO,Labo,Camarines Norte,0501600000,BBM,Barrio Boundary Monument,1,Cad-176,,,14.07757951,122.7324045,14.07614786,122.73377339,4,471101.2851,1556771.553,0.003,DENR-LMB via Geoportal Lot Plotter,2026-09-21,1.0.0,Reference only - not a certified monument description,Labo,0.0
51995,"BBM No. 1, Cad 238, Labo Cadastre",Labo,0501606000,LABO,Labo,Camarines Norte,0501600000,BBM,Barrio Boundary Monument,1,Cad-238,,,14.07822912,122.7324194,14.07679743,122.73378827,4,471102.9754,1556843.416,0.004,DENR-LMB via Geoportal Lot Plotter,2026-09-21,1.0.0,Reference only - not a certified monument description,Labo,0.0
51996,"BBM No. 10, Cad 176, Labo Cadastre",Labo,0501606000,LABO,Labo,Camarines Norte,0501600000,BBM,Barrio Boundary Monument,10,Cad-176,,,14.1309716,122.750791,14.12953685,122.75215858,4,473093.1967,1562676.103,0.004,DENR-LMB via Geoportal Lot Plotter,2026-09-21,1.0.0,Reference only - not a certified monument description,Labo,0.0
51997,"BBM No. 10, Cad 238, Labo Cadastre",Labo,0501606000,LABO,Labo,Camarines Norte,0501600000,BBM,Barrio Boundary Monument,10,Cad-238,,,14.13070429,122.7508063,14.12926956,122.75217389,4,473094.815,1562646.53,0.002,DENR-LMB via Geoportal Lot Plotter,2026-09-21,1.0.0,Reference only - not a certified monument description,Labo,0.0
51998,"BBM No. 11, Cad 176, Labo Cadastre",Labo,0501606000,LABO,Labo,Camarines Norte,0501600000,BBM,Barrio Boundary Monument,11,Cad-176,,,14.124994,122.7805711,14.12356032,122.78193877,4,476307.9171,1562011.595,0.005,DENR-LMB via Geoportal Lot Plotter,2026-09-21,1.0.0,Reference only - not a certified monument description,Labo,0.0
51999,"BBM No. 11, Cad 238, Labo Cadastre",Labo,0501606000,LABO,Labo,Camarines Norte,0501600000,BBM,Barrio Boundary Monument,11,Cad-238,,,14.12471705,122.7805864,14.12328339,122.78195407,4,476309.5382,1561980.955,0.003,DENR-LMB via Geoportal Lot Plotter,2026-09-21,1.0.0,Reference only - not a certified monument description,Labo,0.0
52000,"BBM No. 12, Cad 238, Labo Cadastre",Labo,0501606000,LABO,Labo,Camarines Norte,0501600000,BBM,Barrio Boundary Monument,12,Cad-238,,,14.12255864,122.7840571,14.1211252,122.78542482,4,476684.058,1561741.825,0.003,DENR-LMB via Geoportal Lot Plotter,2026-09-21,1.0.0,Reference only - not a certified monument description,Labo,0.0
52001,"BBM No. 12, Cad 176, Labo Cadastre",Labo,0501606000,LABO,Labo,Camarines Norte,0501600000,BBM,Barrio Boundary Monument,12,Cad-176,,,14.12283629,122.7840419,14.12140283,122.78540961,4,476682.4365,1561772.542,0.005,DENR-LMB via Geoportal Lot Plotter,2026-09-21,1.0.0,Reference only - not a certified monument description,Labo,0.0
52002,"BBM No. 13, Cad 176, Labo Cadastre",Labo,0501606000,LABO,Labo,Camarines Norte,0501600000,BBM,Barrio Boundary Monument,13,Cad-176,,,14.15527742,122.7939205,14.15384204,122.79528742,4,477752.2219,1565360.525,0.005,DENR-LMB via Geoportal Lot Plotter,2026-09-21,1.0.0,Reference only - not a certified monument description,Labo,0.0
52003,"BBM No. 13, Cad 238, Labo Cadastre",Labo,0501606000,LABO,Labo,Camarines Norte,0501600000,BBM,Barrio Boundary Monument,13,Cad-238,,,14.15499795,122.7939358,14.15356259,122.79530273,4,477753.8445,1565329.605,0.003,DENR-LMB via Geoportal Lot Plotter,2026-09-21,1.0.0,Reference only - not a certified monument description,Labo,0.0
52004,"BBM No. 14, Cad 176, Labo Cadastre",Labo,0501606000,LABO,Labo,Camarines Norte,0501600000,BBM,Barrio Boundary Monument,14,Cad-176,,,14.14338447,122.8104339,14.14195025,122.81180107,4,479533.9001,1564043.31,0.001,DENR-LMB via Geoportal Lot Plotter,2026-09-21,1.0.0,Reference only - not a certified monument description,Labo,0.0
52005,"BBM No. 14, Cad 238, Labo Cadastre",Labo,0501606000,LABO,Labo,Camarines Norte,0501600000,BBM,Barrio Boundary Monument,14,Cad-238,,,14.14310261,122.8104492,14.14166841,122.81181638,4,479535.5247,1564012.127,0.003,DENR-LMB via Geoportal Lot Plotter,2026-09-21,1.0.0,Reference only - not a certified monument description,Labo,0.0
52006,"BBM No. 15, Cad 238, Labo Cadastre",Labo,0501606000,LABO,Labo,Camarines Norte,0501600000,BBM,Barrio Boundary Monument,15,Cad-238,,,14.15165684,122.8277797,14.15022247,122.82914664,4,481407.2838,1564957.031,0.003,DENR-LMB via Geoportal Lot Plotter,2026-09-21,1.0.0,Reference only - not a certified monument description,Labo,0.0
52007,"BBM No. 16, Cad 238, Labo Cadastre",Labo,0501606000,LABO,Labo,Camarines Norte,0501600000,BBM,Barrio Boundary Monument,16,Cad-238,,,14.15212133,122.8259066,14.15068689,122.82727353,4,481205.1004,1565008.567,0.001,DENR-LMB via Geoportal Lot Plotter,2026-09-21,1.0.0,Reference only - not a certified monument description,Labo,0.0
52008,"BBM No. 17, Cad 238, Labo Cadastre",Labo,0501606000,LABO,Labo,Camarines Norte,0501600000,BBM,Barrio Boundary Monument,17,Cad-238,,,14.15946624,122.8267878,14.15803133,122.82815456,4,481300.8306,1565821.059,0.004,DENR-LMB via Geoportal Lot Plotter,2026-09-21,1.0.0,Reference only - not a certified monument description,Labo,0.0
52009,"BBM No. 18, Cad 238, Labo Cadastre",Labo,0501606000,LABO,Labo,Camarines Norte,0501600000,BBM,Barrio Boundary Monument,18,Cad-238,,,14.16001517,122.8269734,14.15858023,122.82834014,4,481320.9141,1565881.771,0.002,DENR-LMB via Geoportal Lot Plotter,2026-09-21,1.0.0,Reference only - not a certified monument description,Labo,0.0
52010,"BBM No. 19, Cad 238, Labo Cadastre",Labo,0501606000,LABO,Labo,Camarines Norte,0501600000,BBM,Barrio Boundary Monument,19,Cad-238,,,14.15869388,122.8282938,14.15725906,122.82966057,4,481463.3508,1565735.493,0.003,DENR-LMB via Geoportal Lot Plotter,2026-09-21,1.0.0,Reference only - not a certified monument description,Labo,0.0
52011,"BBM No. 2, Cad 176, Labo Cadastre",Labo,0501606000,LABO,Labo,Camarines Norte,0501600000,BBM,Barrio Boundary Monument,2,Cad-176,,,14.08662654,122.7499607,14.0851947,122.75132934,4,472998.3249,1557770.334,0.002,DENR-LMB via Geoportal Lot Plotter,2026-09-21,1.0.0,Reference only - not a certified monument description,Labo,0.0
52012,"BBM No. 2, Cad 238, Labo Cadastre",Labo,0501606000,LABO,Labo,Camarines Norte,0501600000,BBM,Barrio Boundary Monument,2,Cad-238,,,14.08636524,122.749976,14.08493341,122.75134464,4,472999.9438,1557741.425,0.004,DENR-LMB via Geoportal Lot Plotter,2026-09-21,1.0.0,Reference only - not a certified monument description,Labo,0.0
52013,"BBM No. 20, Cad 238, Labo Cadastre",Labo,0501606000,LABO,Labo,Camarines Norte,0501600000,BBM,Barrio Boundary Monument,20,Cad-238,,,14.16031995,122.8292945,14.15888504,122.83066123,4,481571.5176,1565915.305,0.002,DENR-LMB via Geoportal Lot Plotter,2026-09-21,1.0.0,Reference only - not a certified monument description,Labo,0.0
52014,"BBM No. 21, Cad 238, Labo Cadastre",Labo,0501606000,LABO,Labo,Camarines Norte,0501600000,BBM,Barrio Boundary Monument,21,Cad-238,,,14.16014648,122.8317863,14.15871164,122.83315303,4,481840.5015,1565895.92,0.003,DENR-LMB via Geoportal Lot Plotter,2026-09-21,1.0.0,Reference only - not a certified monument description,Labo,0.0
52015,"BBM No. 22, Cad 238, Labo Cadastre",Labo,0501606000,LABO,Labo,Camarines Norte,0501600000,BBM,Barrio Boundary Monument,22,Cad-238,,,14.15431421,122.8310751,14.15287974,122.83244197,4,481763.2628,1565250.755,0.001,DENR-LMB via Geoportal Lot Plotter,2026-09-21,1.0.0,Reference only - not a certified monument description,Labo,0.0
52016,"BBM No. 23, Cad 238, Labo Cadastre",Labo,0501606000,LABO,Labo,Camarines Norte,0501600000,BBM,Barrio Boundary Monument,23,Cad-238,,,14.16686912,122.8561556,14.16543439,122.85752212,4,484471.7563,1566637.887,0.004,DENR-LMB via Geoportal Lot Plotter,2026-09-21,1.0.0,Reference only - not a certified monument description,Labo,0.0
52017,"BBM No. 24, Cad 238, Labo Cadastre",Labo,0501606000,LABO,Labo,Camarines Norte,0501600000,BBM,Barrio Boundary Monument,24,Cad-238,,,14.15585953,122.8563668,14.15442553,122.85773358,4,484493.8039,1565419.891,0.001,DENR-LMB via Geoportal Lot Plotter,2026-09-21,1.0.0,Reference only - not a certified monument description,Labo,0.0
52018,"BBM No. 25, Cad 238, Labo Cadastre",Labo,0501606000,LABO,Labo,Camarines Norte,0501600000,BBM,Barrio Boundary Monument,25,Cad-238,,,14.15204495,122.8351456,14.15061072,122.83651252,4,482202.5295,1564999.395,0.002,DENR-LMB via Geoportal Lot Plotter,2026-09-21,1.0.0,Reference only - not a certified monument description,Labo,0.0
52019,"BBM No. 26, Cad 238, Labo Cadastre",Labo,0501606000,LABO,Labo,Camarines Norte,0501600000,BBM,Barrio Boundary Monument,26,Cad-238,,,14.15502781,122.8214968,14.15359308,122.82286367,4,480729.2668,1565330.466,0.001,DENR-LMB via Geoportal Lot Plotter,2026-09-21,1.0.0,Reference only - not a certified monument description,Labo,0.0
52020,"BBM No. 27, Cad 238, Labo Cadastre",Labo,0501606000,LABO,Labo,Camarines Norte,0501600000,BBM,Barrio Boundary Monument,27,Cad-238,,,14.1563128,122.7991432,14.15487747,122.80051008,4,478316.1466,1565474.579,0.001,DENR-LMB via Geoportal Lot Plotter,2026-09-21,1.0.0,Reference only - not a certified monument description,Labo,0.0
52021,"BBM No. 28, Cad 238, Labo Cadastre",Labo,0501606000,LABO,Labo,Camarines Norte,0501600000,BBM,Barrio Boundary Monument,28,Cad-238,,,14.16981068,122.7977471,14.16837443,122.79911367,4,478166.7161,1566967.971,0.001,DENR-LMB via Geoportal Lot Plotter,2026-09-21,1.0.0,Reference only - not a certified monument description,Labo,0.0
52022,"BBM No. 29, Cad 238, Labo Cadastre",Labo,0501606000,LABO,Labo,Camarines Norte,0501600000,BBM,Barrio Boundary Monument,29,Cad-238,,,14.1724796,122.8020951,14.17104328,122.80346159,4,478636.3321,1567262.833,0.005,DENR-LMB via Geoportal Lot Plotter,2026-09-21,1.0.0,Reference only - not a certified monument description,Labo,0.0
52023,"BBM No. 3, Cad 176, Labo Cadastre",Labo,0501606000,LABO,Labo,Camarines Norte,0501600000,BBM,Barrio Boundary Monument,3,Cad-176,,,14.07741337,122.7674702,14.07598253,122.76883902,4,474888.1735,1556749.153,0.002,DENR-LMB via Geoportal Lot Plotter,2026-09-21,1.0.0,Reference only - not a certified monument description,Labo,0.0
52024,"BBM No. 3, Cad 238, Labo Cadastre",Labo,0501606000,LABO,Labo,Camarines Norte,0501600000,BBM,Barrio Boundary Monument,3,Cad-238,,,14.07714635,122.7674855,14.07571553,122.76885433,4,474889.794,1556719.61,0.005,DENR-LMB via Geoportal Lot Plotter,2026-09-21,1.0.0,Reference only - not a certified monument description,Labo,0.0
52025,"BBM No. 30, Cad 238, Labo Cadastre",Labo,0501606000,LABO,Labo,Camarines Norte,0501600000,BBM,Barrio Boundary Monument,30,Cad-238,,,14.18495813,122.8059634,14.18352107,122.80732959,4,479055.0655,1568642.977,0.003,DENR-LMB via Geoportal Lot Plotter,2026-09-21,1.0.0,Reference only - not a certified monument description,Labo,0.0
52026,"BBM No. 31, Cad 238, Labo Cadastre",Labo,0501606000,LABO,Labo,Camarines Norte,0501600000,BBM,Barrio Boundary Monument,31,Cad-238,,,14.16887709,122.8188892,14.16744138,122.82025575,4,480448.9406,1566862.821,0.002,DENR-LMB via Geoportal Lot Plotter,2026-09-21,1.0.0,Reference only - not a certified monument description,Labo,0.0
52027,"BBM No. 32, Cad 238, Labo Cadastre",Labo,0501606000,LABO,Labo,Camarines Norte,0501600000,BBM,Barrio Boundary Monument,32,Cad-238,,,14.18308973,122.8172111,14.18165305,122.81857731,4,480269.0206,1568435.299,0.002,DENR-LMB via Geoportal Lot Plotter,2026-09-21,1.0.0,Reference only - not a certified monument description,Labo,0.0
52028,"BBM No. 33, Cad 238, Labo Cadastre",Labo,0501606000,LABO,Labo,Camarines Norte,0501600000,BBM,Barrio Boundary Monument,33,Cad-238,,,14.1759993,122.8299808,14.17456337,122.83134716,4,481646.8644,1567649.848,0.001,DENR-LMB via Geoportal Lot Plotter,2026-09-21,1.0.0,Reference only - not a certified monument description,Labo,0.0
52029,"BBM No. 34, Cad 238, Labo Cadastre",Labo,0501606000,LABO,Labo,Camarines Norte,0501600000,BBM,Barrio Boundary Monument,34,Cad-238,,,14.17810146,122.8360668,14.17666553,122.83743309,4,482303.9952,1567881.94,0.003,DENR-LMB via Geoportal Lot Plotter,2026-09-21,1.0.0,Reference only - not a certified monument description,Labo,0.0
52030,"BBM No. 35, Cad 238, Labo Cadastre",Labo,0501606000,LABO,Labo,Camarines Norte,0501600000,BBM,Barrio Boundary Monument,35,Cad-238,,,14.17802167,122.841714,14.17658588,122.84308028,4,482913.5912,1567872.693,0.003,DENR-LMB via Geoportal Lot Plotter,2026-09-21,1.0.0,Reference only - not a certified monument description,Labo,0.0
52031,"BBM No. 36, Cad 238, Labo Cadastre",Labo,0501606000,LABO,Labo,Camarines Norte,0501600000,BBM,Barrio Boundary Monument,36,Cad-238,,,14.18571691,122.842447,14.18428063,122.8438131,4,482993.2815,1568723.96,0.005,DENR-LMB via Geoportal Lot Plotter,2026-09-21,1.0.0,Reference only - not a certified monument description,Labo,0.0
52032,"BBM No. 37, Cad 238, Labo Cadastre",Labo,0501606000,LABO,Labo,Camarines Norte,0501600000,BBM,Barrio Boundary Monument,37,Cad-238,,,14.18811206,122.8390813,14.18667554,122.84044735,4,482630.1622,1568989.182,0.003,DENR-LMB via Geoportal Lot Plotter,2026-09-21,1.0.0,Reference only - not a certified monument description,Labo,0.0
52033,"BBM No. 39, Cad 238, Labo Cadastre",Labo,0501606000,LABO,Labo,Camarines Norte,0501600000,BBM,Barrio Boundary Monument,39,Cad-238,,,14.1426445,122.8544474,14.14121133,122.8558145,4,484285.6843,1563958.052,0.0,DENR-LMB via Geoportal Lot Plotter,2026-09-21,1.0.0,Reference only - not a certified monument description,Labo,0.0
52034,"BBM No. 38, Cad 238, Labo Cadastre",Labo,0501606000,LABO,Labo,Camarines Norte,0501600000,BBM,Barrio Boundary Monument,38,Cad-238,,,14.19695942,122.8341898,14.19552221,122.83555565,4,482102.8639,1569968.33,0.002,DENR-LMB via Geoportal Lot Plotter,2026-09-21,1.0.0,Reference only - not a certified monument description,Labo,0.0
52035,"BBM No. 4, Cad 176, Labo Cadastre",Labo,0501606000,LABO,Labo,Camarines Norte,0501600000,BBM,Barrio Boundary Monument,4,Cad-176,,,14.07728633,122.7871653,14.07585595,122.78853409,4,477015.1205,1556733.087,0.004,DENR-LMB via Geoportal Lot Plotter,2026-09-21,1.0.0,Reference only - not a certified monument description,Labo,0.0
52036,"BBM No. 4, Cad 238, Labo Cadastre",Labo,0501606000,LABO,Labo,Camarines Norte,0501600000,BBM,Barrio Boundary Monument,4,Cad-238,,,14.0770143,122.7871805,14.07558394,122.78854929,4,477016.7431,1556702.991,0.004,DENR-LMB via Geoportal Lot Plotter,2026-09-21,1.0.0,Reference only - not a certified monument description,Labo,0.0
52037,"BBM No. 40, Cad 238, Labo Cadastre",Labo,0501606000,LABO,Labo,Camarines Norte,0501600000,BBM,Barrio Boundary Monument,40,Cad-238,,,14.12389398,122.8385069,14.12246168,122.83987448,4,482563.2675,1561884.826,0.001,DENR-LMB via Geoportal Lot Plotter,2026-09-21,1.0.0,Reference only - not a certified monument description,Labo,0.0
52038,"BBM No. 41, Cad 238, Labo Cadastre",Labo,0501606000,LABO,Labo,Camarines Norte,0501600000,BBM,Barrio Boundary Monument,41,Cad-238,,,14.09101092,122.8266591,14.08958053,122.82802748,4,481281.3525,1558247.923,0.003,DENR-LMB via Geoportal Lot Plotter,2026-09-21,1.0.0,Reference only - not a certified monument description,Labo,0.0
52039,"BBM No. 43, Cad 238, Municipality of Labo, Province of Camarines Norte",Labo,0501606000,LABO,Labo,Camarines Norte,0501600000,BBM,Barrio Boundary Monument,43,Cad-238,,,14.129778,122.8241088,14.12834499,122.82547627,4,481009.1527,1562536.887,0.005,DENR-LMB via Geoportal Lot Plotter,2026-09-21,1.0.0,Reference only - not a certified monument description,Labo,0.0
52040,"BBM No. 42, Cad 238, Labo Cadastre",Labo,0501606000,LABO,Labo,Camarines Norte,0501600000,BBM,Barrio Boundary Monument,42,Cad-238,,,14.10872288,122.8157154,14.10729107,122.81708338,4,480101.1031,1560208.275,0.004,DENR-LMB via Geoportal Lot Plotter,2026-09-21,1.0.0,Reference only - not a certified monument description,Labo,0.0
52041,"BBM No. 44, Cad 238, Labo Cadastre",Labo,0501606000,LABO,Labo,Camarines Norte,0501600000,BBM,Barrio Boundary Monument,44,Cad-238,,,14.1507081,122.8286269,14.14927381,122.82999386,4,481498.6629,1564852.005,0.004,DENR-LMB via Geoportal Lot Plotter,2026-09-21,1.0.0,Reference only - not a certified monument description,Labo,0.0
52042,"BBM No. 43, Cad 238, Labo Cadastre",Labo,0501606000,LABO,Labo,Camarines Norte,0501600000,BBM,Barrio Boundary Monument,43,Cad-238,,,14.12948044,122.8241143,14.12804745,122.82548177,4,481009.7285,1562503.969,0.002,DENR-LMB via Geoportal Lot Plotter,2026-09-21,1.0.0,Reference only - not a certified monument description,Labo,0.0
52043,"BBM No. 45, Cad 238, Labo Cadastre",Labo,0501606000,LABO,Labo,Camarines Norte,0501600000,BBM,Barrio Boundary Monument,45,Cad-238,,,14.16154375,122.7791451,14.16010763,122.7805119,4,476157.7521,1566055.219,0.0,DENR-LMB via Geoportal Lot Plotter,2026-09-21,1.0.0,Reference only - not a certified monument description,Labo,0.0
52044,"BBM No. 46, Cad 238, Labo Cadastre",Labo,0501606000,LABO,Labo,Camarines Norte,0501600000,BBM,Barrio Boundary Monument,46,Cad-238,,,14.08712543,122.739419,14.08569331,122.74078765,4,471859.99,1557826.76,0.004,DENR-LMB via Geoportal Lot Plotter,2026-09-21,1.0.0,Reference only - not a certified monument description,Labo,0.0
52045,"BBM No. 47, Cad 238, Labo Cadastre",Labo,0501606000,LABO,Labo,Camarines Norte,0501600000,BBM,Barrio Boundary Monument,47,Cad-238,,,14.09233938,122.7372483,14.09090687,122.73861683,4,471626.219,1558403.836,0.004,DENR-LMB via Geoportal Lot Plotter,2026-09-21,1.0.0,Reference only - not a certified monument description,Labo,0.0
52046,"BBM No. 49, Cad 238, Labo Cadastre",Labo,0501606000,LABO,Labo,Camarines Norte,0501600000,BBM,Barrio Boundary Monument,49,Cad-238,,,14.10393573,122.7305792,14.1025023,122.73194746,4,470907.5015,1559687.548,0.002,DENR-LMB via Geoportal Lot Plotter,2026-09-21,1.0.0,Reference only - not a certified monument description,Labo,0.0
52047,"BBM No. 48, Cad 238, Labo Cadastre",Labo,0501606000,LABO,Labo,Camarines Norte,0501600000,BBM,Barrio Boundary Monument,48,Cad-238,,,14.09699364,122.7302987,14.09556067,122.73166713,4,470876.3334,1558919.584,0.001,DENR-LMB via Geoportal Lot Plotter,2026-09-21,1.0.0,Reference only - not a certified monument description,Labo,0.0
52048,"BBM No. 5, Cad 176, Labo Cadastre",Labo,0501606000,LABO,Labo,Camarines Norte,0501600000,BBM,Barrio Boundary Monument,5,Cad-176,,,14.08151844,122.802982,14.08008814,122.80435066,4,478723.6349,1557199.794,0.003,DENR-LMB via Geoportal Lot Plotter,2026-09-21,1.0.0,Reference only - not a certified monument description,Labo,0.0
52049,"BBM No. 5, Cad 238, Labo Cadastre",Labo,0501606000,LABO,Labo,Camarines Norte,0501600000,BBM,Barrio Boundary Monument,5,Cad-238,,,14.08124369,122.8029973,14.0798134,122.80436596,4,478725.2593,1557169.397,0.001,DENR-LMB via Geoportal Lot Plotter,2026-09-21,1.0.0,Reference only - not a certified monument description,Labo,0.0
52050,"BBM No. 50, Cad 238, Labo Cadastre",Labo,0501606000,LABO,Labo,Camarines Norte,0501600000,BBM,Barrio Boundary Monument,50,Cad-238,,,14.12878339,122.7382951,14.1273485,122.73966276,4,471743.7432,1562435.491,0.003,DENR-LMB via Geoportal Lot Plotter,2026-09-21,1.0.0,Reference only - not a certified monument description,Labo,0.0
52051,"BBM No. 52, Cad 238, Labo Cadastre",Labo,0501606000,LABO,Labo,Camarines Norte,0501600000,BBM,Barrio Boundary Monument,52,Cad-238,,,14.14565521,122.7314454,14.14421905,122.73281267,4,471006.3157,1564302.852,0.001,DENR-LMB via Geoportal Lot Plotter,2026-09-21,1.0.0,Reference only - not a certified monument description,Labo,0.0
52052,"BBM No. 51, Cad 238, Labo Cadastre",Labo,0501606000,LABO,Labo,Camarines Norte,0501600000,BBM,Barrio Boundary Monument,51,Cad-238,,,14.13313051,122.7317465,14.13169518,122.73311407,4,471037.2421,1562917.21,0.002,DENR-LMB via Geoportal Lot Plotter,2026-09-21,1.0.0,Reference only - not a certified monument description,Labo,0.0
52053,"BBM No. 54, Cad 238, Labo Cadastre",Labo,0501606000,LABO,Labo,Camarines Norte,0501600000,BBM,Barrio Boundary Monument,54,Cad-238,,,14.14969207,122.7288338,14.14825559,122.73020098,4,470724.8732,1564749.774,0.005,DENR-LMB via Geoportal Lot Plotter,2026-09-21,1.0.0,Reference only - not a certified monument description,Labo,0.0
52054,"BBM No. 53, Cad 238, Labo Cadastre",Labo,0501606000,LABO,Labo,Camarines Norte,0501600000,BBM,Barrio Boundary Monument,53,Cad-238,,,14.1485023,122.7274141,14.14706586,122.72878131,4,470571.4529,1564618.327,0.001,DENR-LMB via Geoportal Lot Plotter,2026-09-21,1.0.0,Reference only - not a certified monument description,Labo,0.0
52055,"BBM No. 55, Cad 238, Labo Cadastre",Labo,0501606000,LABO,Labo,Camarines Norte,0501600000,BBM,Barrio Boundary Monument,55,Cad-238,,,14.15883299,122.7293115,14.15739592,122.73067846,4,470777.6209,1565760.974,0.001,DENR-LMB via Geoportal Lot Plotter,2026-09-21,1.0.0,Reference only - not a certified monument description,Labo,0.0
52056,"BBM No. 57, Cad 238, Labo Cadastre",Labo,0501606000,LABO,Labo,Camarines Norte,0501600000,BBM,Barrio Boundary Monument,57,Cad-238,,,14.16404725,122.7694289,14.16261074,122.77079566,4,475109.1186,1566333.192,0.005,DENR-LMB via Geoportal Lot Plotter,2026-09-21,1.0.0,Reference only - not a certified monument description,Labo,0.0
52057,"BBM No. 56, Cad 238, Labo Cadastre",Labo,0501606000,LABO,Labo,Camarines Norte,0501600000,BBM,Barrio Boundary Monument,56,Cad-238,,,14.16322702,122.7452699,14.16179002,122.74663672,4,472500.9586,1566245.153,0.001,DENR-LMB via Geoportal Lot Plotter,2026-09-21,1.0.0,Reference only - not a certified monument description,Labo,0.0
52058,"BBM No. 59, Cad 238, Labo Cadastre",Labo,0501606000,LABO,Labo,Camarines Norte,0501600000,BBM,Barrio Boundary Monument,59,Cad-238,,,14.1745186,122.7818928,14.17308168,122.78325928,4,476455.7206,1567490.344,0.003,DENR-LMB via Geoportal Lot Plotter,2026-09-21,1.0.0,Reference only - not a certified monument description,Labo,0.0
52059,"BBM No. 58, Cad 238, Labo Cadastre",Labo,0501606000,LABO,Labo,Camarines Norte,0501600000,BBM,Barrio Boundary Monument,58,Cad-238,,,14.16552718,122.7756407,14.16409071,122.77700741,4,475779.8605,1566496.264,0.003,DENR-LMB via Geoportal Lot Plotter,2026-09-21,1.0.0,Reference only - not a certified monument description,Labo,0.0
52060,"BBM No. 6, Cad 238, Labo Cadastre",Labo,0501606000,LABO,Labo,Camarines Norte,0501600000,BBM,Barrio Boundary Monument,6,Cad-238,,,14.0991269,122.8219384,14.09769586,122.8233066,4,480772.2495,1559146.165,0.002,DENR-LMB via Geoportal Lot Plotter,2026-09-21,1.0.0,Reference only - not a certified monument description,Labo,0.0
52061,"BBM No. 61, Cad 238, Labo Cadastre",Labo,0501606000,LABO,Labo,Camarines Norte,0501600000,BBM,Barrio Boundary Monument,61,Cad-238,,,14.15877586,122.7269984,14.15733874,122.72836536,4,470527.8957,1565754.943,0.002,DENR-LMB via Geoportal Lot Plotter,2026-09-21,1.0.0,Reference only - not a certified monument description,Labo,0.0
52062,"BBM No. 60, Cad 238, Labo Cadastre",Labo,0501606000,LABO,Labo,Camarines Norte,0501600000,BBM,Barrio Boundary Monument,60,Cad-238,,,14.17940364,122.7713687,14.17796616,122.77273509,4,475320.1843,1568031.86,0.002,DENR-LMB via Geoportal Lot Plotter,2026-09-21,1.0.0,Reference only - not a certified monument description,Labo,0.0
52063,"BBM No. 64, Cad 238, Labo Cadastre",Labo,0501606000,LABO,Labo,Camarines Norte,0501600000,BBM,Barrio Boundary Monument,64,Cad-238,,,14.18098577,122.697739,14.17954652,122.69910549,4,467372.3245,1568215.912,0.0,DENR-LMB via Geoportal Lot Plotter,2026-09-21,1.0.0,Reference only - not a certified monument description,Labo,0.0
52064,"BBM No. 63, Cad 238, Labo Cadastre",Labo,0501606000,LABO,Labo,Camarines Norte,0501600000,BBM,Barrio Boundary Monument,63,Cad-238,,,14.17712677,122.7196727,14.17568827,122.72103924,4,469739.4729,1567786.041,0.001,DENR-LMB via Geoportal Lot Plotter,2026-09-21,1.0.0,Reference only - not a certified monument description,Labo,0.0
52065,"BBM No. 62, Cad 238, Labo Cadastre",Labo,0501606000,LABO,Labo,Camarines Norte,0501600000,BBM,Barrio Boundary Monument,62,Cad-238,,,14.16766077,122.7239645,14.16622299,122.72533126,4,470201.5279,1566738.266,0.001,DENR-LMB via Geoportal Lot Plotter,2026-09-21,1.0.0,Reference only - not a certified monument description,Labo,0.0
52066,"BBM No. 68, Cad 238, Labo Cadastre",Labo,0501606000,LABO,Labo,Camarines Norte,0501600000,BBM,Barrio Boundary Monument,68,Cad-238,,,14.17869273,122.6797422,14.17725322,122.68110878,4,465429.2883,1567964.817,0.001,DENR-LMB via Geoportal Lot Plotter,2026-09-21,1.0.0,Reference only - not a certified monument description,Labo,0.0
52067,"BBM No. 67, Cad 238, Labo Cadastre",Labo,0501606000,LABO,Labo,Camarines Norte,0501600000,BBM,Barrio Boundary Monument,67,Cad-238,,,14.17663853,122.6844667,14.17519927,122.68583332,4,465938.9837,1567736.867,0.003,DENR-LMB via Geoportal Lot Plotter,2026-09-21,1.0.0,Reference only - not a certified monument description,Labo,0.0
52068,"BBM No. 66, Cad 238, Labo Cadastre",Labo,0501606000,LABO,Labo,Camarines Norte,0501600000,BBM,Barrio Boundary Monument,66,Cad-238,,,14.17320491,122.6881707,14.17176596,122.6895374,4,466338.311,1567356.468,0.004,DENR-LMB via Geoportal Lot Plotter,2026-09-21,1.0.0,Reference only - not a certified monument description,Labo,0.0
52069,"BBM No. 65, Cad 238, Labo Cadastre",Labo,0501606000,LABO,Labo,Camarines Norte,0501600000,BBM,Barrio Boundary Monument,65,Cad-238,,,14.17784215,122.6942034,14.17640303,122.69556997,4,466990.2134,1567868.628,0.002,DENR-LMB via Geoportal Lot Plotter,2026-09-21,1.0.0,Reference only - not a certified monument description,Labo,0.0
52070,"BBM No. 7, Cad 176, Labo Cadastre",Labo,0501606000,LABO,Labo,Camarines Norte,0501600000,BBM,Barrio Boundary Monument,7,Cad-176,,,14.09013418,122.7949752,14.08870313,122.79634367,4,477859.7874,1558153.681,0.001,DENR-LMB via Geoportal Lot Plotter,2026-09-21,1.0.0,Reference only - not a certified monument description,Labo,0.0
52071,"BBM No. 7, Cad 238, Labo Cadastre",Labo,0501606000,LABO,Labo,Camarines Norte,0501600000,BBM,Barrio Boundary Monument,7,Cad-238,,,14.08985816,122.7949905,14.08842712,122.79635897,4,477861.4106,1558123.144,0.003,DENR-LMB via Geoportal Lot Plotter,2026-09-21,1.0.0,Reference only - not a certified monument description,Labo,0.0
52072,"BBM No. 69, Cad 238, Labo Cadastre",Labo,0501606000,LABO,Labo,Camarines Norte,0501600000,BBM,Barrio Boundary Monument,69,Cad-238,,,14.16148731,122.6765186,14.16004886,122.6778856,4,465078.6762,1566061.852,0.003,DENR-LMB via Geoportal Lot Plotter,2026-09-21,1.0.0,Reference only - not a certified monument description,Labo,0.0
52073,"BBM No. 70, Cad 238, Labo Cadastre",Labo,0501606000,LABO,Labo,Camarines Norte,0501600000,BBM,Barrio Boundary Monument,70,Cad-238,,,14.16515353,122.6633789,14.16371455,122.66474584,4,463660.7519,1566469.447,0.004,DENR-LMB via Geoportal Lot Plotter,2026-09-21,1.0.0,Reference only - not a certified monument description,Labo,0.0
52074,"BBM No. 73, Cad 238, Labo Cadastre",Labo,0501606000,LABO,Labo,Camarines Norte,0501600000,BBM,Barrio Boundary Monument,73,Cad-238,,,14.18602034,122.6543549,14.18457978,122.65572136,4,462689.9864,1568779.378,0.002,DENR-LMB via Geoportal Lot Plotter,2026-09-21,1.0.0,Reference only - not a certified monument description,Labo,0.0
52075,"BBM No. 72, Cad 238, Labo Cadastre",Labo,0501606000,LABO,Labo,Camarines Norte,0501600000,BBM,Barrio Boundary Monument,72,Cad-238,,,14.18381399,122.6572569,14.18237364,122.6586234,4,463002.8869,1568534.827,0.002,DENR-LMB via Geoportal Lot Plotter,2026-09-21,1.0.0,Reference only - not a certified monument description,Labo,0.0
52076,"BBM No. 71, Cad 238, Labo Cadastre",Labo,0501606000,LABO,Labo,Camarines Norte,0501600000,BBM,Barrio Boundary Monument,71,Cad-238,,,14.16941405,122.6633025,14.16797478,122.66466933,4,463653.1873,1566940.802,0.001,DENR-LMB via Geoportal Lot Plotter,2026-09-21,1.0.0,Reference only - not a certified monument description,Labo,0.0
52077,"BBM No. 74, Cad 238, Labo Cadastre",Labo,0501606000,LABO,Labo,Camarines Norte,0501600000,BBM,Barrio Boundary Monument,74,Cad-238,,,14.19157456,122.6546121,14.19013364,122.65597842,4,462718.6564,1569393.806,0.003,DENR-LMB via Geoportal Lot Plotter,2026-09-21,1.0.0,Reference only - not a certified monument description,Labo,0.0
52078,"BBM No. 79, Cad 238, Labo Cadastre",Labo,0501606000,LABO,Labo,Camarines Norte,0501600000,BBM,Barrio Boundary Monument,79,Cad-238,,,14.20176273,122.8102437,14.20032466,122.81160948,4,479518.6086,1570501.687,0.005,DENR-LMB via Geoportal Lot Plotter,2026-09-21,1.0.0,Reference only - not a certified monument description,Labo,0.0
52079,"BBM No. 78, Cad 238, Labo Cadastre",Labo,0501606000,LABO,Labo,Camarines Norte,0501600000,BBM,Barrio Boundary Monument,78,Cad-238,,,14.19079927,122.8109418,14.18936194,122.81230784,4,479592.9754,1569288.741,0.004,DENR-LMB via Geoportal Lot Plotter,2026-09-21,1.0.0,Reference only - not a certified monument description,Labo,0.0
52080,"BBM No. 77, Cad 238, Labo Cadastre",Labo,0501606000,LABO,Labo,Camarines Norte,0501600000,BBM,Barrio Boundary Monument,77,Cad-238,,,14.18331916,122.739759,14.18188071,122.74112536,4,471908.51,1568468.6,0.004,DENR-LMB via Geoportal Lot Plotter,2026-09-21,1.0.0,Reference only - not a certified monument description,Labo,0.0
52081,"BBM No. 76, Cad 238, Labo Cadastre",Labo,0501606000,LABO,Labo,Camarines Norte,0501600000,BBM,Barrio Boundary Monument,76,Cad-238,,,14.19437708,122.7398662,14.1929379,122.74123229,4,471921.4369,1569691.927,0.003,DENR-LMB via Geoportal Lot Plotter,2026-09-21,1.0.0,Reference only - not a certified monument description,Labo,0.0
52082,"BBM No. 75, Cad 238, Labo Cadastre",Labo,0501606000,LABO,Labo,Camarines Norte,0501600000,BBM,Barrio Boundary Monument,75,Cad-238,,,14.18700794,122.7289666,14.185569,122.73033289,4,470743.995,1568878.015,0.001,DENR-LMB via Geoportal Lot Plotter,2026-09-21,1.0.0,Reference only - not a certified monument description,Labo,0.0
52083,"BBM No. 8, Cad 238, Labo Cadastre",Labo,0501606000,LABO,Labo,Camarines Norte,0501600000,BBM,Barrio Boundary Monument,8,Cad-238,,,14.0874955,122.7857695,14.08606441,122.78713805,4,476865.4132,1557862.653,0.001,DENR-LMB via Geoportal Lot Plotter,2026-09-21,1.0.0,Reference only - not a certified monument description,Labo,0.0
52084,"BBM No. 8, Cad 176, Labo Cadastre",Labo,0501606000,LABO,Labo,Camarines Norte,0501600000,BBM,Barrio Boundary Monument,8,Cad-176,,,14.08777023,122.7857542,14.08633912,122.78712274,4,476863.7911,1557893.047,0.002,DENR-LMB via Geoportal Lot Plotter,2026-09-21,1.0.0,Reference only - not a certified monument description,Labo,0.0
52085,"BBM No. 81, Cad 238, Labo Cadastre",Labo,0501606000,LABO,Labo,Camarines Norte,0501600000,BBM,Barrio Boundary Monument,81,Cad-238,,,14.21031989,122.8311759,14.20888173,122.83254144,4,481778.6135,1571446.629,0.003,DENR-LMB via Geoportal Lot Plotter,2026-09-21,1.0.0,Reference only - not a certified monument description,Labo,0.0
52086,"BBM No. 80, Cad 238, Labo Cadastre",Labo,0501606000,LABO,Labo,Camarines Norte,0501600000,BBM,Barrio Boundary Monument,80,Cad-238,,,14.2051744,122.8114782,14.20373613,122.8128439,4,479652.1599,1570879.012,0.005,DENR-LMB via Geoportal Lot Plotter,2026-09-21,1.0.0,Reference only - not a certified monument description,Labo,0.0
52087,"BBM No. 82, Cad 238, Labo Cadastre",Labo,0501606000,LABO,Labo,Camarines Norte,0501600000,BBM,Barrio Boundary Monument,82,Cad-238,,,14.21187838,122.8367801,14.21044024,122.83814559,4,482383.603,1571618.613,0.004,DENR-LMB via Geoportal Lot Plotter,2026-09-21,1.0.0,Reference only - not a certified monument description,Labo,0.0
52088,"BBM No. 88, Cad 238, Labo Cadastre",Labo,0501606000,LABO,Labo,Camarines Norte,0501600000,BBM,Barrio Boundary Monument,88,Cad-238,,,14.15898434,122.8614415,14.15755025,122.8628082,4,485041.8624,1565765.256,0.003,DENR-LMB via Geoportal Lot Plotter,2026-09-21,1.0.0,Reference only - not a certified monument description,Vinzons,31.480763677620278
52089,"BBM No. 87, Cad 238, Labo Cadastre",Labo,0501606000,LABO,Labo,Camarines Norte,0501600000,BBM,Barrio Boundary Monument,87,Cad-238,,,14.21238234,122.8599768,14.2109447,122.86134223,4,484887.2798,1571672.741,0.005,DENR-LMB via Geoportal Lot Plotter,2026-09-21,1.0.0,Reference only - not a certified monument description,Vinzons,0.04936741337835998
52090,"BBM No. 86, Cad 238, Labo Cadastre",Labo,0501606000,LABO,Labo,Camarines Norte,0501600000,BBM,Barrio Boundary Monument,86,Cad-238,,,14.21613829,122.8313741,14.21469975,122.8327395,4,481800.4754,1572090.302,0.001,DENR-LMB via Geoportal Lot Plotter,2026-09-21,1.0.0,Reference only - not a certified monument description,Labo,0.0
52091,"BBM No. 85, Cad 238, Labo Cadastre",Labo,0501606000,LABO,Labo,Camarines Norte,0501600000,BBM,Barrio Boundary Monument,85,Cad-238,,,14.21604629,122.8334027,14.2146078,122.8347681,4,482019.408,1572079.966,0.003,DENR-LMB via Geoportal Lot Plotter,2026-09-21,1.0.0,Reference only - not a certified monument description,Labo,0.0
52092,"BBM No. 84, Cad 238, Labo Cadastre",Labo,0501606000,LABO,Labo,Camarines Norte,0501600000,BBM,Barrio Boundary Monument,84,Cad-238,,,14.20244367,122.8177958,14.20100573,122.81916155,4,480333.8081,1570576.37,0.005,DENR-LMB via Geoportal Lot Plotter,2026-09-21,1.0.0,Reference only - not a certified monument description,Labo,0.0
52093,"BBM No. 83, Cad 238, Labo Cadastre",Labo,0501606000,LABO,Labo,Camarines Norte,0501600000,BBM,Barrio Boundary Monument,83,Cad-238,,,14.20013175,122.8493801,14.19869467,122.85074584,4,483742.6974,1570318.173,0.003,DENR-LMB via Geoportal Lot Plotter,2026-09-21,1.0.0,Reference only - not a certified monument description,Labo,0.0
52094,"BBM No. 9, Cad 176, Labo Cadastre",Labo,0501606000,LABO,Labo,Camarines Norte,0501600000,BBM,Barrio Boundary Monument,9,Cad-176,,,14.0962067,122.7635451,14.09477453,122.76491348,4,474466.3745,1558828.662,0.0,DENR-LMB via Geoportal Lot Plotter,2026-09-21,1.0.0,Reference only - not a certified monument description,Labo,0.0
52095,"BBM No. 9, Cad 238, Labo Cadastre",Labo,0501606000,LABO,Labo,Camarines Norte,0501600000,BBM,Barrio Boundary Monument,9,Cad-238,,,14.09593593,122.7635604,14.09450378,122.76492879,4,474467.994,1558798.706,0.003,DENR-LMB via Geoportal Lot Plotter,2026-09-21,1.0.0,Reference only - not a certified monument description,Labo,0.0
52096,"BBM No. 89, Cad 238, Labo Cadastre",Labo,0501606000,LABO,Labo,Camarines Norte,0501600000,BBM,Barrio Boundary Monument,89,Cad-238,,,14.12541853,122.8352241,14.12398606,122.83659165,4,482208.9367,1562053.732,0.003,DENR-LMB via Geoportal Lot Plotter,2026-09-21,1.0.0,Reference only - not a certified monument description,Labo,0.0
52097,"BBM No. 92, Cad 238, Labo Cadastre",Labo,0501606000,LABO,Labo,Camarines Norte,0501600000,BBM,Barrio Boundary Monument,92,Cad-238,,,14.19795426,122.7724137,14.19651558,122.77377965,4,475434.9836,1570084.004,0.001,DENR-LMB via Geoportal Lot Plotter,2026-09-21,1.0.0,Reference only - not a certified monument description,Labo,0.0
52098,"BBM No. 91, Cad 238, Labo Cadastre",Labo,0501606000,LABO,Labo,Camarines Norte,0501600000,BBM,Barrio Boundary Monument,91,Cad-238,,,14.18481463,122.7733227,14.18337684,122.77468896,4,475531.6932,1568630.272,0.003,DENR-LMB via Geoportal Lot Plotter,2026-09-21,1.0.0,Reference only - not a certified monument description,Labo,0.0
52099,"BBM No. 90, Cad 238, Labo Cadastre",Labo,0501606000,LABO,Labo,Camarines Norte,0501600000,BBM,Barrio Boundary Monument,90,Cad-238,,,14.16377648,122.7771544,14.16234016,122.77852115,4,475943.0808,1566302.428,0.001,DENR-LMB via Geoportal Lot Plotter,2026-09-21,1.0.0,Reference only - not a certified monument description,Labo,0.0
52100,"BBM No. 93, Cad 238, Labo Cadastre",Labo,0501606000,LABO,Labo,Camarines Norte,0501600000,BBM,Barrio Boundary Monument,93,Cad-238,,,14.13689412,122.7454453,14.13545886,122.74681275,4,472516.7359,1563331.929,0.005,DENR-LMB via Geoportal Lot Plotter,2026-09-21,1.0.0,Reference only - not a certified monument description,Labo,0.0
52101,"BBM No. 74, MB 05 00005 D, Municipality of Labo, Province of Camarines Norte",Labo,0501606000,LABO,Labo,Camarines Norte,0501600000,BBM,Barrio Boundary Monument,74,,,,14.21247972,122.8602611,14.21104208,122.86162653,4,484917.9669,1571683.495,0.001,DENR-LMB via Geoportal Lot Plotter,2026-09-21,1.0.0,Reference only - not a certified monument description,Vinzons,11.942979873212673
52102,"BLBM No. 1, Bo. of Bagacay, Municipality of Labo, Province of Camarines Norte",Labo,0501606000,LABO,Labo,Camarines Norte,0501600000,BLBM,Bureau of Lands Barrio Monument,1,,Bagacay,,14.20173889,122.8510556,14.20030175,122.8524213,4,483923.6503,1570495.855,0.005,DENR-LMB via Geoportal Lot Plotter,2026-09-21,1.0.0,Reference only - not a certified monument description,Labo,0.0
52103,"BLBM No. 1, Bo. of Bulhao, Municipality of Labo, Province of Camarines Norte",Labo,0501606000,LABO,Labo,Camarines Norte,0501600000,BLBM,Bureau of Lands Barrio Monument,1,,Bulhao,,14.17652222,122.8262694,14.17508618,122.82763575,4,481246.276,1567707.993,0.005,DENR-LMB via Geoportal Lot Plotter,2026-09-21,1.0.0,Reference only - not a certified monument description,Labo,0.0
52104,"BLBM No. 1, Bo. of Matogdon, Municipality of Labo, Province of Camarines Norte",Labo,0501606000,LABO,Labo,Camarines Norte,0501600000,BLBM,Bureau of Lands Barrio Monument,1,,Matogdon,,14.114825,122.8170389,14.11339282,122.81840674,4,480244.534,1560883.235,0.001,DENR-LMB via Geoportal Lot Plotter,2026-09-21,1.0.0,Reference only - not a certified monument description,Labo,0.0
52105,"BLBM No. 2, Bo. of Bagacay, Municipality of Labo, Province of Camarines Norte",Labo,0501606000,LABO,Labo,Camarines Norte,0501600000,BLBM,Bureau of Lands Barrio Monument,2,,Bagacay,,14.20222778,122.8518722,14.20079062,122.85323789,4,484011.8319,1570549.885,0.002,DENR-LMB via Geoportal Lot Plotter,2026-09-21,1.0.0,Reference only - not a certified monument description,Labo,0.0
52106,"BLBM No. 2, Bo. of Bulhao, Municipality of Labo, Province of Camarines Norte",Labo,0501606000,LABO,Labo,Camarines Norte,0501600000,BLBM,Bureau of Lands Barrio Monument,2,,Bulhao,,14.17895278,122.8266889,14.17751659,122.82805519,4,481291.7532,1567976.851,0.001,DENR-LMB via Geoportal Lot Plotter,2026-09-21,1.0.0,Reference only - not a certified monument description,Labo,0.0
52107,"BLBM No. 2, Bo. of Matogdon, Municipality of Labo, Province of Camarines Norte",Labo,0501606000,LABO,Labo,Camarines Norte,0501600000,BLBM,Bureau of Lands Barrio Monument,2,,Matogdon,,14.11372778,122.8162111,14.11229565,122.81757896,4,480155.0583,1560761.92,0.001,DENR-LMB via Geoportal Lot Plotter,2026-09-21,1.0.0,Reference only - not a certified monument description,Labo,0.0
52108,"BLLM No. 1, Municipality of Labo, Province of Camarines Norte",Labo,0501606000,LABO,Labo,Camarines Norte,0501600000,BLLM,Bureau of Lands Location Monument,1,,,,14.15599444,122.8286028,14.1545598,122.82996963,4,481496.4908,1565436.832,0.002,DENR-LMB via Geoportal Lot Plotter,2026-09-21,1.0.0,Reference only - not a certified monument description,Labo,0.0
52109,"BLLM No. 1, Cad 176, Labo Cadastre",Labo,0501606000,LABO,Labo,Camarines Norte,0501600000,BLLM,Bureau of Lands Location Monument,1,Cad-176,,,14.15599444,122.8286028,14.1545598,122.82996963,4,481496.4908,1565436.832,0.002,DENR-LMB via Geoportal Lot Plotter,2026-09-21,1.0.0,Reference only - not a certified monument description,Labo,0.0
52110,"BLLM No. 1, Cad 238, Labo Cadastre",Labo,0501606000,LABO,Labo,Camarines Norte,0501600000,BLLM,Bureau of Lands Location Monument,1,Cad-238,,,14.15599444,122.8286028,14.1545598,122.82996963,4,481496.4908,1565436.832,0.002,DENR-LMB via Geoportal Lot Plotter,2026-09-21,1.0.0,Reference only - not a certified monument description,Labo,0.0
52111,"BLLM No. 1, Pls 714, Labo Public Land Subdivision",Labo,0501606000,LABO,Labo,Camarines Norte,0501600000,BLLM,Bureau of Lands Location Monument,1,Pls-714,,,14.15599444,122.8286028,14.1545598,122.82996963,4,481496.4908,1565436.832,0.002,DENR-LMB via Geoportal Lot Plotter,2026-09-21,1.0.0,Reference only - not a certified monument description,Labo,0.0
52112,"BLLM No. 1, Pls 486 D, Labo Public Land Subdivision",Labo,0501606000,LABO,Labo,Camarines Norte,0501600000,BLLM,Bureau of Lands Location Monument,1,Pls-486-D,,,14.15599444,122.8286028,14.1545598,122.82996963,4,481496.4908,1565436.832,0.002,DENR-LMB via Geoportal Lot Plotter,2026-09-21,1.0.0,Reference only - not a certified monument description,Labo,0.0
52113,"BLLM No. 10, Cad 176, Labo Cadastre",Labo,0501606000,LABO,Labo,Camarines Norte,0501600000,BLLM,Bureau of Lands Location Monument,10,Cad-176,,,14.13738646,122.7687428,14.13595169,122.77011019,4,475032.132,1563383.792,0.005,DENR-LMB via Geoportal Lot Plotter,2026-09-21,1.0.0,Reference only - not a certified monument description,Labo,0.0
52114,"BLLM No. 10, Cad 238, Labo Cadastre",Labo,0501606000,LABO,Labo,Camarines Norte,0501600000,BLLM,Bureau of Lands Location Monument,10,Cad-238,,,14.13738642,122.7687428,14.13595165,122.77011019,4,475032.1333,1563383.788,0.003,DENR-LMB via Geoportal Lot Plotter,2026-09-21,1.0.0,Reference only - not a certified monument description,Labo,0.0
52115,"BLLM No. 11, Cad 176, Labo Cadastre",Labo,0501606000,LABO,Labo,Camarines Norte,0501600000,BLLM,Bureau of Lands Location Monument,11,Cad-176,,,14.11364908,122.7609222,14.1122157,122.76229017,4,474185.097,1560758.586,0.004,DENR-LMB via Geoportal Lot Plotter,2026-09-21,1.0.0,Reference only - not a certified monument description,Labo,0.0
52116,"BLLM No. 102, Pls 714, Labo Public Land Subdivision",Labo,0501606000,LABO,Labo,Camarines Norte,0501600000,BLLM,Bureau of Lands Location Monument,102,Pls-714,,,14.15958535,122.5871902,14.15814501,122.58855741,4,455434.7557,1565866.595,0.004,DENR-LMB via Geoportal Lot Plotter,2026-09-21,1.0.0,Reference only - not a certified monument description,Labo,0.0
52117,"BLLM No. 101, Pls 714, Labo Public Land Subdivsion",Labo,0501606000,LABO,Labo,Camarines Norte,0501600000,BLLM,Bureau of Lands Location Monument,101,Pls-714,,,14.15858821,122.5892775,14.15714798,122.59064473,4,455659.9061,1565755.883,0.0,DENR-LMB via Geoportal Lot Plotter,2026-09-21,1.0.0,Reference only - not a certified monument description,Labo,0.0
52118,"BLLM No. 12, Cad 176, Labo Cadastre",Labo,0501606000,LABO,Labo,Camarines Norte,0501600000,BLLM,Bureau of Lands Location Monument,12,Cad-176,,,14.10441778,122.7446117,14.10298464,122.74597992,4,472422.824,1559739.186,0.001,DENR-LMB via Geoportal Lot Plotter,2026-09-21,1.0.0,Reference only - not a certified monument description,Labo,0.0
52119,"BLLM No. 12, Cad 238, Labo Cadastre",Labo,0501606000,LABO,Labo,Camarines Norte,0501600000,BLLM,Bureau of Lands Location Monument,12,Cad-238,,,14.10443079,122.7446271,14.10299765,122.74599532,4,472424.483,1559740.623,0.004,DENR-LMB via Geoportal Lot Plotter,2026-09-21,1.0.0,Reference only - not a certified monument description,Labo,0.0
52120,"BLLM No. 13, Cad 176, Labo Cadastre",Labo,0501606000,LABO,Labo,Camarines Norte,0501600000,BLLM,Bureau of Lands Location Monument,13,Cad-176,,,14.12244129,122.7930067,14.12100806,122.7943744,4,477650.359,1561727.972,0.001,DENR-LMB via Geoportal Lot Plotter,2026-09-21,1.0.0,Reference only - not a certified monument description,Labo,0.0
52121,"BLLM No. 13, Cad 238, Labo Cadastre",Labo,0501606000,LABO,Labo,Camarines Norte,0501600000,BLLM,Bureau of Lands Location Monument,13,Cad-238,,,14.12243748,122.793022,14.12100425,122.7943897,4,477652.0115,1561727.549,0.0,DENR-LMB via Geoportal Lot Plotter,2026-09-21,1.0.0,Reference only - not a certified monument description,Labo,0.0
52122,"BLLM No. 13 B, (PRS 92) Cad 238, Labo Cadastre",Labo,0501606000,LABO,Labo,Camarines Norte,0501600000,BLLM,Bureau of Lands Location Monument,13,Cad-238,,,14.18904444,122.5162664,14.18760055,122.51763304,4,447784.7066,1569140.383,0.001,DENR-LMB via Geoportal Lot Plotter,2026-09-21,1.0.0,Reference only - not a certified monument description,Labo,0.0
52123,"BLLM No. 14, Cad 176, Labo Cadastre",Labo,0501606000,LABO,Labo,Camarines Norte,0501600000,BLLM,Bureau of Lands Location Monument,14,Cad-176,,,14.12175803,122.7923428,14.12032483,122.79371052,4,477578.607,1561652.447,0.003,DENR-LMB via Geoportal Lot Plotter,2026-09-21,1.0.0,Reference only - not a certified monument description,Labo,0.0
52124,"BLLM No. 14, Cad 238, Labo Cadastre",Labo,0501606000,LABO,Labo,Camarines Norte,0501600000,BLLM,Bureau of Lands Location Monument,14,Cad-238,,,14.12175433,122.7923581,14.12032113,122.79372582,4,477580.2595,1561652.035,0.002,DENR-LMB via Geoportal Lot Plotter,2026-09-21,1.0.0,Reference only - not a certified monument description,Labo,0.0
52125,"BLLM No. 15, Cad 176, Labo Cadastre",Labo,0501606000,LABO,Labo,Camarines Norte,0501600000,BLLM,Bureau of Lands Location Monument,15,Cad-176,,,14.10808479,122.7901796,14.10665244,122.79154765,4,477343.69,1560139.996,0.001,DENR-LMB via Geoportal Lot Plotter,2026-09-21,1.0.0,Reference only - not a certified monument description,Labo,0.0
52126,"BLLM No. 16, Cad 176, Labo Cadastre",Labo,0501606000,LABO,Labo,Camarines Norte,0501600000,BLLM,Bureau of Lands Location Monument,16,Cad-176,,,14.11896359,122.7452433,14.11752951,122.74661118,4,472492.768,1561348.306,0.001,DENR-LMB via Geoportal Lot Plotter,2026-09-21,1.0.0,Reference only - not a certified monument description,Labo,0.0
52127,"BLLM No. 17, Cad 238, Labo Cadastre",Labo,0501606000,LABO,Labo,Camarines Norte,0501600000,BLLM,Bureau of Lands Location Monument,17,Cad-238,,,14.17697531,122.8577213,14.17553995,122.85908758,4,484641.4537,1567755.825,0.001,DENR-LMB via Geoportal Lot Plotter,2026-09-21,1.0.0,Reference only - not a certified monument description,Labo,0.0
52128,"BLLM No. 17, Cad 176, Labo Cadastre",Labo,0501606000,LABO,Labo,Camarines Norte,0501600000,BLLM,Bureau of Lands Location Monument,17,Cad-176,,,14.17699654,122.8577213,14.17556118,122.85908758,4,484641.454,1567758.173,0.001,DENR-LMB via Geoportal Lot Plotter,2026-09-21,1.0.0,Reference only - not a certified monument description,Labo,0.0
52129,"BLLM No. 18, Cad 176, Labo Cadastre",Labo,0501606000,LABO,Labo,Camarines Norte,0501600000,BLLM,Bureau of Lands Location Monument,18,Cad-176,,,14.17774716,122.8588713,14.17631177,122.86023756,4,484765.639,1567841.139,0.004,DENR-LMB via Geoportal Lot Plotter,2026-09-21,1.0.0,Reference only - not a certified monument description,Labo,0.0
52130,"BLLM No. 18, Cad 238, Labo Cadastre",Labo,0501606000,LABO,Labo,Camarines Norte,0501600000,BLLM,Bureau of Lands Location Monument,18,Cad-238,,,14.17772607,122.8588713,14.17629069,122.86023756,4,484765.6386,1567838.806,0.003,DENR-LMB via Geoportal Lot Plotter,2026-09-21,1.0.0,Reference only - not a certified monument description,Labo,0.0
52131,"BLLM No. 19, Cad 176, Labo Cadastre",Labo,0501606000,LABO,Labo,Camarines Norte,0501600000,BLLM,Bureau of Lands Location Monument,19,Cad-176,,,14.16678583,122.8400458,14.16535074,122.84141235,4,482732.657,1566629.802,0.005,DENR-LMB via Geoportal Lot Plotter,2026-09-21,1.0.0,Reference only - not a certified monument description,Labo,0.0
52132,"BLLM No. 19, Cad 238, Labo Cadastre",Labo,0501606000,LABO,Labo,Camarines Norte,0501600000,BLLM,Bureau of Lands Location Monument,19,Cad-238,,,14.16676239,122.8400458,14.1653273,122.84141236,4,482732.6556,1566627.208,0.005,DENR-LMB via Geoportal Lot Plotter,2026-09-21,1.0.0,Reference only - not a certified monument description,Labo,0.0
52133,"BLLM No. 2, Municipality of Labo, Province of Camarines Norte",Labo,0501606000,LABO,Labo,Camarines Norte,0501600000,BLLM,Bureau of Lands Location Monument,2,,,,14.15560833,122.8285389,14.15417372,122.82990574,4,481489.5623,1565394.122,0.001,DENR-LMB via Geoportal Lot Plotter,2026-09-21,1.0.0,Reference only - not a certified monument description,Labo,0.0
52134,"BLLM No. 2, Cad 176, Labo Cadastre",Labo,0501606000,LABO,Labo,Camarines Norte,0501600000,BLLM,Bureau of Lands Location Monument,2,Cad-176,,,14.15560948,122.8285393,14.15417487,122.82990614,4,481489.61,1565394.248,0.003,DENR-LMB via Geoportal Lot Plotter,2026-09-21,1.0.0,Reference only - not a certified monument description,Labo,0.0
52135,"BLLM No. 2, Cad 238, Labo Cadastre",Labo,0501606000,LABO,Labo,Camarines Norte,0501600000,BLLM,Bureau of Lands Location Monument,2,Cad-238,,,14.15560948,122.8285393,14.15417487,122.82990614,4,481489.61,1565394.249,0.003,DENR-LMB via Geoportal Lot Plotter,2026-09-21,1.0.0,Reference only - not a certified monument description,Labo,0.0
52136,"BLLM No. 2, Pls 714, Labo Public Land Subdivsion",Labo,0501606000,LABO,Labo,Camarines Norte,0501600000,BLLM,Bureau of Lands Location Monument,2,Pls-714,,,14.15560948,122.8285393,14.15417487,122.82990614,4,481489.61,1565394.249,0.003,DENR-LMB via Geoportal Lot Plotter,2026-09-21,1.0.0,Reference only - not a certified monument description,Labo,0.0
52137,"BLLM No. 20, Cad 176, Labo Cadastre",Labo,0501606000,LABO,Labo,Camarines Norte,0501600000,BLLM,Bureau of Lands Location Monument,20,Cad-176,,,14.16767712,122.8406409,14.16624198,122.84200743,4,482796.976,1566728.361,0.005,DENR-LMB via Geoportal Lot Plotter,2026-09-21,1.0.0,Reference only - not a certified monument description,Labo,0.0
52138,"BLLM No. 20, Cad 238, Labo Cadastre",Labo,0501606000,LABO,Labo,Camarines Norte,0501600000,BLLM,Bureau of Lands Location Monument,20,Cad-238,,,14.1676537,122.8406409,14.16621857,122.84200743,4,482796.9748,1566725.77,0.005,DENR-LMB via Geoportal Lot Plotter,2026-09-21,1.0.0,Reference only - not a certified monument description,Labo,0.0
52139,"BLLM No. 1, Gss 253, Labo Group Settlement Survey",Labo,0501606000,LABO,Labo,Camarines Norte,0501600000,BLLM,Bureau of Lands Location Monument,1,,,,14.07729722,122.7871667,14.07586684,122.78853549,4,477015.2733,1556734.292,0.004,DENR-LMB via Geoportal Lot Plotter,2026-09-21,1.0.0,Reference only - not a certified monument description,Labo,0.0
52140,"BLLM No. 21, Cad 238, Labo Cadastre",Labo,0501606000,LABO,Labo,Camarines Norte,0501600000,BLLM,Bureau of Lands Location Monument,21,Cad-238,,,14.15578399,122.8466848,14.15434978,122.8480516,4,483448.5633,1565412.197,0.005,DENR-LMB via Geoportal Lot Plotter,2026-09-21,1.0.0,Reference only - not a certified monument description,Labo,0.0
52141,"BLLM No. 22, Cad 238, Labo Cadastre",Labo,0501606000,LABO,Labo,Camarines Norte,0501600000,BLLM,Bureau of Lands Location Monument,22,Cad-238,,,14.15575651,122.8479254,14.15432233,122.8492922,4,483582.4848,1565409.069,0.004,DENR-LMB via Geoportal Lot Plotter,2026-09-21,1.0.0,Reference only - not a certified monument description,Labo,0.0
52142,"BLLM No. 23, Cad 238, Labo Cadastre",Labo,0501606000,LABO,Labo,Camarines Norte,0501600000,BLLM,Bureau of Lands Location Monument,23,Cad-238,,,14.13562487,122.8365919,14.13419176,122.8379592,4,482357.4035,1563182.747,0.001,DENR-LMB via Geoportal Lot Plotter,2026-09-21,1.0.0,Reference only - not a certified monument description,Labo,0.0
52143,"BLLM No. 24, Cad 238, Labo Cadastre",Labo,0501606000,LABO,Labo,Camarines Norte,0501600000,BLLM,Bureau of Lands Location Monument,24,Cad-238,,,14.13515006,122.8352775,14.13371695,122.83664482,4,482215.4517,1563130.318,0.003,DENR-LMB via Geoportal Lot Plotter,2026-09-21,1.0.0,Reference only - not a certified monument description,Labo,0.0
52144,"BLLM No. 25, Cad 238, Labo Cadastre",Labo,0501606000,LABO,Labo,Camarines Norte,0501600000,BLLM,Bureau of Lands Location Monument,25,Cad-238,,,14.10340694,122.8347207,14.10197591,122.83608877,4,482152.8718,1559618.653,0.004,DENR-LMB via Geoportal Lot Plotter,2026-09-21,1.0.0,Reference only - not a certified monument description,Labo,0.0
52145,"BLLM No. 26, Cad 238, Labo Cadastre",Labo,0501606000,LABO,Labo,Camarines Norte,0501600000,BLLM,Bureau of Lands Location Monument,26,Cad-238,,,14.10350618,122.8352034,14.10207516,122.83657147,4,482204.9974,1559629.596,0.001,DENR-LMB via Geoportal Lot Plotter,2026-09-21,1.0.0,Reference only - not a certified monument description,Labo,0.0
52146,"BLLM No. 27, Cad 238, Labo Cadastre",Labo,0501606000,LABO,Labo,Camarines Norte,0501600000,BLLM,Bureau of Lands Location Monument,27,Cad-238,,,14.11468462,122.8269535,14.11325267,122.82832132,4,481315.0703,1560866.893,0.002,DENR-LMB via Geoportal Lot Plotter,2026-09-21,1.0.0,Reference only - not a certified monument description,Labo,0.0
52147,"BLLM No. 28, Cad 238, Labo Cadastre",Labo,0501606000,LABO,Labo,Camarines Norte,0501600000,BLLM,Bureau of Lands Location Monument,28,Cad-238,,,14.11506461,122.8282129,14.11363266,122.82958071,4,481451.0847,1560908.831,0.001,DENR-LMB via Geoportal Lot Plotter,2026-09-21,1.0.0,Reference only - not a certified monument description,Labo,0.0
52148,"BLLM No. 29, Cad 238, Labo Cadastre",Labo,0501606000,LABO,Labo,Camarines Norte,0501600000,BLLM,Bureau of Lands Location Monument,29,Cad-238,,,14.12142644,122.8049386,14.11999355,122.8063063,4,478938.5924,1561614.597,0.001,DENR-LMB via Geoportal Lot Plotter,2026-09-21,1.0.0,Reference only - not a certified monument description,Labo,0.0
52149,"BLLM No. 3, Cad 176, Labo Cadastre",Labo,0501606000,LABO,Labo,Camarines Norte,0501600000,BLLM,Bureau of Lands Location Monument,3,Cad-176,,,14.15542899,122.8283197,14.15399438,122.82968655,4,481465.887,1565374.298,0.002,DENR-LMB via Geoportal Lot Plotter,2026-09-21,1.0.0,Reference only - not a certified monument description,Labo,0.0
52150,"BLLM No. 3, Cad 238, Labo Cadastre",Labo,0501606000,LABO,Labo,Camarines Norte,0501600000,BLLM,Bureau of Lands Location Monument,3,Cad-238,,,14.15542898,122.8283197,14.15399437,122.82968655,4,481465.8864,1565374.297,0.002,DENR-LMB via Geoportal Lot Plotter,2026-09-21,1.0.0,Reference only - not a certified monument description,Labo,0.0
52151,"BLLM No. 30, Cad 238, Labo Cadastre",Labo,0501606000,LABO,Labo,Camarines Norte,0501600000,BLLM,Bureau of Lands Location Monument,30,Cad-238,,,14.12151131,122.8066849,14.12007845,122.8080526,4,479127.1508,1561623.83,0.003,DENR-LMB via Geoportal Lot Plotter,2026-09-21,1.0.0,Reference only - not a certified monument description,Labo,0.0
52152,"BLLM No. 31, Cad 238, Labo Cadastre",Labo,0501606000,LABO,Labo,Camarines Norte,0501600000,BLLM,Bureau of Lands Location Monument,31,Cad-238,,,14.13520093,122.8079158,14.1337672,122.80928317,4,479261.3006,1563138.193,0.003,DENR-LMB via Geoportal Lot Plotter,2026-09-21,1.0.0,Reference only - not a certified monument description,Labo,0.0
52153,"BLLM No. 32, Cad 238, Labo Cadastre",Labo,0501606000,LABO,Labo,Camarines Norte,0501600000,BLLM,Bureau of Lands Location Monument,32,Cad-238,,,14.13547309,122.8088415,14.13403936,122.81020886,4,479361.2681,1563168.219,0.001,DENR-LMB via Geoportal Lot Plotter,2026-09-21,1.0.0,Reference only - not a certified monument description,Labo,0.0
52154,"BLLM No. 33, Cad 238, Labo Cadastre",Labo,0501606000,LABO,Labo,Camarines Norte,0501600000,BLLM,Bureau of Lands Location Monument,33,Cad-238,,,14.15144084,122.8083368,14.15000604,122.80970378,4,479308.2217,1564934.764,0.002,DENR-LMB via Geoportal Lot Plotter,2026-09-21,1.0.0,Reference only - not a certified monument description,Labo,0.0
52155,"BLLM No. 34, Cad 238, Labo Cadastre",Labo,0501606000,LABO,Labo,Camarines Norte,0501600000,BLLM,Bureau of Lands Location Monument,34,Cad-238,,,14.13541425,122.8083593,14.13398051,122.80972666,4,479309.1957,1563161.752,0.004,DENR-LMB via Geoportal Lot Plotter,2026-09-21,1.0.0,Reference only - not a certified monument description,Labo,0.0
52156,"BLLM No. 35, Cad 238, Labo Cadastre",Labo,0501606000,LABO,Labo,Camarines Norte,0501600000,BLLM,Bureau of Lands Location Monument,35,Cad-238,,,14.14258492,122.7455469,14.14114928,122.74691421,4,472528.3779,1563961.489,0.005,DENR-LMB via Geoportal Lot Plotter,2026-09-21,1.0.0,Reference only - not a certified monument description,Labo,0.0
52157,"BLLM No. 37, Cad 238, Labo Cadastre",Labo,0501606000,LABO,Labo,Camarines Norte,0501600000,BLLM,Bureau of Lands Location Monument,37,Cad-238,,,14.16176902,122.7603162,14.16033245,122.76168303,4,474125.1036,1566082.139,0.002,DENR-LMB via Geoportal Lot Plotter,2026-09-21,1.0.0,Reference only - not a certified monument description,Labo,0.0
52158,"BLLM No. 36, Cad 238, Labo Cadastre",Labo,0501606000,LABO,Labo,Camarines Norte,0501600000,BLLM,Bureau of Lands Location Monument,36,Cad-238,,,14.14384556,122.7441966,14.14240981,122.74556389,4,472382.7558,1564101.111,0.004,DENR-LMB via Geoportal Lot Plotter,2026-09-21,1.0.0,Reference only - not a certified monument description,Labo,0.0
52159,"BLLM No. 39, Cad 238, Labo Cadastre",Labo,0501606000,LABO,Labo,Camarines Norte,0501600000,BLLM,Bureau of Lands Location Monument,39,Cad-238,,,14.17274023,122.7392683,14.17130246,122.74063491,4,471854.2366,1567298.312,0.003,DENR-LMB via Geoportal Lot Plotter,2026-09-21,1.0.0,Reference only - not a certified monument description,Labo,0.0
52160,"BLLM No. 38, Cad 238, Labo Cadastre",Labo,0501606000,LABO,Labo,Camarines Norte,0501600000,BLLM,Bureau of Lands Location Monument,38,Cad-238,,,14.16183057,122.7615474,14.16039403,122.76291423,4,474258.0229,1566088.813,0.004,DENR-LMB via Geoportal Lot Plotter,2026-09-21,1.0.0,Reference only - not a certified monument description,Labo,0.0
52161,"BLLM No. 4, Cad 176, Labo Cadastre",Labo,0501606000,LABO,Labo,Camarines Norte,0501600000,BLLM,Bureau of Lands Location Monument,4,Cad-176,,,14.09664959,122.7832198,14.09521784,122.78458814,4,476591.008,1558875.612,0.003,DENR-LMB via Geoportal Lot Plotter,2026-09-21,1.0.0,Reference only - not a certified monument description,Labo,0.0
52162,"BLLM No. 4, Cad 238, Labo Cadastre",Labo,0501606000,LABO,Labo,Camarines Norte,0501600000,BLLM,Bureau of Lands Location Monument,4,Cad-238,,,14.09664951,122.7832199,14.09521776,122.78458824,4,476591.0183,1558875.603,0.002,DENR-LMB via Geoportal Lot Plotter,2026-09-21,1.0.0,Reference only - not a certified monument description,Labo,0.0
52163,"BLLM No. 40, Cad 238, Labo Cadastre",Labo,0501606000,LABO,Labo,Camarines Norte,0501600000,BLLM,Bureau of Lands Location Monument,40,Cad-238,,,14.17274863,122.7415864,14.17131092,122.742953,4,472104.4771,1567298.963,0.004,DENR-LMB via Geoportal Lot Plotter,2026-09-21,1.0.0,Reference only - not a certified monument description,Labo,0.0
52164,"BLLM No. 41, Cad 238, Labo Cadastre",Labo,0501606000,LABO,Labo,Camarines Norte,0501600000,BLLM,Bureau of Lands Location Monument,41,Cad-238,,,14.17035088,122.7568185,14.16891367,122.75818513,4,473748.4945,1567031.939,0.004,DENR-LMB via Geoportal Lot Plotter,2026-09-21,1.0.0,Reference only - not a certified monument description,Labo,0.0
52165,"BLLM No. 42, Cad 238, Labo Cadastre",Labo,0501606000,LABO,Labo,Camarines Norte,0501600000,BLLM,Bureau of Lands Location Monument,42,Cad-238,,,14.16966394,122.7575448,14.16822679,122.75891145,4,473826.8256,1566955.86,0.002,DENR-LMB via Geoportal Lot Plotter,2026-09-21,1.0.0,Reference only - not a certified monument description,Labo,0.0
52166,"BLLM No. 43, Cad 238, Labo Cadastre",Labo,0501606000,LABO,Labo,Camarines Norte,0501600000,BLLM,Bureau of Lands Location Monument,43,Cad-238,,,14.19480734,122.7734312,14.19336889,122.77479722,4,475544.4718,1569735.754,0.002,DENR-LMB via Geoportal Lot Plotter,2026-09-21,1.0.0,Reference only - not a certified monument description,Labo,0.0
52167,"BLLM No. 44, Cad 238, Labo Cadastre",Labo,0501606000,LABO,Labo,Camarines Norte,0501600000,BLLM,Bureau of Lands Location Monument,44,Cad-238,,,14.19542134,122.7725055,14.19398283,122.77387151,4,475444.6159,1569803.778,0.004,DENR-LMB via Geoportal Lot Plotter,2026-09-21,1.0.0,Reference only - not a certified monument description,Labo,0.0
52168,"BLLM No. 45, Cad 238, Labo Cadastre",Labo,0501606000,LABO,Labo,Camarines Norte,0501600000,BLLM,Bureau of Lands Location Monument,45,Cad-238,,,14.18586371,122.7850283,14.18442612,122.78639451,4,476795.3417,1568745.138,0.002,DENR-LMB via Geoportal Lot Plotter,2026-09-21,1.0.0,Reference only - not a certified monument description,Labo,0.0
52169,"BLLM No. 47, Cad 238, Labo Cadastre",Labo,0501606000,LABO,Labo,Camarines Norte,0501600000,BLLM,Bureau of Lands Location Monument,47,Cad-238,,,14.20185958,122.7873527,14.20042099,122.78871852,4,477047.859,1570514.53,0.001,DENR-LMB via Geoportal Lot Plotter,2026-09-21,1.0.0,Reference only - not a certified monument description,Labo,0.0
52170,"BLLM No. 46, Cad 238, Labo Cadastre",Labo,0501606000,LABO,Labo,Camarines Norte,0501600000,BLLM,Bureau of Lands Location Monument,46,Cad-238,,,14.1858186,122.7872377,14.18438106,122.7886039,4,477033.8276,1568739.929,0.002,DENR-LMB via Geoportal Lot Plotter,2026-09-21,1.0.0,Reference only - not a certified monument description,Labo,0.0
52171,"BLLM No. 48, Cad 238, Labo Cadastre",Labo,0501606000,LABO,Labo,Camarines Norte,0501600000,BLLM,Bureau of Lands Location Monument,48,Cad-238,,,14.20145807,122.7894918,14.20001955,122.79085763,4,477278.7063,1570469.902,0.003,DENR-LMB via Geoportal Lot Plotter,2026-09-21,1.0.0,Reference only - not a certified monument description,Labo,0.0
52172,"BLLM No. 49, Cad 238, Labo Cadastre",Labo,0501606000,LABO,Labo,Camarines Norte,0501600000,BLLM,Bureau of Lands Location Monument,49,Cad-238,,,14.19276124,122.7992307,14.19132351,122.80059672,4,478329.0538,1569506.847,0.001,DENR-LMB via Geoportal Lot Plotter,2026-09-21,1.0.0,Reference only - not a certified monument description,Labo,0.0
52173,"BLLM No. 5, Cad 176, Labo Cadastre",Labo,0501606000,LABO,Labo,Camarines Norte,0501600000,BLLM,Bureau of Lands Location Monument,5,Cad-176,,,14.10510378,122.8048802,14.10367196,122.80624829,4,478930.789,1559808.842,0.003,DENR-LMB via Geoportal Lot Plotter,2026-09-21,1.0.0,Reference only - not a certified monument description,Labo,0.0
52174,"BLLM No. 5, Cad 238, Labo Cadastre",Labo,0501606000,LABO,Labo,Camarines Norte,0501600000,BLLM,Bureau of Lands Location Monument,5,Cad-238,,,14.10510374,122.8048803,14.10367192,122.80624839,4,478930.7959,1559808.838,0.001,DENR-LMB via Geoportal Lot Plotter,2026-09-21,1.0.0,Reference only - not a certified monument description,Labo,0.0
52175,"BLLM No. 50, Cad 238, Labo Cadastre",Labo,0501606000,LABO,Labo,Camarines Norte,0501600000,BLLM,Bureau of Lands Location Monument,50,Cad-238,,,14.19325828,122.7999038,14.19182054,122.8012698,4,478401.7509,1569561.772,0.003,DENR-LMB via Geoportal Lot Plotter,2026-09-21,1.0.0,Reference only - not a certified monument description,Labo,0.0
52176,"BLLM No. 51, Cad 238, Labo Cadastre",Labo,0501606000,LABO,Labo,Camarines Norte,0501600000,BLLM,Bureau of Lands Location Monument,51,Cad-238,,,14.19753592,122.8137085,14.19609821,122.81507437,4,479892.2112,1570033.775,0.005,DENR-LMB via Geoportal Lot Plotter,2026-09-21,1.0.0,Reference only - not a certified monument description,Labo,0.0
52177,"BLLM No. 52, Cad 238, Labo Cadastre",Labo,0501606000,LABO,Labo,Camarines Norte,0501600000,BLLM,Bureau of Lands Location Monument,52,Cad-238,,,14.19710694,122.8144326,14.19566927,122.81579848,4,479970.3228,1569986.255,0.003,DENR-LMB via Geoportal Lot Plotter,2026-09-21,1.0.0,Reference only - not a certified monument description,Labo,0.0
52178,"BLLM No. 53, Cad 238, Labo Cadastre",Labo,0501606000,LABO,Labo,Camarines Norte,0501600000,BLLM,Bureau of Lands Location Monument,53,Cad-238,,,14.20424509,122.8383819,14.20280749,122.83974757,4,482555.9038,1570774.024,0.002,DENR-LMB via Geoportal Lot Plotter,2026-09-21,1.0.0,Reference only - not a certified monument description,Labo,0.0
52179,"BLLM No. 56, Cad 238, Labo Cadastre",Labo,0501606000,LABO,Labo,Camarines Norte,0501600000,BLLM,Bureau of Lands Location Monument,56,Cad-238,,,14.17293067,122.8292045,14.17149493,122.83057093,4,481562.8194,1567310.428,0.002,DENR-LMB via Geoportal Lot Plotter,2026-09-21,1.0.0,Reference only - not a certified monument description,Labo,0.0
52180,"BLLM No. 55, Cad 238, Labo Cadastre",Labo,0501606000,LABO,Labo,Camarines Norte,0501600000,BLLM,Bureau of Lands Location Monument,55,Cad-238,,,14.17253206,122.8276023,14.17109631,122.82896874,4,481389.825,1567266.457,0.004,DENR-LMB via Geoportal Lot Plotter,2026-09-21,1.0.0,Reference only - not a certified monument description,Labo,0.0
52181,"BLLM No. 54, Cad 238, Labo Cadastre",Labo,0501606000,LABO,Labo,Camarines Norte,0501600000,BLLM,Bureau of Lands Location Monument,54,Cad-238,,,14.20404994,122.8390845,14.20261237,122.84045017,4,482631.7244,1570752.383,0.001,DENR-LMB via Geoportal Lot Plotter,2026-09-21,1.0.0,Reference only - not a certified monument description,Labo,0.0
52182,"BLLM No. 57, Cad 238, Labo Cadastre",Labo,0501606000,LABO,Labo,Camarines Norte,0501600000,BLLM,Bureau of Lands Location Monument,57,Cad-238,,,14.11476873,122.8170232,14.11333655,122.81839104,4,480242.836,1560877.01,0.001,DENR-LMB via Geoportal Lot Plotter,2026-09-21,1.0.0,Reference only - not a certified monument description,Labo,0.0
52183,"BLLM No. 58, Cad 238, Labo Cadastre",Labo,0501606000,LABO,Labo,Camarines Norte,0501600000,BLLM,Bureau of Lands Location Monument,58,Cad-238,,,14.11367006,122.816187,14.11223793,122.81755487,4,480152.4515,1560755.536,0.002,DENR-LMB via Geoportal Lot Plotter,2026-09-21,1.0.0,Reference only - not a certified monument description,Labo,0.0
52184,"BLLM No. 59, Cad 238, Labo Cadastre",Labo,0501606000,LABO,Labo,Camarines Norte,0501600000,BLLM,Bureau of Lands Location Monument,59,Cad-238,,,14.20170325,122.8510578,14.20026611,122.8524235,4,483923.8935,1570491.912,0.003,DENR-LMB via Geoportal Lot Plotter,2026-09-21,1.0.0,Reference only - not a certified monument description,Labo,0.0
52185,"BLLM No. 6, Cad 176, Labo Cadastre",Labo,0501606000,LABO,Labo,Camarines Norte,0501600000,BLLM,Bureau of Lands Location Monument,6,Cad-176,,,14.10865921,122.7753266,14.10722649,122.77669466,4,475739.927,1560205.025,0.003,DENR-LMB via Geoportal Lot Plotter,2026-09-21,1.0.0,Reference only - not a certified monument description,Labo,0.0
52186,"BLLM No. 6, Cad 238, Labo Cadastre",Labo,0501606000,LABO,Labo,Camarines Norte,0501600000,BLLM,Bureau of Lands Location Monument,6,Cad-238,,,14.10865913,122.7753267,14.10722641,122.77669476,4,475739.9335,1560205.016,0.002,DENR-LMB via Geoportal Lot Plotter,2026-09-21,1.0.0,Reference only - not a certified monument description,Labo,0.0
52187,"BLLM No. 60, Cad 238, Labo Cadastre",Labo,0501606000,LABO,Labo,Camarines Norte,0501600000,BLLM,Bureau of Lands Location Monument,60,Cad-238,,,14.20219207,122.8518736,14.20075491,122.85323929,4,484011.9791,1570545.934,0.001,DENR-LMB via Geoportal Lot Plotter,2026-09-21,1.0.0,Reference only - not a certified monument description,Labo,0.0
52188,"BLLM No. 63, Cad 238, Labo Cadastre",Labo,0501606000,LABO,Labo,Camarines Norte,0501600000,BLLM,Bureau of Lands Location Monument,63,Cad-238,,,14.18539704,122.7575826,14.18395886,122.75894887,4,473832.7104,1568696.408,0.002,DENR-LMB via Geoportal Lot Plotter,2026-09-21,1.0.0,Reference only - not a certified monument description,Labo,0.0
52189,"BLLM No. 61, Cad 238, Labo Cadastre",Labo,0501606000,LABO,Labo,Camarines Norte,0501600000,BLLM,Bureau of Lands Location Monument,61,Cad-238,,,14.1764861,122.826272,14.17505006,122.82763835,4,481246.552,1567703.997,0.003,DENR-LMB via Geoportal Lot Plotter,2026-09-21,1.0.0,Reference only - not a certified monument description,Labo,0.0
52190,"BLLM No. 65, Cad 238, Labo Cadastre",Labo,0501606000,LABO,Labo,Camarines Norte,0501600000,BLLM,Bureau of Lands Location Monument,65,Cad-238,,,14.18861246,122.7128678,14.18717305,122.71423408,4,469006.4565,1569057.597,0.001,DENR-LMB via Geoportal Lot Plotter,2026-09-21,1.0.0,Reference only - not a certified monument description,Labo,0.0
52191,"BLLM No. 62, Cad 238, Labo Cadastre",Labo,0501606000,LABO,Labo,Camarines Norte,0501600000,BLLM,Bureau of Lands Location Monument,62,Cad-238,,,14.17891681,122.8266931,14.17748062,122.82805939,4,481292.207,1567972.871,0.002,DENR-LMB via Geoportal Lot Plotter,2026-09-21,1.0.0,Reference only - not a certified monument description,Labo,0.0
52192,"BLLM No. 66, Cad 238, Labo Cadastre",Labo,0501606000,LABO,Labo,Camarines Norte,0501600000,BLLM,Bureau of Lands Location Monument,66,Cad-238,,,14.18929352,122.711054,14.18785403,122.71242027,4,468810.7694,1569133.185,0.005,DENR-LMB via Geoportal Lot Plotter,2026-09-21,1.0.0,Reference only - not a certified monument description,Labo,0.0
52193,"BLLM No. 64, Cad 238, Labo Cadastre",Labo,0501606000,LABO,Labo,Camarines Norte,0501600000,BLLM,Bureau of Lands Location Monument,64,Cad-238,,,14.18417499,122.7566747,14.18273687,122.758041,4,473734.5653,1568561.315,0.001,DENR-LMB via Geoportal Lot Plotter,2026-09-21,1.0.0,Reference only - not a certified monument description,Labo,0.0
52194,"BLLM No. 68, Cad 238, Labo Cadastre",Labo,0501606000,LABO,Labo,Camarines Norte,0501600000,BLLM,Bureau of Lands Location Monument,68,Cad-238,,,14.18784607,122.6827623,14.18640603,122.68412866,4,465756.677,1568977.012,0.002,DENR-LMB via Geoportal Lot Plotter,2026-09-21,1.0.0,Reference only - not a certified monument description,Labo,0.0
52195,"BLLM No. 67, Cad 238, Labo Cadastre",Labo,0501606000,LABO,Labo,Camarines Norte,0501600000,BLLM,Bureau of Lands Location Monument,67,Cad-238,,,14.18793674,122.6849659,14.18649674,122.68633225,4,465994.5556,1568986.721,0.004,DENR-LMB via Geoportal Lot Plotter,2026-09-21,1.0.0,Reference only - not a certified monument description,Labo,0.0
52196,"BLLM No. 69, Cad 238, Labo Cadastre",Labo,0501606000,LABO,Labo,Camarines Norte,0501600000,BLLM,Bureau of Lands Location Monument,69,Cad-238,,,14.12712771,122.8539953,14.12569555,122.85536277,4,484235.8003,1562241.476,0.005,DENR-LMB via Geoportal Lot Plotter,2026-09-21,1.0.0,Reference only - not a certified monument description,Labo,0.0
52197,"BLLM No. 7, Cad 176, Labo Cadastre",Labo,0501606000,LABO,Labo,Camarines Norte,0501600000,BLLM,Bureau of Lands Location Monument,7,Cad-176,,,14.13699933,122.7866982,14.135565,122.78806557,4,476970.677,1563339.127,0.002,DENR-LMB via Geoportal Lot Plotter,2026-09-21,1.0.0,Reference only - not a certified monument description,Labo,0.0
52198,"BLLM No. 7, Cad 238, Labo Cadastre",Labo,0501606000,LABO,Labo,Camarines Norte,0501600000,BLLM,Bureau of Lands Location Monument,7,Cad-238,,,14.1369993,122.7866982,14.13556497,122.78806557,4,476970.678,1563339.124,0.003,DENR-LMB via Geoportal Lot Plotter,2026-09-21,1.0.0,Reference only - not a certified monument description,Labo,0.0
52199,"BLLM No. 70, Cad 238, Labo Cadastre",Labo,0501606000,LABO,Labo,Camarines Norte,0501600000,BLLM,Bureau of Lands Location Monument,70,Cad-238,,,14.12865246,122.8553485,14.12722023,122.85671593,4,484382.0167,1562410.067,0.001,DENR-LMB via Geoportal Lot Plotter,2026-09-21,1.0.0,Reference only - not a certified monument description,Labo,0.0
52200,"BLLM No. 8, Cad 176, Labo Cadastre",Labo,0501606000,LABO,Labo,Camarines Norte,0501600000,BLLM,Bureau of Lands Location Monument,8,Cad-176,,,14.15394846,122.7799104,14.15251285,122.78127738,4,476239.581,1565214.878,0.001,DENR-LMB via Geoportal Lot Plotter,2026-09-21,1.0.0,Reference only - not a certified monument description,Labo,0.0
52201,"BLLM No. 8, Cad 238, Labo Cadastre",Labo,0501606000,LABO,Labo,Camarines Norte,0501600000,BLLM,Bureau of Lands Location Monument,8,Cad-238,,,14.15394846,122.7799104,14.15251285,122.78127738,4,476239.5807,1565214.877,0.0,DENR-LMB via Geoportal Lot Plotter,2026-09-21,1.0.0,Reference only - not a certified monument description,Labo,0.0
52202,"BLLM No. 9, Cad 176, Labo Cadastre",Labo,0501606000,LABO,Labo,Camarines Norte,0501600000,BLLM,Bureau of Lands Location Monument,9,Cad-176,,,14.1513013,122.7649085,14.14986553,122.76627557,4,474619.706,1564923.596,0.001,DENR-LMB via Geoportal Lot Plotter,2026-09-21,1.0.0,Reference only - not a certified monument description,Labo,0.0
52203,"BLLM No. 9, Cad 238, Labo Cadastre",Labo,0501606000,LABO,Labo,Camarines Norte,0501600000,BLLM,Bureau of Lands Location Monument,9,Cad-238,,,14.1513013,122.7649085,14.14986553,122.76627557,4,474619.706,1564923.596,0.001,DENR-LMB via Geoportal Lot Plotter,2026-09-21,1.0.0,Reference only - not a certified monument description,Labo,0.0
52204,"BLLM No. 98, Cad 238, Labo Cadastre",Labo,0501606000,LABO,Labo,Camarines Norte,0501600000,BLLM,Bureau of Lands Location Monument,98,Cad-238,,,14.17766667,122.6355556,14.17622623,122.63692229,4,460659.2646,1567858.284,0.005,DENR-LMB via Geoportal Lot Plotter,2026-09-21,1.0.0,Reference only - not a certified monument description,Labo,0.0
52205,"BLLM No. 98, Pls 486, Labo Public Land Subdivision",Labo,0501606000,LABO,Labo,Camarines Norte,0501600000,BLLM,Bureau of Lands Location Monument,98,Pls-486,,,14.17766667,122.6355556,14.17622623,122.63692229,4,460659.2646,1567858.284,0.005,DENR-LMB via Geoportal Lot Plotter,2026-09-21,1.0.0,Reference only - not a certified monument description,Labo,0.0
52206,"BLLM No. 98, Pls 486 D, Labo Public Land Subdivision",Labo,0501606000,LABO,Labo,Camarines Norte,0501600000,BLLM,Bureau of Lands Location Monument,98,Pls-486-D,,,14.17760884,122.6355344,14.1761684,122.63690109,4,460656.9721,1567851.89,0.001,DENR-LMB via Geoportal Lot Plotter,2026-09-21,1.0.0,Reference only - not a certified monument description,Labo,0.0
52207,"CMN 10, PRS 92",Labo,0501606000,LABO,Labo,Camarines Norte,0501600000,PRS92,PRS92 geodetic control point,CMN 10,,,,14.1908157,122.7215657,14.18937634,122.72293191,4,469945.6213,1569300.207,0.001,DENR-LMB via Geoportal Lot Plotter,2026-09-21,1.0.0,Reference only - not a certified monument description,Labo,0.0
52208,"CMN 27, PRS 92",Labo,0501606000,LABO,Labo,Camarines Norte,0501600000,PRS92,PRS92 geodetic control point,CMN 27,,,,14.1884841,122.4775105,14.18703937,122.47887723,4,443601.0677,1569087.395,0.004,DENR-LMB via Geoportal Lot Plotter,2026-09-21,1.0.0,Reference only - not a certified monument description,Labo,0.0
52209,"CMN 3082, PRS 92",Labo,0501606000,LABO,Labo,Camarines Norte,0501600000,PRS92,PRS92 geodetic control point,CMN 3082,,,,14.16564135,122.6165463,14.16420127,122.61791331,4,458605.0599,1566531.189,0.004,DENR-LMB via Geoportal Lot Plotter,2026-09-21,1.0.0,Reference only - not a certified monument description,Labo,0.0
52210,"CMN 3087, PRS 92",Labo,0501606000,LABO,Labo,Camarines Norte,0501600000,PRS92,PRS92 geodetic control point,CMN 3087,,,,14.15486892,122.8298919,14.15343439,122.83125876,4,481635.5743,1565312.214,0.004,DENR-LMB via Geoportal Lot Plotter,2026-09-21,1.0.0,Reference only - not a certified monument description,Labo,0.0
52211,"CMN 3088, PRS 92",Labo,0501606000,LABO,Labo,Camarines Norte,0501600000,PRS92,PRS92 geodetic control point,CMN 3088,,,,14.11803683,122.7789365,14.11660357,122.78030433,4,476130.7002,1561242.094,0.004,DENR-LMB via Geoportal Lot Plotter,2026-09-21,1.0.0,Reference only - not a certified monument description,Labo,0.0
52212,"CMN 3089, PRS 92",Labo,0501606000,LABO,Labo,Camarines Norte,0501600000,PRS92,PRS92 geodetic control point,CMN 3089,,,,14.09382819,122.7467641,14.0923958,122.74813257,4,472653.9851,1558567.416,0.003,DENR-LMB via Geoportal Lot Plotter,2026-09-21,1.0.0,Reference only - not a certified monument description,Labo,0.0
52213,"CMN 31, PRS 92",Labo,0501606000,LABO,Labo,Camarines Norte,0501600000,PRS92,PRS92 geodetic control point,CMN 31,,,,14.18732456,122.6725175,14.18588432,122.67388389,4,464650.7341,1568920.842,0.004,DENR-LMB via Geoportal Lot Plotter,2026-09-21,1.0.0,Reference only - not a certified monument description,Labo,0.0
52214,"CMN 34, PRS 92",Labo,0501606000,LABO,Labo,Camarines Norte,0501600000,PRS92,PRS92 geodetic control point,CMN 34,,,,14.18404583,122.783106,14.18260831,122.78447226,4,476587.66,1568544.218,0.002,DENR-LMB via Geoportal Lot Plotter,2026-09-21,1.0.0,Reference only - not a certified monument description,Labo,0.0
52215,"CMN 37, PRS 92",Labo,0501606000,LABO,Labo,Camarines Norte,0501600000,PRS92,PRS92 geodetic control point,CMN 37,,,,14.14247996,122.8553303,14.14104682,122.8566974,4,484380.9965,1563939.79,0.003,DENR-LMB via Geoportal Lot Plotter,2026-09-21,1.0.0,Reference only - not a certified monument description,Labo,0.0
52216,"CMN 7, PRS 92",Labo,0501606000,LABO,Labo,Camarines Norte,0501600000,PRS92,PRS92 geodetic control point,CMN 7,,,,14.09403452,122.7844067,14.09260297,122.7857751,4,476718.9058,1558586.192,0.002,DENR-LMB via Geoportal Lot Plotter,2026-09-21,1.0.0,Reference only - not a certified monument description,Labo,0.0
52217,"CMN 8, PRS 92",Labo,0501606000,LABO,Labo,Camarines Norte,0501600000,PRS92,PRS92 geodetic control point,CMN 8,,,,14.15553838,122.8287005,14.15410377,122.83006734,4,481507.0019,1565386.37,0.002,DENR-LMB via Geoportal Lot Plotter,2026-09-21,1.0.0,Reference only - not a certified monument description,Labo,0.0
52218,"CMN 9, PRS 92",Labo,0501606000,LABO,Labo,Camarines Norte,0501600000,PRS92,PRS92 geodetic control point,CMN 9,,,,14.20896611,122.7860772,14.20752702,122.78744286,4,476910.9021,1571300.851,0.004,DENR-LMB via Geoportal Lot Plotter,2026-09-21,1.0.0,Reference only - not a certified monument description,Paracale,346.15761317110656
52219,"FZM No. 34, Bo. of Daguit, Municipality of Labo, Province of Camarines Norte",Labo,0501606000,LABO,Labo,Camarines Norte,0501600000,FZM,Forest Zone Monument,34,,Daguit,,14.19594444,122.6813514,14.19450383,122.68271757,4,465605.5984,1569873.149,0.001,DENR-LMB via Geoportal Lot Plotter,2026-09-21,1.0.0,Reference only - not a certified monument description,Paracale,373.8865247076441
52220,"MBM No. 1, Cad 238, Labo Cadastre",Labo,0501606000,LABO,Labo,Camarines Norte,0501600000,MBM,Municipal Boundary Monument,1,Cad-238,,,14.1406055,122.8658501,14.13917272,122.86721723,4,485516.6296,1563731.745,0.001,DENR-LMB via Geoportal Lot Plotter,2026-09-21,1.0.0,Reference only - not a certified monument description,Labo,0.0
52221,"MBM No. 10, Cad 238, Labo Cadastre",Labo,0501606000,LABO,Labo,Camarines Norte,0501600000,MBM,Municipal Boundary Monument,10,Cad-238,,,14.19369842,122.6708905,14.19225773,122.67225674,4,464476.106,1569626.234,0.001,DENR-LMB via Geoportal Lot Plotter,2026-09-21,1.0.0,Reference only - not a certified monument description,Jose Panganiban,186.72322626698895
52222,"MBM No. 11, Cad 238, Labo Cadastre",Labo,0501606000,LABO,Labo,Camarines Norte,0501600000,MBM,Municipal Boundary Monument,11,Cad-238,,,14.21156541,122.7545822,14.21012543,122.75594786,4,473511.8724,1571591.757,0.004,DENR-LMB via Geoportal Lot Plotter,2026-09-21,1.0.0,Reference only - not a certified monument description,Paracale,909.2033751965361
52223,"MBM No. 12, Cad 238, Labo Cadastre",Labo,0501606000,LABO,Labo,Camarines Norte,0501600000,MBM,Municipal Boundary Monument,12,Cad-238,,,14.20290622,122.7790289,14.20146737,122.78039471,4,476149.5285,1570631.154,0.003,DENR-LMB via Geoportal Lot Plotter,2026-09-21,1.0.0,Reference only - not a certified monument description,Labo,0.0
52224,"MBM No. 13, Cad 238, Labo Cadastre",Labo,0501606000,LABO,Labo,Camarines Norte,0501600000,MBM,Municipal Boundary Monument,13,Cad-238,,,14.21625804,122.8191663,14.21481922,122.82053172,4,480482.9142,1572104.537,0.002,DENR-LMB via Geoportal Lot Plotter,2026-09-21,1.0.0,Reference only - not a certified monument description,Labo,0.0
52225,"MBM No. 14, Cad 238, Labo Cadastre",Labo,0501606000,LABO,Labo,Camarines Norte,0501600000,MBM,Municipal Boundary Monument,14,Cad-238,,,14.22009612,122.8294518,14.21865728,122.83081711,4,481593.3263,1572528.307,0.004,DENR-LMB via Geoportal Lot Plotter,2026-09-21,1.0.0,Reference only - not a certified monument description,Labo,0.0
52226,"MBM No. 15, Cad 238, Labo Cadastre",Labo,0501606000,LABO,Labo,Camarines Norte,0501600000,MBM,Municipal Boundary Monument,15,Cad-238,,,14.22054809,122.8562404,14.21910982,122.85760564,4,484484.5607,1572576.36,0.0,DENR-LMB via Geoportal Lot Plotter,2026-09-21,1.0.0,Reference only - not a certified monument description,Paracale,202.38277888928636
52227,"MBM No. 16, Cad 238, Labo Cadastre",Labo,0501606000,LABO,Labo,Camarines Norte,0501600000,MBM,Municipal Boundary Monument,16,Cad-238,,,14.2199781,122.8630262,14.21854003,122.86439144,4,485216.8903,1572512.862,0.001,DENR-LMB via Geoportal Lot Plotter,2026-09-21,1.0.0,Reference only - not a certified monument description,Labo,0.0
52228,"MBM No. 17, Cad 238, Labo Cadastre",Labo,0501606000,LABO,Labo,Camarines Norte,0501600000,MBM,Municipal Boundary Monument,17,Cad-238,,,14.21979796,122.8637786,14.21835991,122.86514385,4,485298.0819,1572492.885,0.001,DENR-LMB via Geoportal Lot Plotter,2026-09-21,1.0.0,Reference only - not a certified monument description,Labo,0.0
52229,"MBM No. 18, Cad 238, Labo Cadastre",Labo,0501606000,LABO,Labo,Camarines Norte,0501600000,MBM,Municipal Boundary Monument,18,Cad-238,,,14.21721703,122.8657918,14.2157792,122.8671571,4,485515.202,1572207.232,0.005,DENR-LMB via Geoportal Lot Plotter,2026-09-21,1.0.0,Reference only - not a certified monument description,Labo,0.0
52230,"MBM No. 19, Cad 238, Labo Cadastre",Labo,0501606000,LABO,Labo,Camarines Norte,0501600000,MBM,Municipal Boundary Monument,19,Cad-238,,,14.2148082,122.8639015,14.21337049,122.86526687,4,485311.0258,1571940.862,0.0,DENR-LMB via Geoportal Lot Plotter,2026-09-21,1.0.0,Reference only - not a certified monument description,Labo,0.0
52231,"MBM No. 2, Cad 238, Labo Cadastre",Labo,0501606000,LABO,Labo,Camarines Norte,0501600000,MBM,Municipal Boundary Monument,2,Cad-238,,,14.11900466,122.8429548,14.11757279,122.84432249,4,483043.1597,1561343.601,0.005,DENR-LMB via Geoportal Lot Plotter,2026-09-21,1.0.0,Reference only - not a certified monument description,Labo,0.0
52232,"MBM No. 20, Cad 238, Labo Cadastre",Labo,0501606000,LABO,Labo,Camarines Norte,0501600000,MBM,Municipal Boundary Monument,20,Cad-238,,,14.20132671,122.8600772,14.1998898,122.86144289,4,484897.3801,1570449.653,0.002,DENR-LMB via Geoportal Lot Plotter,2026-09-21,1.0.0,Reference only - not a certified monument description,Labo,0.0
52233,"MBM No. 21, Cad 238, Labo Cadastre",Labo,0501606000,LABO,Labo,Camarines Norte,0501600000,MBM,Municipal Boundary Monument,21,Cad-238,,,14.19598543,122.8585553,14.19454883,122.85992112,4,484732.7543,1569858.85,0.002,DENR-LMB via Geoportal Lot Plotter,2026-09-21,1.0.0,Reference only - not a certified monument description,Labo,0.0
52234,"MBM No. 22, Cad 238, Labo Cadastre",Labo,0501606000,LABO,Labo,Camarines Norte,0501600000,MBM,Municipal Boundary Monument,22,Cad-238,,,14.18038515,122.8658222,14.17894975,122.86718838,4,485516.1326,1568132.537,0.005,DENR-LMB via Geoportal Lot Plotter,2026-09-21,1.0.0,Reference only - not a certified monument description,Labo,0.0
52235,"MBM No. 23, Cad 238, Labo Cadastre",Labo,0501606000,LABO,Labo,Camarines Norte,0501600000,MBM,Municipal Boundary Monument,23,Cad-238,,,14.15892,122.8605757,14.15748589,122.8619424,4,484948.39,1565758.194,0.003,DENR-LMB via Geoportal Lot Plotter,2026-09-21,1.0.0,Reference only - not a certified monument description,Labo,0.0
52236,"MBM No. 3, Cad 238, Labo Cadastre",Labo,0501606000,LABO,Labo,Camarines Norte,0501600000,MBM,Municipal Boundary Monument,3,Cad-238,,,14.08622896,122.8353393,14.08479908,122.83670778,4,482218.3345,1557718.229,0.001,DENR-LMB via Geoportal Lot Plotter,2026-09-21,1.0.0,Reference only - not a certified monument description,Labo,0.0
52237,"MBM No. 4, Cad 238, Labo Cadastre",Labo,0501606000,LABO,Labo,Camarines Norte,0501600000,MBM,Municipal Boundary Monument,4,Cad-238,,,14.07626235,122.8322183,14.07483306,122.83358703,4,481880.5075,1556615.875,0.005,DENR-LMB via Geoportal Lot Plotter,2026-09-21,1.0.0,Reference only - not a certified monument description,Labo,0.0
52238,"MBM No. 5, Cad 238, Labo Cadastre",Labo,0501606000,LABO,Labo,Camarines Norte,0501600000,MBM,Municipal Boundary Monument,5,Cad-238,,,14.01477921,122.7860927,14.01335293,122.78746298,4,476893.0259,1549818.122,0.002,DENR-LMB via Geoportal Lot Plotter,2026-09-21,1.0.0,Reference only - not a certified monument description,Tagkawayan,227.77987768572385
52239,"MBM No. 7, Cad 238, Labo Cadastre",Labo,0501606000,LABO,Labo,Camarines Norte,0501600000,MBM,Municipal Boundary Monument,7,Cad-238,,,14.21594118,122.5809956,14.21449699,122.58236148,4,454777.1864,1572102.528,0.005,DENR-LMB via Geoportal Lot Plotter,2026-09-21,1.0.0,Reference only - not a certified monument description,Jose Panganiban,439.1426356472023
52240,"MBM No. 8, Cad 238, Labo Cadastre",Labo,0501606000,LABO,Labo,Camarines Norte,0501600000,MBM,Municipal Boundary Monument,8,Cad-238,,,14.19802944,122.6610307,14.19658824,122.66239686,4,463412.5345,1570106.901,0.005,DENR-LMB via Geoportal Lot Plotter,2026-09-21,1.0.0,Reference only - not a certified monument description,Jose Panganiban,240.39694035715547
52241,"MBM No. 9, Cad 238, Labo Cadastre",Labo,0501606000,LABO,Labo,Camarines Norte,0501600000,MBM,Municipal Boundary Monument,9,Cad-238,,,14.19238788,122.6647698,14.19094713,122.66613608,4,463815.2225,1569482.187,0.005,DENR-LMB via Geoportal Lot Plotter,2026-09-21,1.0.0,Reference only - not a certified monument description,Labo,0.0
52242,"P 10, Cad 176, Labo Cadastre",Labo,0501606000,LABO,Labo,Camarines Norte,0501600000,P,Numbered cadastral point (Cad survey),10,Cad-176,,,14.12804044,122.8006349,14.12660701,122.80200245,4,478474.5276,1562346.689,0.001,DENR-LMB via Geoportal Lot Plotter,2026-09-21,1.0.0,Reference only - not a certified monument description,Labo,0.0
52243,"P 100, Cad 176, Labo Cadastre",Labo,0501606000,LABO,Labo,Camarines Norte,0501600000,P,Numbered cadastral point (Cad survey),100,Cad-176,,,14.1005354,122.7413331,14.09910244,122.74270142,4,472068.3235,1559310.068,0.003,DENR-LMB via Geoportal Lot Plotter,2026-09-21,1.0.0,Reference only - not a certified monument description,Labo,0.0
52244,"P 101, Cad 176, Labo Cadastre",Labo,0501606000,LABO,Labo,Camarines Norte,0501600000,P,Numbered cadastral point (Cad survey),101,Cad-176,,,14.09977555,122.7394757,14.0983426,122.74084405,4,471867.6605,1559226.227,0.002,DENR-LMB via Geoportal Lot Plotter,2026-09-21,1.0.0,Reference only - not a certified monument description,Labo,0.0
52245,"P 1, Cad 176, Labo Cadastre",Labo,0501606000,LABO,Labo,Camarines Norte,0501600000,P,Numbered cadastral point (Cad survey),1,Cad-176,,,14.12244125,122.7930067,14.12100802,122.7943744,4,477650.362,1561727.968,0.002,DENR-LMB via Geoportal Lot Plotter,2026-09-21,1.0.0,Reference only - not a certified monument description,Labo,0.0
52246,"P 105, Cad 176, Labo Cadastre",Labo,0501606000,LABO,Labo,Camarines Norte,0501600000,P,Numbered cadastral point (Cad survey),105,Cad-176,,,14.09483788,122.7416081,14.0934053,122.74297656,4,472097.3234,1558679.722,0.0,DENR-LMB via Geoportal Lot Plotter,2026-09-21,1.0.0,Reference only - not a certified monument description,Labo,0.0
52247,"P 106, Cad 176, Labo Cadastre",Labo,0501606000,LABO,Labo,Camarines Norte,0501600000,P,Numbered cadastral point (Cad survey),106,Cad-176,,,14.09413298,122.742476,14.09270047,122.74384447,4,472190.9627,1558601.637,0.003,DENR-LMB via Geoportal Lot Plotter,2026-09-21,1.0.0,Reference only - not a certified monument description,Labo,0.0
52248,"P 107, Cad 176, Labo Cadastre",Labo,0501606000,LABO,Labo,Camarines Norte,0501600000,P,Numbered cadastral point (Cad survey),107,Cad-176,,,14.09417954,122.7435054,14.09274705,122.74487387,4,472302.1319,1558606.666,0.005,DENR-LMB via Geoportal Lot Plotter,2026-09-21,1.0.0,Reference only - not a certified monument description,Labo,0.0
52249,"P 108, Cad 176, Labo Cadastre",Labo,0501606000,LABO,Labo,Camarines Norte,0501600000,P,Numbered cadastral point (Cad survey),108,Cad-176,,,14.0936048,122.7446629,14.09217238,122.74603138,4,472427.0505,1558542.948,0.002,DENR-LMB via Geoportal Lot Plotter,2026-09-21,1.0.0,Reference only - not a certified monument description,Labo,0.0
52250,"P 102, Cad 176, Labo Cadastre",Labo,0501606000,LABO,Labo,Camarines Norte,0501600000,P,Numbered cadastral point (Cad survey),102,Cad-176,,,14.09848341,122.7388869,14.09705053,122.74025528,4,471803.919,1559083.349,0.001,DENR-LMB via Geoportal Lot Plotter,2026-09-21,1.0.0,Reference only - not a certified monument description,Labo,0.0
52251,"P 103, Cad 176, Labo Cadastre",Labo,0501606000,LABO,Labo,Camarines Norte,0501600000,P,Numbered cadastral point (Cad survey),103,Cad-176,,,14.09702123,122.7389784,14.09558845,122.74034681,4,471813.6208,1558921.579,0.002,DENR-LMB via Geoportal Lot Plotter,2026-09-21,1.0.0,Reference only - not a certified monument description,Labo,0.0
52252,"P 104, Cad 176, Labo Cadastre",Labo,0501606000,LABO,Labo,Camarines Norte,0501600000,P,Numbered cadastral point (Cad survey),104,Cad-176,,,14.09588406,122.7397058,14.09445137,122.74107424,4,471892.026,1558795.687,0.003,DENR-LMB via Geoportal Lot Plotter,2026-09-21,1.0.0,Reference only - not a certified monument description,Labo,0.0
52253,"P 110, Cad 176, Labo Cadastre",Labo,0501606000,LABO,Labo,Camarines Norte,0501600000,P,Numbered cadastral point (Cad survey),110,Cad-176,,,14.09045416,122.7457528,14.08902197,122.74712136,4,472544.3719,1558194.267,0.001,DENR-LMB via Geoportal Lot Plotter,2026-09-21,1.0.0,Reference only - not a certified monument description,Labo,0.0
52254,"P 111, Cad 176, Labo Cadastre",Labo,0501606000,LABO,Labo,Camarines Norte,0501600000,P,Numbered cadastral point (Cad survey),111,Cad-176,,,14.08945473,122.7462563,14.08802262,122.74762488,4,472598.6292,1558083.642,0.005,DENR-LMB via Geoportal Lot Plotter,2026-09-21,1.0.0,Reference only - not a certified monument description,Labo,0.0
52255,"P 112, Cad 176, Labo Cadastre",Labo,0501606000,LABO,Labo,Camarines Norte,0501600000,P,Numbered cadastral point (Cad survey),112,Cad-176,,,14.08848457,122.7464665,14.08705252,122.7478351,4,472621.2102,1557976.29,0.002,DENR-LMB via Geoportal Lot Plotter,2026-09-21,1.0.0,Reference only - not a certified monument description,Labo,0.0
52256,"P 113, Cad 176, Labo Cadastre",Labo,0501606000,LABO,Labo,Camarines Norte,0501600000,P,Numbered cadastral point (Cad survey),113,Cad-176,,,14.08705978,122.7462202,14.08562782,122.74758884,4,472594.4366,1557818.695,0.004,DENR-LMB via Geoportal Lot Plotter,2026-09-21,1.0.0,Reference only - not a certified monument description,Labo,0.0
52257,"P 109, Cad 176, Labo Cadastre",Labo,0501606000,LABO,Labo,Camarines Norte,0501600000,P,Numbered cadastral point (Cad survey),109,Cad-176,,,14.0916605,122.7452907,14.09022822,122.74665923,4,472494.6111,1558327.777,0.003,DENR-LMB via Geoportal Lot Plotter,2026-09-21,1.0.0,Reference only - not a certified monument description,Labo,0.0
52258,"P 11, Cad 176, Labo Cadastre",Labo,0501606000,LABO,Labo,Camarines Norte,0501600000,P,Numbered cadastral point (Cad survey),11,Cad-176,,,14.13046172,122.7995851,14.12902811,122.8009526,4,478361.4082,1562614.65,0.001,DENR-LMB via Geoportal Lot Plotter,2026-09-21,1.0.0,Reference only - not a certified monument description,Labo,0.0
52259,"P 118, Cad 176, Labo Cadastre",Labo,0501606000,LABO,Labo,Camarines Norte,0501600000,P,Numbered cadastral point (Cad survey),118,Cad-176,,,14.08194327,122.7462522,14.08051165,122.74762096,4,472597.2847,1557252.656,0.001,DENR-LMB via Geoportal Lot Plotter,2026-09-21,1.0.0,Reference only - not a certified monument description,Labo,0.0
52260,"P 119, Cad 176, Labo Cadastre",Labo,0501606000,LABO,Labo,Camarines Norte,0501600000,P,Numbered cadastral point (Cad survey),119,Cad-176,,,14.08168087,122.7470172,14.08024929,122.74838596,4,472679.8702,1557223.538,0.001,DENR-LMB via Geoportal Lot Plotter,2026-09-21,1.0.0,Reference only - not a certified monument description,Labo,0.0
52261,"P 12, Cad 176, Labo Cadastre",Labo,0501606000,LABO,Labo,Camarines Norte,0501600000,P,Numbered cadastral point (Cad survey),12,Cad-176,,,14.13167186,122.8005585,14.13023819,122.80192597,4,478466.6213,1562748.437,0.002,DENR-LMB via Geoportal Lot Plotter,2026-09-21,1.0.0,Reference only - not a certified monument description,Labo,0.0
52262,"P 124, Cad 176, Labo Cadastre",Labo,0501606000,LABO,Labo,Camarines Norte,0501600000,P,Numbered cadastral point (Cad survey),124,Cad-176,,,14.08349607,122.7561058,14.08206457,122.7574745,4,473661.5751,1557423.316,0.004,DENR-LMB via Geoportal Lot Plotter,2026-09-21,1.0.0,Reference only - not a certified monument description,Labo,0.0
52263,"P 125, Cad 176, Labo Cadastre",Labo,0501606000,LABO,Labo,Camarines Norte,0501600000,P,Numbered cadastral point (Cad survey),125,Cad-176,,,14.08398553,122.757965,14.08255404,122.75933369,4,473862.416,1557477.258,0.003,DENR-LMB via Geoportal Lot Plotter,2026-09-21,1.0.0,Reference only - not a certified monument description,Labo,0.0
52264,"P 126, Cad 176, Labo Cadastre",Labo,0501606000,LABO,Labo,Camarines Norte,0501600000,P,Numbered cadastral point (Cad survey),126,Cad-176,,,14.08505161,122.7596713,14.08362009,122.76103996,4,474046.794,1557595.009,0.005,DENR-LMB via Geoportal Lot Plotter,2026-09-21,1.0.0,Reference only - not a certified monument description,Labo,0.0
52266,"P 114, Cad 176, Labo Cadastre",Labo,0501606000,LABO,Labo,Camarines Norte,0501600000,P,Numbered cadastral point (Cad survey),114,Cad-176,,,14.08544656,122.7454946,14.08401469,122.74686327,4,472515.89,1557640.31,0.0,DENR-LMB via Geoportal Lot Plotter,2026-09-21,1.0.0,Reference only - not a certified monument description,Labo,0.0
52267,"P 115, Cad 176, Labo Cadastre",Labo,0501606000,LABO,Labo,Camarines Norte,0501600000,P,Numbered cadastral point (Cad survey),115,Cad-176,,,14.08480462,122.745235,14.08337279,122.74660369,4,472487.7795,1557569.323,0.001,DENR-LMB via Geoportal Lot Plotter,2026-09-21,1.0.0,Reference only - not a certified monument description,Labo,0.0
52268,"P 116, Cad 176, Labo Cadastre",Labo,0501606000,LABO,Labo,Camarines Norte,0501600000,P,Numbered cadastral point (Cad survey),116,Cad-176,,,14.08377478,122.7443204,14.082343,122.74568912,4,472388.8807,1557455.5,0.005,DENR-LMB via Geoportal Lot Plotter,2026-09-21,1.0.0,Reference only - not a certified monument description,Labo,0.0
52270,"P 123, Cad 176, Labo Cadastre",Labo,0501606000,LABO,Labo,Camarines Norte,0501600000,P,Numbered cadastral point (Cad survey),123,Cad-176,,,14.08306284,122.7537609,14.08163132,122.75512962,4,473408.3009,1557375.652,0.002,DENR-LMB via Geoportal Lot Plotter,2026-09-21,1.0.0,Reference only - not a certified monument description,Labo,0.0
52271,"P 121, Cad 176, Labo Cadastre",Labo,0501606000,LABO,Labo,Camarines Norte,0501600000,P,Numbered cadastral point (Cad survey),121,Cad-176,,,14.08246379,122.7513232,14.08103225,122.75269193,4,473144.9738,1557309.656,0.003,DENR-LMB via Geoportal Lot Plotter,2026-09-21,1.0.0,Reference only - not a certified monument description,Labo,0.0
52272,"P 122, Cad 176, Labo Cadastre",Labo,0501606000,LABO,Labo,Camarines Norte,0501600000,P,Numbered cadastral point (Cad survey),122,Cad-176,,,14.08288668,122.7529161,14.08145515,122.75428482,4,473317.0506,1557356.259,0.004,DENR-LMB via Geoportal Lot Plotter,2026-09-21,1.0.0,Reference only - not a certified monument description,Labo,0.0
52273,"P 13, Cad 176, Labo Cadastre",Labo,0501606000,LABO,Labo,Camarines Norte,0501600000,P,Numbered cadastral point (Cad survey),13,Cad-176,,,14.13302192,122.8015316,14.13158818,122.80289903,4,478571.8057,1562897.704,0.004,DENR-LMB via Geoportal Lot Plotter,2026-09-21,1.0.0,Reference only - not a certified monument description,Labo,0.0
52274,"P 130, Cad 176, Labo Cadastre",Labo,0501606000,LABO,Labo,Camarines Norte,0501600000,P,Numbered cadastral point (Cad survey),130,Cad-176,,,14.08873672,122.764156,14.08730506,122.76552456,4,474531.5101,1558002.199,0.005,DENR-LMB via Geoportal Lot Plotter,2026-09-21,1.0.0,Reference only - not a certified monument description,Labo,0.0
52275,"P 131, Cad 176, Labo Cadastre",Labo,0501606000,LABO,Labo,Camarines Norte,0501600000,P,Numbered cadastral point (Cad survey),131,Cad-176,,,14.08989231,122.765774,14.08846061,122.76714253,4,474706.3656,1558129.867,0.003,DENR-LMB via Geoportal Lot Plotter,2026-09-21,1.0.0,Reference only - not a certified monument description,Labo,0.0
52276,"P 127, Cad 176, Labo Cadastre",Labo,0501606000,LABO,Labo,Camarines Norte,0501600000,P,Numbered cadastral point (Cad survey),127,Cad-176,,,14.0859533,122.7608345,14.08452175,122.76220313,4,474172.5113,1557694.633,0.004,DENR-LMB via Geoportal Lot Plotter,2026-09-21,1.0.0,Reference only - not a certified monument description,Labo,0.0
52277,"P 128, Cad 176, Labo Cadastre",Labo,0501606000,LABO,Labo,Camarines Norte,0501600000,P,Numbered cadastral point (Cad survey),128,Cad-176,,,14.08641122,122.7615232,14.08497965,122.76289182,4,474246.945,1557745.217,0.005,DENR-LMB via Geoportal Lot Plotter,2026-09-21,1.0.0,Reference only - not a certified monument description,Labo,0.0
52278,"P 129, Cad 176, Labo Cadastre",Labo,0501606000,LABO,Labo,Camarines Norte,0501600000,P,Numbered cadastral point (Cad survey),129,Cad-176,,,14.08717745,122.762536,14.08574585,122.7639046,4,474356.402,1557829.874,0.004,DENR-LMB via Geoportal Lot Plotter,2026-09-21,1.0.0,Reference only - not a certified monument description,Labo,0.0
52279,"P 136, Cad 176, Labo Cadastre",Labo,0501606000,LABO,Labo,Camarines Norte,0501600000,P,Numbered cadastral point (Cad survey),136,Cad-176,,,14.09369378,122.772734,14.09226199,122.77410243,4,475458.3795,1558549.682,0.004,DENR-LMB via Geoportal Lot Plotter,2026-09-21,1.0.0,Reference only - not a certified monument description,Labo,0.0
52280,"P 137, Cad 176, Labo Cadastre",Labo,0501606000,LABO,Labo,Camarines Norte,0501600000,P,Numbered cadastral point (Cad survey),137,Cad-176,,,14.09473818,122.7737541,14.09330634,122.7751225,4,475568.6388,1558665.117,0.005,DENR-LMB via Geoportal Lot Plotter,2026-09-21,1.0.0,Reference only - not a certified monument description,Labo,0.0
52281,"P 138, Cad 176, Labo Cadastre",Labo,0501606000,LABO,Labo,Camarines Norte,0501600000,P,Numbered cadastral point (Cad survey),138,Cad-176,,,14.09599742,122.7751548,14.09456553,122.77652317,4,475720.0337,1558804.28,0.001,DENR-LMB via Geoportal Lot Plotter,2026-09-21,1.0.0,Reference only - not a certified monument description,Labo,0.0
52282,"P 139, Cad 176, Labo Cadastre",Labo,0501606000,LABO,Labo,Camarines Norte,0501600000,P,Numbered cadastral point (Cad survey),139,Cad-176,,,14.09728268,122.7769558,14.09585074,122.77832413,4,475914.6489,1558946.283,0.002,DENR-LMB via Geoportal Lot Plotter,2026-09-21,1.0.0,Reference only - not a certified monument description,Labo,0.0
52283,"P 132, Cad 176, Labo Cadastre",Labo,0501606000,LABO,Labo,Camarines Norte,0501600000,P,Numbered cadastral point (Cad survey),132,Cad-176,,,14.09048251,122.7666606,14.08905079,122.76802911,4,474802.1791,1558195.064,0.003,DENR-LMB via Geoportal Lot Plotter,2026-09-21,1.0.0,Reference only - not a certified monument description,Labo,0.0
52284,"P 133, Cad 176, Labo Cadastre",Labo,0501606000,LABO,Labo,Camarines Norte,0501600000,P,Numbered cadastral point (Cad survey),133,Cad-176,,,14.09115338,122.7677616,14.08972164,122.7691301,4,474921.148,1558269.165,0.004,DENR-LMB via Geoportal Lot Plotter,2026-09-21,1.0.0,Reference only - not a certified monument description,Labo,0.0
52285,"P 134, Cad 176, Labo Cadastre",Labo,0501606000,LABO,Labo,Camarines Norte,0501600000,P,Numbered cadastral point (Cad survey),134,Cad-176,,,14.09180641,122.7687363,14.09037465,122.77010478,4,475026.4661,1558341.305,0.005,DENR-LMB via Geoportal Lot Plotter,2026-09-21,1.0.0,Reference only - not a certified monument description,Labo,0.0
52286,"P 135, Cad 176, Labo Cadastre",Labo,0501606000,LABO,Labo,Camarines Norte,0501600000,P,Numbered cadastral point (Cad survey),135,Cad-176,,,14.09249294,122.7707216,14.09106118,122.77209006,4,475240.9321,1558417.046,0.002,DENR-LMB via Geoportal Lot Plotter,2026-09-21,1.0.0,Reference only - not a certified monument description,Labo,0.0
52287,"P 142, Cad 176, Labo Cadastre",Labo,0501606000,LABO,Labo,Camarines Norte,0501600000,P,Numbered cadastral point (Cad survey),142,Cad-176,,,14.10074321,122.7800747,14.09931112,122.78144294,4,476251.8031,1559328.801,0.001,DENR-LMB via Geoportal Lot Plotter,2026-09-21,1.0.0,Reference only - not a certified monument description,Labo,0.0
52288,"P 143, Cad 176, Labo Cadastre",Labo,0501606000,LABO,Labo,Camarines Norte,0501600000,P,Numbered cadastral point (Cad survey),143,Cad-176,,,14.1016937,122.7808082,14.10026156,122.78217642,4,476331.1062,1559433.879,0.001,DENR-LMB via Geoportal Lot Plotter,2026-09-21,1.0.0,Reference only - not a certified monument description,Labo,0.0
52289,"P 144, Cad 176, Labo Cadastre",Labo,0501606000,LABO,Labo,Camarines Norte,0501600000,P,Numbered cadastral point (Cad survey),144,Cad-176,,,14.10355626,122.7822697,14.10212403,122.78363787,4,476489.1195,1559639.785,0.004,DENR-LMB via Geoportal Lot Plotter,2026-09-21,1.0.0,Reference only - not a certified monument description,Labo,0.0
52290,"P 145, Cad 176, Labo Cadastre",Labo,0501606000,LABO,Labo,Camarines Norte,0501600000,P,Numbered cadastral point (Cad survey),145,Cad-176,,,14.10494143,122.7835694,14.10350914,122.78493754,4,476629.605,1559792.896,0.004,DENR-LMB via Geoportal Lot Plotter,2026-09-21,1.0.0,Reference only - not a certified monument description,Labo,0.0
52291,"P 14, Cad 176, Labo Cadastre",Labo,0501606000,LABO,Labo,Camarines Norte,0501600000,P,Numbered cadastral point (Cad survey),14,Cad-176,,,14.13314719,122.8031169,14.13171348,122.80448433,4,478742.9881,1562911.418,0.005,DENR-LMB via Geoportal Lot Plotter,2026-09-21,1.0.0,Reference only - not a certified monument description,Labo,0.0
52292,"P 140, Cad 176, Labo Cadastre",Labo,0501606000,LABO,Labo,Camarines Norte,0501600000,P,Numbered cadastral point (Cad survey),140,Cad-176,,,14.09837143,122.7778936,14.09693944,122.7792619,4,476016.0322,1559066.634,0.001,DENR-LMB via Geoportal Lot Plotter,2026-09-21,1.0.0,Reference only - not a certified monument description,Labo,0.0
52293,"P 141, Cad 176, Labo Cadastre",Labo,0501606000,LABO,Labo,Camarines Norte,0501600000,P,Numbered cadastral point (Cad survey),141,Cad-176,,,14.09959676,122.7789023,14.09816472,122.78027057,4,476125.0862,1559202.089,0.002,DENR-LMB via Geoportal Lot Plotter,2026-09-21,1.0.0,Reference only - not a certified monument description,Labo,0.0
52294,"P 146, Cad 176, Labo Cadastre",Labo,0501606000,LABO,Labo,Camarines Norte,0501600000,P,Numbered cadastral point (Cad survey),146,Cad-176,,,14.10566459,122.7838768,14.10423226,122.78524492,4,476662.8719,1559872.868,0.004,DENR-LMB via Geoportal Lot Plotter,2026-09-21,1.0.0,Reference only - not a certified monument description,Labo,0.0
52295,"P 154, Cad 176, Labo Cadastre",Labo,0501606000,LABO,Labo,Camarines Norte,0501600000,P,Numbered cadastral point (Cad survey),154,Cad-176,,,14.11417456,122.7875079,14.11274175,122.78887581,4,477055.811,1560813.961,0.002,DENR-LMB via Geoportal Lot Plotter,2026-09-21,1.0.0,Reference only - not a certified monument description,Labo,0.0
52296,"P 155, Cad 176, Labo Cadastre",Labo,0501606000,LABO,Labo,Camarines Norte,0501600000,P,Numbered cadastral point (Cad survey),155,Cad-176,,,14.11436833,122.7889666,14.11293554,122.7903345,4,477213.3397,1560835.255,0.005,DENR-LMB via Geoportal Lot Plotter,2026-09-21,1.0.0,Reference only - not a certified monument description,Labo,0.0
52297,"P 15, Cad 176, Labo Cadastre",Labo,0501606000,LABO,Labo,Camarines Norte,0501600000,P,Numbered cadastral point (Cad survey),15,Cad-176,,,14.13341672,122.8047981,14.13198303,122.80616552,4,478924.5218,1562941.084,0.002,DENR-LMB via Geoportal Lot Plotter,2026-09-21,1.0.0,Reference only - not a certified monument description,Labo,0.0
52298,"P 150, Cad 176, Labo Cadastre",Labo,0501606000,LABO,Labo,Camarines Norte,0501600000,P,Numbered cadastral point (Cad survey),150,Cad-176,,,14.11028624,122.7854184,14.10885364,122.78678641,4,476829.7973,1560384.004,0.001,DENR-LMB via Geoportal Lot Plotter,2026-09-21,1.0.0,Reference only - not a certified monument description,Labo,0.0
52299,"P 147, Cad 176, Labo Cadastre",Labo,0501606000,LABO,Labo,Camarines Norte,0501600000,P,Numbered cadastral point (Cad survey),147,Cad-176,,,14.10704622,122.784596,14.10561381,122.78596408,4,476740.6699,1560025.645,0.002,DENR-LMB via Geoportal Lot Plotter,2026-09-21,1.0.0,Reference only - not a certified monument description,Labo,0.0
52300,"P 148, Cad 176, Labo Cadastre",Labo,0501606000,LABO,Labo,Camarines Norte,0501600000,P,Numbered cadastral point (Cad survey),148,Cad-176,,,14.1081879,122.7850293,14.10675543,122.78639736,4,476787.5699,1560151.905,0.002,DENR-LMB via Geoportal Lot Plotter,2026-09-21,1.0.0,Reference only - not a certified monument description,Labo,0.0
52301,"P 149, Cad 176, Labo Cadastre",Labo,0501606000,LABO,Labo,Camarines Norte,0501600000,P,Numbered cadastral point (Cad survey),149,Cad-176,,,14.10924765,122.7852159,14.10781511,122.78658393,4,476807.8245,1560269.125,0.003,DENR-LMB via Geoportal Lot Plotter,2026-09-21,1.0.0,Reference only - not a certified monument description,Labo,0.0
52302,"P 152, Cad 176, Labo Cadastre",Labo,0501606000,LABO,Labo,Camarines Norte,0501600000,P,Numbered cadastral point (Cad survey),152,Cad-176,,,14.1118948,122.7865002,14.11046212,122.78786817,4,476946.7719,1560561.851,0.0,DENR-LMB via Geoportal Lot Plotter,2026-09-21,1.0.0,Reference only - not a certified monument description,Labo,0.0
52303,"P 153, Cad 176, Labo Cadastre",Labo,0501606000,LABO,Labo,Camarines Norte,0501600000,P,Numbered cadastral point (Cad survey),153,Cad-176,,,14.113426,122.7871589,14.11199323,122.78852683,4,477018.0523,1560731.182,0.002,DENR-LMB via Geoportal Lot Plotter,2026-09-21,1.0.0,Reference only - not a certified monument description,Labo,0.0
52304,"P 151, Cad 176, Labo Cadastre",Labo,0501606000,LABO,Labo,Camarines Norte,0501600000,P,Numbered cadastral point (Cad survey),151,Cad-176,,,14.11097689,122.7858803,14.10954425,122.78724829,4,476879.7408,1560460.365,0.003,DENR-LMB via Geoportal Lot Plotter,2026-09-21,1.0.0,Reference only - not a certified monument description,Labo,0.0
52305,"P 160, Cad 176, Labo Cadastre",Labo,0501606000,LABO,Labo,Camarines Norte,0501600000,P,Numbered cadastral point (Cad survey),160,Cad-176,,,14.11938586,122.7911797,14.11795279,122.79254748,4,477452.7941,1561390.126,0.002,DENR-LMB via Geoportal Lot Plotter,2026-09-21,1.0.0,Reference only - not a certified monument description,Labo,0.0
52306,"P 161, Cad 176, Labo Cadastre",Labo,0501606000,LABO,Labo,Camarines Norte,0501600000,P,Numbered cadastral point (Cad survey),161,Cad-176,,,14.12047238,122.7915883,14.11903925,122.79295605,4,477497.0199,1561510.289,0.003,DENR-LMB via Geoportal Lot Plotter,2026-09-21,1.0.0,Reference only - not a certified monument description,Labo,0.0
52307,"P 162, Cad 176, Labo Cadastre",Labo,0501606000,LABO,Labo,Camarines Norte,0501600000,P,Numbered cadastral point (Cad survey),162,Cad-176,,,14.121758,122.7923428,14.1203248,122.79371052,4,477578.61,1561652.443,0.0,DENR-LMB via Geoportal Lot Plotter,2026-09-21,1.0.0,Reference only - not a certified monument description,Labo,0.0
52308,"P 163, Cad 176, Labo Cadastre",Labo,0501606000,LABO,Labo,Camarines Norte,0501600000,P,Numbered cadastral point (Cad survey),163,Cad-176,,,14.12117263,122.7928687,14.11973948,122.79423643,4,477635.3403,1561587.635,0.005,DENR-LMB via Geoportal Lot Plotter,2026-09-21,1.0.0,Reference only - not a certified monument description,Labo,0.0
52309,"P 156, Cad 176, Labo Cadastre",Labo,0501606000,LABO,Labo,Camarines Norte,0501600000,P,Numbered cadastral point (Cad survey),156,Cad-176,,,14.11546082,122.7904351,14.11402799,122.79180297,4,477372.0109,1560955.974,0.004,DENR-LMB via Geoportal Lot Plotter,2026-09-21,1.0.0,Reference only - not a certified monument description,Labo,0.0
52310,"P 157, Cad 176, Labo Cadastre",Labo,0501606000,LABO,Labo,Camarines Norte,0501600000,P,Numbered cadastral point (Cad survey),157,Cad-176,,,14.11643355,122.790838,14.11500067,122.79220585,4,477415.6075,1561063.548,0.001,DENR-LMB via Geoportal Lot Plotter,2026-09-21,1.0.0,Reference only - not a certified monument description,Labo,0.0
52311,"P 158, Cad 176, Labo Cadastre",Labo,0501606000,LABO,Labo,Camarines Norte,0501600000,P,Numbered cadastral point (Cad survey),158,Cad-176,,,14.11724781,122.7911262,14.11581488,122.79249403,4,477446.8018,1561153.601,0.004,DENR-LMB via Geoportal Lot Plotter,2026-09-21,1.0.0,Reference only - not a certified monument description,Labo,0.0
52312,"P 159, Cad 176, Labo Cadastre",Labo,0501606000,LABO,Labo,Camarines Norte,0501600000,P,Numbered cadastral point (Cad survey),159,Cad-176,,,14.11846968,122.7911344,14.11703667,122.7925022,4,477447.8104,1561288.774,0.001,DENR-LMB via Geoportal Lot Plotter,2026-09-21,1.0.0,Reference only - not a certified monument description,Labo,0.0
52313,"P 16, Cad 176, Labo Cadastre",Labo,0501606000,LABO,Labo,Camarines Norte,0501600000,P,Numbered cadastral point (Cad survey),16,Cad-176,,,14.13406603,122.8062828,14.13263233,122.8076502,4,479084.887,1563012.784,0.003,DENR-LMB via Geoportal Lot Plotter,2026-09-21,1.0.0,Reference only - not a certified monument description,Labo,0.0
52314,"P 169, Cad 176, Labo Cadastre",Labo,0501606000,LABO,Labo,Camarines Norte,0501600000,P,Numbered cadastral point (Cad survey),169,Cad-176,,,14.11365541,122.7966969,14.11222284,122.7980648,4,478047.9652,1560755.65,0.004,DENR-LMB via Geoportal Lot Plotter,2026-09-21,1.0.0,Reference only - not a certified monument description,Labo,0.0
52315,"P 17, Cad 176, Labo Cadastre",Labo,0501606000,LABO,Labo,Camarines Norte,0501600000,P,Numbered cadastral point (Cad survey),17,Cad-176,,,14.13539021,122.8062684,14.13395643,122.80763577,4,479083.4541,1563159.278,0.004,DENR-LMB via Geoportal Lot Plotter,2026-09-21,1.0.0,Reference only - not a certified monument description,Labo,0.0
52316,"P 170, Cad 176, Labo Cadastre",Labo,0501606000,LABO,Labo,Camarines Norte,0501600000,P,Numbered cadastral point (Cad survey),170,Cad-176,,,14.11225032,122.7972823,14.11081786,122.79865024,4,478111.0391,1560600.151,0.002,DENR-LMB via Geoportal Lot Plotter,2026-09-21,1.0.0,Reference only - not a certified monument description,Labo,0.0
52317,"P 164, Cad 176, Labo Cadastre",Labo,0501606000,LABO,Labo,Camarines Norte,0501600000,P,Numbered cadastral point (Cad survey),164,Cad-176,,,14.11965905,122.7938695,14.11822602,122.79523727,4,477743.2533,1561420.093,0.004,DENR-LMB via Geoportal Lot Plotter,2026-09-21,1.0.0,Reference only - not a certified monument description,Labo,0.0
52318,"P 165, Cad 176, Labo Cadastre",Labo,0501606000,LABO,Labo,Camarines Norte,0501600000,P,Numbered cadastral point (Cad survey),165,Cad-176,,,14.1186346,122.794563,14.11720166,122.79593079,4,477818.0273,1561306.694,0.003,DENR-LMB via Geoportal Lot Plotter,2026-09-21,1.0.0,Reference only - not a certified monument description,Labo,0.0
52319,"P 166, Cad 176, Labo Cadastre",Labo,0501606000,LABO,Labo,Camarines Norte,0501600000,P,Numbered cadastral point (Cad survey),166,Cad-176,,,14.1177017,122.7951855,14.11626883,122.79655331,4,477885.159,1561203.429,0.004,DENR-LMB via Geoportal Lot Plotter,2026-09-21,1.0.0,Reference only - not a certified monument description,Labo,0.0
52320,"P 167, Cad 176, Labo Cadastre",Labo,0501606000,LABO,Labo,Camarines Norte,0501600000,P,Numbered cadastral point (Cad survey),167,Cad-176,,,14.11675253,122.7964444,14.11531975,122.79781223,4,478020.9964,1561098.305,0.003,DENR-LMB via Geoportal Lot Plotter,2026-09-21,1.0.0,Reference only - not a certified monument description,Labo,0.0
52321,"P 168, Cad 176, Labo Cadastre",Labo,0501606000,LABO,Labo,Camarines Norte,0501600000,P,Numbered cadastral point (Cad survey),168,Cad-176,,,14.11547051,122.7968121,14.11403782,122.79817996,4,478060.5712,1560956.442,0.003,DENR-LMB via Geoportal Lot Plotter,2026-09-21,1.0.0,Reference only - not a certified monument description,Labo,0.0
52322,"P 177, Cad 176, Labo Cadastre",Labo,0501606000,LABO,Labo,Camarines Norte,0501600000,P,Numbered cadastral point (Cad survey),177,Cad-176,,,14.11167762,122.8081811,14.11024544,122.80954903,4,479287.8201,1560535.806,0.005,DENR-LMB via Geoportal Lot Plotter,2026-09-21,1.0.0,Reference only - not a certified monument description,Labo,0.0
52323,"P 178, Cad 176, Labo Cadastre",Labo,0501606000,LABO,Labo,Camarines Norte,0501600000,P,Numbered cadastral point (Cad survey),178,Cad-176,,,14.11137312,122.8096003,14.109941,122.81096823,4,479441.0286,1560501.995,0.002,DENR-LMB via Geoportal Lot Plotter,2026-09-21,1.0.0,Reference only - not a certified monument description,Labo,0.0
52324,"P 179, Cad 176, Labo Cadastre",Labo,0501606000,LABO,Labo,Camarines Norte,0501600000,P,Numbered cadastral point (Cad survey),179,Cad-176,,,14.11106536,122.8108271,14.10963328,122.81219504,4,479573.4678,1560467.84,0.003,DENR-LMB via Geoportal Lot Plotter,2026-09-21,1.0.0,Reference only - not a certified monument description,Labo,0.0
52325,"P 18, Cad 176, Labo Cadastre",Labo,0501606000,LABO,Labo,Camarines Norte,0501600000,P,Numbered cadastral point (Cad survey),18,Cad-176,,,14.13695791,122.8063995,14.13552402,122.80776683,4,479097.7502,1563332.7,0.003,DENR-LMB via Geoportal Lot Plotter,2026-09-21,1.0.0,Reference only - not a certified monument description,Labo,0.0
52326,"P 171, Cad 176, Labo Cadastre",Labo,0501606000,LABO,Labo,Camarines Norte,0501600000,P,Numbered cadastral point (Cad survey),171,Cad-176,,,14.11162611,122.7987756,14.11019372,122.80014355,4,478272.2215,1560530.956,0.001,DENR-LMB via Geoportal Lot Plotter,2026-09-21,1.0.0,Reference only - not a certified monument description,Labo,0.0
52327,"P 172, Cad 176, Labo Cadastre",Labo,0501606000,LABO,Labo,Camarines Norte,0501600000,P,Numbered cadastral point (Cad survey),172,Cad-176,,,14.11188179,122.8000834,14.11044942,122.80145134,4,478413.4558,1560559.122,0.004,DENR-LMB via Geoportal Lot Plotter,2026-09-21,1.0.0,Reference only - not a certified monument description,Labo,0.0
52328,"P 173, Cad 176, Labo Cadastre",Labo,0501606000,LABO,Labo,Camarines Norte,0501600000,P,Numbered cadastral point (Cad survey),173,Cad-176,,,14.11220377,122.8017445,14.11077141,122.80311243,4,478592.8538,1560594.59,0.002,DENR-LMB via Geoportal Lot Plotter,2026-09-21,1.0.0,Reference only - not a certified monument description,Labo,0.0
52329,"P 174, Cad 176, Labo Cadastre",Labo,0501606000,LABO,Labo,Camarines Norte,0501600000,P,Numbered cadastral point (Cad survey),174,Cad-176,,,14.11221979,122.8037061,14.11078748,122.80507402,4,478804.6656,1560596.185,0.003,DENR-LMB via Geoportal Lot Plotter,2026-09-21,1.0.0,Reference only - not a certified monument description,Labo,0.0
52330,"P 175, Cad 176, Labo Cadastre",Labo,0501606000,LABO,Labo,Camarines Norte,0501600000,P,Numbered cadastral point (Cad survey),175,Cad-176,,,14.11174518,122.8056832,14.11031294,122.80705113,4,479018.1077,1560543.502,0.005,DENR-LMB via Geoportal Lot Plotter,2026-09-21,1.0.0,Reference only - not a certified monument description,Labo,0.0
52331,"P 176, Cad 176, Labo Cadastre",Labo,0501606000,LABO,Labo,Camarines Norte,0501600000,P,Numbered cadastral point (Cad survey),176,Cad-176,,,14.11149545,122.8067634,14.11006325,122.80813134,4,479134.7223,1560515.778,0.004,DENR-LMB via Geoportal Lot Plotter,2026-09-21,1.0.0,Reference only - not a certified monument description,Labo,0.0
52332,"P 186, Cad 176, Labo Cadastre",Labo,0501606000,LABO,Labo,Camarines Norte,0501600000,P,Numbered cadastral point (Cad survey),186,Cad-176,,,14.10470375,122.8186818,14.10327227,122.82004987,4,480421.0661,1559763.394,0.0,DENR-LMB via Geoportal Lot Plotter,2026-09-21,1.0.0,Reference only - not a certified monument description,Labo,0.0
52333,"P 187, Cad 176, Labo Cadastre",Labo,0501606000,LABO,Labo,Camarines Norte,0501600000,P,Numbered cadastral point (Cad survey),187,Cad-176,,,14.10368429,122.8195249,14.1022529,122.820893,4,480512.0197,1559650.543,0.001,DENR-LMB via Geoportal Lot Plotter,2026-09-21,1.0.0,Reference only - not a certified monument description,Labo,0.0
52334,"P 188, Cad 176, Labo Cadastre",Labo,0501606000,LABO,Labo,Camarines Norte,0501600000,P,Numbered cadastral point (Cad survey),188,Cad-176,,,14.10246761,122.8206153,14.10103632,122.82198342,4,480629.6562,1559515.853,0.003,DENR-LMB via Geoportal Lot Plotter,2026-09-21,1.0.0,Reference only - not a certified monument description,Labo,0.0
52335,"P 189, Cad 176, Labo Cadastre",Labo,0501606000,LABO,Labo,Camarines Norte,0501600000,P,Numbered cadastral point (Cad survey),189,Cad-176,,,14.10121187,122.8211284,14.09978068,122.82249655,4,480684.9624,1559376.889,0.003,DENR-LMB via Geoportal Lot Plotter,2026-09-21,1.0.0,Reference only - not a certified monument description,Labo,0.0
52336,"P 19, Cad 176, Labo Cadastre",Labo,0501606000,LABO,Labo,Camarines Norte,0501600000,P,Numbered cadastral point (Cad survey),19,Cad-176,,,14.13836822,122.807216,14.13693426,122.8085833,4,479186.0302,1563488.649,0.0,DENR-LMB via Geoportal Lot Plotter,2026-09-21,1.0.0,Reference only - not a certified monument description,Labo,0.0
52337,"P 180, Cad 176, Labo Cadastre",Labo,0501606000,LABO,Labo,Camarines Norte,0501600000,P,Numbered cadastral point (Cad survey),180,Cad-176,,,14.11073083,122.8121291,14.10929881,122.81349704,4,479714.0244,1560430.719,0.005,DENR-LMB via Geoportal Lot Plotter,2026-09-21,1.0.0,Reference only - not a certified monument description,Labo,0.0
52338,"P 181, Cad 176, Labo Cadastre",Labo,0501606000,LABO,Labo,Camarines Norte,0501600000,P,Numbered cadastral point (Cad survey),181,Cad-176,,,14.11009452,122.8138233,14.10866258,122.81519126,4,479896.9148,1560360.179,0.004,DENR-LMB via Geoportal Lot Plotter,2026-09-21,1.0.0,Reference only - not a certified monument description,Labo,0.0
52339,"P 182, Cad 176, Labo Cadastre",Labo,0501606000,LABO,Labo,Camarines Norte,0501600000,P,Numbered cadastral point (Cad survey),182,Cad-176,,,14.10912406,122.814383,14.10769219,122.81575098,4,479957.2638,1560252.77,0.002,DENR-LMB via Geoportal Lot Plotter,2026-09-21,1.0.0,Reference only - not a certified monument description,Labo,0.0
52340,"P 183, Cad 176, Labo Cadastre",Labo,0501606000,LABO,Labo,Camarines Norte,0501600000,P,Numbered cadastral point (Cad survey),183,Cad-176,,,14.10851617,122.815465,14.10708437,122.81683299,4,480074.0394,1560185.428,0.003,DENR-LMB via Geoportal Lot Plotter,2026-09-21,1.0.0,Reference only - not a certified monument description,Labo,0.0
52341,"P 184, Cad 176, Labo Cadastre",Labo,0501606000,LABO,Labo,Camarines Norte,0501600000,P,Numbered cadastral point (Cad survey),184,Cad-176,,,14.10760529,122.8165453,14.10617357,122.81791331,4,480190.6106,1560084.567,0.004,DENR-LMB via Geoportal Lot Plotter,2026-09-21,1.0.0,Reference only - not a certified monument description,Labo,0.0
52342,"P 206, Cad 176, Labo Cadastre",Labo,0501606000,LABO,Labo,Camarines Norte,0501600000,P,Numbered cadastral point (Cad survey),206,Cad-176,,,14.09311968,122.8074944,14.09168871,122.80886277,4,479211.9872,1558482.822,0.001,DENR-LMB via Geoportal Lot Plotter,2026-09-21,1.0.0,Reference only - not a certified monument description,Labo,0.0
52343,"P 207, Cad 176, Labo Cadastre",Labo,0501606000,LABO,Labo,Camarines Norte,0501600000,P,Numbered cadastral point (Cad survey),207,Cad-176,,,14.09230988,122.8073969,14.09087896,122.80876529,4,479201.3825,1558393.244,0.002,DENR-LMB via Geoportal Lot Plotter,2026-09-21,1.0.0,Reference only - not a certified monument description,Labo,0.0
52344,"P 208, Cad 176, Labo Cadastre",Labo,0501606000,LABO,Labo,Camarines Norte,0501600000,P,Numbered cadastral point (Cad survey),208,Cad-176,,,14.09118295,122.8067402,14.08975209,122.80810862,4,479130.3649,1558268.631,0.001,DENR-LMB via Geoportal Lot Plotter,2026-09-21,1.0.0,Reference only - not a certified monument description,Labo,0.0
52345,"P 209, Cad 176, Labo Cadastre",Labo,0501606000,LABO,Labo,Camarines Norte,0501600000,P,Numbered cadastral point (Cad survey),209,Cad-176,,,14.08947048,122.8059636,14.08803972,122.80733206,4,479046.3507,1558079.251,0.004,DENR-LMB via Geoportal Lot Plotter,2026-09-21,1.0.0,Reference only - not a certified monument description,Labo,0.0
52346,"P 21, Cad 176, Labo Cadastre",Labo,0501606000,LABO,Labo,Camarines Norte,0501600000,P,Numbered cadastral point (Cad survey),21,Cad-176,,,14.14149973,122.8085369,14.14006559,122.80990412,4,479328.9269,1563834.969,0.002,DENR-LMB via Geoportal Lot Plotter,2026-09-21,1.0.0,Reference only - not a certified monument description,Labo,0.0
52347,"P 210, Cad 176, Labo Cadastre",Labo,0501606000,LABO,Labo,Camarines Norte,0501600000,P,Numbered cadastral point (Cad survey),210,Cad-176,,,14.08834741,122.8060664,14.08691673,122.80743489,4,479057.3498,1557954.998,0.004,DENR-LMB via Geoportal Lot Plotter,2026-09-21,1.0.0,Reference only - not a certified monument description,Labo,0.0
52348,"P 20, Cad 176, Labo Cadastre",Labo,0501606000,LABO,Labo,Camarines Norte,0501600000,P,Numbered cadastral point (Cad survey),20,Cad-176,,,14.1398203,122.8083082,14.13838627,122.80967546,4,479304.0823,1563649.195,0.001,DENR-LMB via Geoportal Lot Plotter,2026-09-21,1.0.0,Reference only - not a certified monument description,Labo,0.0
52349,"P 190, Cad 176, Labo Cadastre",Labo,0501606000,LABO,Labo,Camarines Norte,0501600000,P,Numbered cadastral point (Cad survey),190,Cad-176,,,14.10060852,122.8209327,14.09917736,122.82230087,4,480663.7748,1559310.157,0.002,DENR-LMB via Geoportal Lot Plotter,2026-09-21,1.0.0,Reference only - not a certified monument description,Labo,0.0
52350,"P 191, Cad 176, Labo Cadastre",Labo,0501606000,LABO,Labo,Camarines Norte,0501600000,P,Numbered cadastral point (Cad survey),191,Cad-176,,,14.09938875,122.8216569,14.09795769,122.8230251,4,480741.8729,1559175.157,0.003,DENR-LMB via Geoportal Lot Plotter,2026-09-21,1.0.0,Reference only - not a certified monument description,Labo,0.0
52351,"P 192, Cad 176, Labo Cadastre",Labo,0501606000,LABO,Labo,Camarines Norte,0501600000,P,Numbered cadastral point (Cad survey),192,Cad-176,,,14.0988369,122.8207471,14.09740586,122.82211531,4,480643.5829,1559114.181,0.003,DENR-LMB via Geoportal Lot Plotter,2026-09-21,1.0.0,Reference only - not a certified monument description,Labo,0.0
52352,"P 193, Cad 176, Labo Cadastre",Labo,0501606000,LABO,Labo,Camarines Norte,0501600000,P,Numbered cadastral point (Cad survey),193,Cad-176,,,14.09860775,122.8201452,14.09717671,122.82151342,4,480578.5674,1559088.88,0.003,DENR-LMB via Geoportal Lot Plotter,2026-09-21,1.0.0,Reference only - not a certified monument description,Labo,0.0
52353,"P 194, Cad 176, Labo Cadastre",Labo,0501606000,LABO,Labo,Camarines Norte,0501600000,P,Numbered cadastral point (Cad survey),194,Cad-176,,,14.09844575,122.8194262,14.0970147,122.82079442,4,480500.9179,1559071.017,0.002,DENR-LMB via Geoportal Lot Plotter,2026-09-21,1.0.0,Reference only - not a certified monument description,Labo,0.0
52354,"P 195, Cad 176, Labo Cadastre",Labo,0501606000,LABO,Labo,Camarines Norte,0501600000,P,Numbered cadastral point (Cad survey),195,Cad-176,,,14.09816832,122.8187833,14.09673728,122.82015153,4,480431.4687,1559040.379,0.0,DENR-LMB via Geoportal Lot Plotter,2026-09-21,1.0.0,Reference only - not a certified monument description,Labo,0.0
52355,"P 204, Cad 176, Labo Cadastre",Labo,0501606000,LABO,Labo,Camarines Norte,0501600000,P,Numbered cadastral point (Cad survey),204,Cad-176,,,14.09445241,122.8091379,14.09302139,122.81050624,4,479389.5866,1558630.116,0.005,DENR-LMB via Geoportal Lot Plotter,2026-09-21,1.0.0,Reference only - not a certified monument description,Labo,0.0
52356,"P 205, Cad 176, Labo Cadastre",Labo,0501606000,LABO,Labo,Camarines Norte,0501600000,P,Numbered cadastral point (Cad survey),205,Cad-176,,,14.0938862,122.8078021,14.09245519,122.80917045,4,479245.2775,1558567.594,0.005,DENR-LMB via Geoportal Lot Plotter,2026-09-21,1.0.0,Reference only - not a certified monument description,Labo,0.0
52357,"P 185, Cad 176, Labo Cadastre",Labo,0501606000,LABO,Labo,Camarines Norte,0501600000,P,Numbered cadastral point (Cad survey),185,Cad-176,,,14.1053836,122.8176235,14.10395205,122.81899156,4,480306.8461,1559838.694,0.002,DENR-LMB via Geoportal Lot Plotter,2026-09-21,1.0.0,Reference only - not a certified monument description,Labo,0.0
52358,"P 196, Cad 176, Labo Cadastre",Labo,0501606000,LABO,Labo,Camarines Norte,0501600000,P,Numbered cadastral point (Cad survey),196,Cad-176,,,14.09761626,122.8173833,14.09618522,122.81875155,4,480280.2411,1558979.422,0.002,DENR-LMB via Geoportal Lot Plotter,2026-09-21,1.0.0,Reference only - not a certified monument description,Labo,0.0
52359,"P 197, Cad 176, Labo Cadastre",Labo,0501606000,LABO,Labo,Camarines Norte,0501600000,P,Numbered cadastral point (Cad survey),197,Cad-176,,,14.0972532,122.8162582,14.09582216,122.81762646,4,480158.7174,1558939.352,0.001,DENR-LMB via Geoportal Lot Plotter,2026-09-21,1.0.0,Reference only - not a certified monument description,Labo,0.0
52360,"P 198, Cad 176, Labo Cadastre",Labo,0501606000,LABO,Labo,Camarines Norte,0501600000,P,Numbered cadastral point (Cad survey),198,Cad-176,,,14.09673947,122.8151735,14.09530844,122.81654177,4,480041.5413,1558882.61,0.001,DENR-LMB via Geoportal Lot Plotter,2026-09-21,1.0.0,Reference only - not a certified monument description,Labo,0.0
52361,"P 199, Cad 176, Labo Cadastre",Labo,0501606000,LABO,Labo,Camarines Norte,0501600000,P,Numbered cadastral point (Cad survey),199,Cad-176,,,14.09625415,122.8146769,14.09482314,122.81604518,4,479987.8746,1558828.962,0.0,DENR-LMB via Geoportal Lot Plotter,2026-09-21,1.0.0,Reference only - not a certified monument description,Labo,0.0
52362,"P 2, Cad 176, Labo Cadastre",Labo,0501606000,LABO,Labo,Camarines Norte,0501600000,P,Numbered cadastral point (Cad survey),2,Cad-176,,,14.12373456,122.7938733,14.12230126,122.79524097,4,477744.0523,1561870.963,0.003,DENR-LMB via Geoportal Lot Plotter,2026-09-21,1.0.0,Reference only - not a certified monument description,Labo,0.0
52363,"P 230, Cad 176, Labo Cadastre",Labo,0501606000,LABO,Labo,Camarines Norte,0501600000,P,Numbered cadastral point (Cad survey),230,Cad-176,,,14.0762475,122.7871939,14.07481719,122.78856271,4,477018.1068,1556618.16,0.003,DENR-LMB via Geoportal Lot Plotter,2026-09-21,1.0.0,Reference only - not a certified monument description,Labo,0.0
52364,"P 231, Cad 176, Labo Cadastre",Labo,0501606000,LABO,Labo,Camarines Norte,0501600000,P,Numbered cadastral point (Cad survey),231,Cad-176,,,14.0771209,122.7870511,14.07569053,122.78841989,4,477002.7778,1556714.797,0.003,DENR-LMB via Geoportal Lot Plotter,2026-09-21,1.0.0,Reference only - not a certified monument description,Labo,0.0
52365,"P 232, Cad 176, Labo Cadastre",Labo,0501606000,LABO,Labo,Camarines Norte,0501600000,P,Numbered cadastral point (Cad survey),232,Cad-176,,,14.07730746,122.7860233,14.07587705,122.78739209,4,476891.7977,1556735.537,0.001,DENR-LMB via Geoportal Lot Plotter,2026-09-21,1.0.0,Reference only - not a certified monument description,Labo,0.0
52366,"P 233, Cad 176, Labo Cadastre",Labo,0501606000,LABO,Labo,Camarines Norte,0501600000,P,Numbered cadastral point (Cad survey),233,Cad-176,,,14.07720554,122.784702,14.07577511,122.7860708,4,476749.0958,1556724.391,0.002,DENR-LMB via Geoportal Lot Plotter,2026-09-21,1.0.0,Reference only - not a certified monument description,Labo,0.0
52367,"P 234, Cad 176, Labo Cadastre",Labo,0501606000,LABO,Labo,Camarines Norte,0501600000,P,Numbered cadastral point (Cad survey),234,Cad-176,,,14.07724802,122.7832347,14.07581755,122.7846035,4,476590.6362,1556729.236,0.001,DENR-LMB via Geoportal Lot Plotter,2026-09-21,1.0.0,Reference only - not a certified monument description,Labo,0.0
52368,"P 235, Cad 176, Labo Cadastre",Labo,0501606000,LABO,Labo,Camarines Norte,0501600000,P,Numbered cadastral point (Cad survey),235,Cad-176,,,14.0771269,122.7822788,14.07569642,122.7836476,4,476487.391,1556715.932,0.002,DENR-LMB via Geoportal Lot Plotter,2026-09-21,1.0.0,Reference only - not a certified monument description,Labo,0.0
52369,"P 236, Cad 176, Labo Cadastre",Labo,0501606000,LABO,Labo,Camarines Norte,0501600000,P,Numbered cadastral point (Cad survey),236,Cad-176,,,14.07689659,122.7808842,14.07546609,122.78225301,4,476336.759,1556690.592,0.001,DENR-LMB via Geoportal Lot Plotter,2026-09-21,1.0.0,Reference only - not a certified monument description,Labo,0.0
52370,"P 237, Cad 176, Labo Cadastre",Labo,0501606000,LABO,Labo,Camarines Norte,0501600000,P,Numbered cadastral point (Cad survey),237,Cad-176,,,14.07689742,122.7800639,14.0754669,122.78143271,4,476248.173,1556690.767,0.001,DENR-LMB via Geoportal Lot Plotter,2026-09-21,1.0.0,Reference only - not a certified monument description,Labo,0.0
52371,"P 238, Cad 176, Labo Cadastre",Labo,0501606000,LABO,Labo,Camarines Norte,0501600000,P,Numbered cadastral point (Cad survey),238,Cad-176,,,14.07692775,122.7789836,14.0754972,122.78035241,4,476131.5105,1556694.231,0.002,DENR-LMB via Geoportal Lot Plotter,2026-09-21,1.0.0,Reference only - not a certified monument description,Labo,0.0
52372,"P 239, Cad 176, Labo Cadastre",Labo,0501606000,LABO,Labo,Camarines Norte,0501600000,P,Numbered cadastral point (Cad survey),239,Cad-176,,,14.07676754,122.7779009,14.07533698,122.77926972,4,476014.5627,1556676.617,0.004,DENR-LMB via Geoportal Lot Plotter,2026-09-21,1.0.0,Reference only - not a certified monument description,Labo,0.0
52373,"P 24, Cad 176, Labo Cadastre",Labo,0501606000,LABO,Labo,Camarines Norte,0501600000,P,Numbered cadastral point (Cad survey),24,Cad-176,,,14.14631072,122.8055368,14.1448762,122.80690391,4,479005.4606,1564367.472,0.002,DENR-LMB via Geoportal Lot Plotter,2026-09-21,1.0.0,Reference only - not a certified monument description,Labo,0.0
52374,"P 27, Cad 176, Labo Cadastre",Labo,0501606000,LABO,Labo,Camarines Norte,0501600000,P,Numbered cadastral point (Cad survey),27,Cad-176,,,14.14540551,122.8014352,14.14397096,122.80280234,4,478562.5572,1564267.7,0.004,DENR-LMB via Geoportal Lot Plotter,2026-09-21,1.0.0,Reference only - not a certified monument description,Labo,0.0
52375,"P 22, Cad 176, Labo Cadastre",Labo,0501606000,LABO,Labo,Camarines Norte,0501600000,P,Numbered cadastral point (Cad survey),22,Cad-176,,,14.14417495,122.8085822,14.14274064,122.80994935,4,479334.053,1564130.922,0.004,DENR-LMB via Geoportal Lot Plotter,2026-09-21,1.0.0,Reference only - not a certified monument description,Labo,0.0
52376,"P 240, Cad 176, Labo Cadastre",Labo,0501606000,LABO,Labo,Camarines Norte,0501600000,P,Numbered cadastral point (Cad survey),240,Cad-176,,,14.07619415,122.7764092,14.07476359,122.77777804,4,475853.4136,1556613.337,0.003,DENR-LMB via Geoportal Lot Plotter,2026-09-21,1.0.0,Reference only - not a certified monument description,Labo,0.0
52377,"P 241, Cad 176, Labo Cadastre",Labo,0501606000,LABO,Labo,Camarines Norte,0501600000,P,Numbered cadastral point (Cad survey),241,Cad-176,,,14.07599352,122.7752913,14.07456295,122.77666014,4,475732.6627,1556591.256,0.001,DENR-LMB via Geoportal Lot Plotter,2026-09-21,1.0.0,Reference only - not a certified monument description,Labo,0.0
52378,"P 242, Cad 176, Labo Cadastre",Labo,0501606000,LABO,Labo,Camarines Norte,0501600000,P,Numbered cadastral point (Cad survey),242,Cad-176,,,14.07593353,122.7734097,14.07450292,122.77477855,4,475529.4567,1556584.813,0.005,DENR-LMB via Geoportal Lot Plotter,2026-09-21,1.0.0,Reference only - not a certified monument description,Labo,0.0
52379,"P 243, Cad 176, Labo Cadastre",Labo,0501606000,LABO,Labo,Camarines Norte,0501600000,P,Numbered cadastral point (Cad survey),243,Cad-176,,,14.07572355,122.7726028,14.07429294,122.77397165,4,475442.2836,1556561.668,0.004,DENR-LMB via Geoportal Lot Plotter,2026-09-21,1.0.0,Reference only - not a certified monument description,Labo,0.0
52380,"P 244, Cad 176, Labo Cadastre",Labo,0501606000,LABO,Labo,Camarines Norte,0501600000,P,Numbered cadastral point (Cad survey),244,Cad-176,,,14.07548253,122.7716492,14.07405191,122.77301806,4,475339.2787,1556535.104,0.001,DENR-LMB via Geoportal Lot Plotter,2026-09-21,1.0.0,Reference only - not a certified monument description,Labo,0.0
52381,"P 245, Cad 176, Labo Cadastre",Labo,0501606000,LABO,Labo,Camarines Norte,0501600000,P,Numbered cadastral point (Cad survey),245,Cad-176,,,14.07583687,122.7702331,14.0744062,122.77160196,4,475186.3838,1556574.453,0.0,DENR-LMB via Geoportal Lot Plotter,2026-09-21,1.0.0,Reference only - not a certified monument description,Labo,0.0
52382,"P 25, Cad 176, Labo Cadastre",Labo,0501606000,LABO,Labo,Camarines Norte,0501600000,P,Numbered cadastral point (Cad survey),25,Cad-176,,,14.14595088,122.8045224,14.14451636,122.80588952,4,478895.9164,1564327.754,0.003,DENR-LMB via Geoportal Lot Plotter,2026-09-21,1.0.0,Reference only - not a certified monument description,Labo,0.0
52383,"P 228, Cad 176, Labo Cadastre",Labo,0501606000,LABO,Labo,Camarines Norte,0501600000,P,Numbered cadastral point (Cad survey),228,Cad-176,,,14.07654211,122.7900796,14.07511184,122.7914484,4,477329.7767,1556650.472,0.003,DENR-LMB via Geoportal Lot Plotter,2026-09-21,1.0.0,Reference only - not a certified monument description,Labo,0.0
52384,"P 229, Cad 176, Labo Cadastre",Labo,0501606000,LABO,Labo,Camarines Norte,0501600000,P,Numbered cadastral point (Cad survey),229,Cad-176,,,14.07628316,122.7885392,14.07485287,122.78990801,4,477163.3933,1556621.974,0.005,DENR-LMB via Geoportal Lot Plotter,2026-09-21,1.0.0,Reference only - not a certified monument description,Labo,0.0
52385,"P 23, Cad 176, Labo Cadastre",Labo,0501606000,LABO,Labo,Camarines Norte,0501600000,P,Numbered cadastral point (Cad survey),23,Cad-176,,,14.14551172,122.8068052,14.14407728,122.80817233,4,479142.3298,1564278.966,0.001,DENR-LMB via Geoportal Lot Plotter,2026-09-21,1.0.0,Reference only - not a certified monument description,Labo,0.0
52386,"P 211, Cad 176, Labo Cadastre",Labo,0501606000,LABO,Labo,Camarines Norte,0501600000,P,Numbered cadastral point (Cad survey),211,Cad-176,,,14.08740054,122.806448,14.08596993,122.80781651,4,479098.4717,1557850.213,0.004,DENR-LMB via Geoportal Lot Plotter,2026-09-21,1.0.0,Reference only - not a certified monument description,Labo,0.0
52387,"P 212, Cad 176, Labo Cadastre",Labo,0501606000,LABO,Labo,Camarines Norte,0501600000,P,Numbered cadastral point (Cad survey),212,Cad-176,,,14.08600357,122.8062325,14.08457304,122.80760104,4,479075.0702,1557695.687,0.001,DENR-LMB via Geoportal Lot Plotter,2026-09-21,1.0.0,Reference only - not a certified monument description,Labo,0.0
52388,"P 213, Cad 176, Labo Cadastre",Labo,0501606000,LABO,Labo,Camarines Norte,0501600000,P,Numbered cadastral point (Cad survey),213,Cad-176,,,14.08544402,122.8058238,14.08401352,122.80719236,4,479030.8772,1557633.822,0.005,DENR-LMB via Geoportal Lot Plotter,2026-09-21,1.0.0,Reference only - not a certified monument description,Labo,0.0
52389,"P 214, Cad 176, Labo Cadastre",Labo,0501606000,LABO,Labo,Camarines Norte,0501600000,P,Numbered cadastral point (Cad survey),214,Cad-176,,,14.08455429,122.8062981,14.08312386,122.80766668,4,479082.0232,1557535.349,0.002,DENR-LMB via Geoportal Lot Plotter,2026-09-21,1.0.0,Reference only - not a certified monument description,Labo,0.0
52390,"P 215, Cad 176, Labo Cadastre",Labo,0501606000,LABO,Labo,Camarines Norte,0501600000,P,Numbered cadastral point (Cad survey),215,Cad-176,,,14.08401415,122.805649,14.08258374,122.80701759,4,479011.8729,1557475.652,0.002,DENR-LMB via Geoportal Lot Plotter,2026-09-21,1.0.0,Reference only - not a certified monument description,Labo,0.0
52391,"P 216, Cad 176, Labo Cadastre",Labo,0501606000,LABO,Labo,Camarines Norte,0501600000,P,Numbered cadastral point (Cad survey),216,Cad-176,,,14.08327064,122.804971,14.08184027,122.80633961,4,478938.5863,1557393.459,0.003,DENR-LMB via Geoportal Lot Plotter,2026-09-21,1.0.0,Reference only - not a certified monument description,Labo,0.0
52392,"P 217, Cad 176, Labo Cadastre",Labo,0501606000,LABO,Labo,Camarines Norte,0501600000,P,Numbered cadastral point (Cad survey),217,Cad-176,,,14.08239036,122.8041918,14.08096003,122.80556043,4,478854.3592,1557296.145,0.002,DENR-LMB via Geoportal Lot Plotter,2026-09-21,1.0.0,Reference only - not a certified monument description,Labo,0.0
52393,"P 218, Cad 176, Labo Cadastre",Labo,0501606000,LABO,Labo,Camarines Norte,0501600000,P,Numbered cadastral point (Cad survey),218,Cad-176,,,14.08163667,122.8030174,14.08020636,122.80438605,4,478727.4643,1557212.871,0.001,DENR-LMB via Geoportal Lot Plotter,2026-09-21,1.0.0,Reference only - not a certified monument description,Labo,0.0
52394,"P 219, Cad 176, Labo Cadastre",Labo,0501606000,LABO,Labo,Camarines Norte,0501600000,P,Numbered cadastral point (Cad survey),219,Cad-176,,,14.08095645,122.8016902,14.07952615,122.80305887,4,478584.076,1557137.739,0.001,DENR-LMB via Geoportal Lot Plotter,2026-09-21,1.0.0,Reference only - not a certified monument description,Labo,0.0
52395,"P 200, Cad 176, Labo Cadastre",Labo,0501606000,LABO,Labo,Camarines Norte,0501600000,P,Numbered cadastral point (Cad survey),200,Cad-176,,,14.09531578,122.8139665,14.09388481,122.81533481,4,479911.0825,1558725.212,0.003,DENR-LMB via Geoportal Lot Plotter,2026-09-21,1.0.0,Reference only - not a certified monument description,Labo,0.0
52396,"P 201, Cad 176, Labo Cadastre",Labo,0501606000,LABO,Labo,Camarines Norte,0501600000,P,Numbered cadastral point (Cad survey),201,Cad-176,,,14.09487203,122.8133218,14.09344108,122.81469012,4,479841.4199,1558676.175,0.003,DENR-LMB via Geoportal Lot Plotter,2026-09-21,1.0.0,Reference only - not a certified monument description,Labo,0.0
52397,"P 202, Cad 176, Labo Cadastre",Labo,0501606000,LABO,Labo,Camarines Norte,0501600000,P,Numbered cadastral point (Cad survey),202,Cad-176,,,14.09396355,122.8121217,14.09253263,122.81349004,4,479711.7526,1558575.774,0.004,DENR-LMB via Geoportal Lot Plotter,2026-09-21,1.0.0,Reference only - not a certified monument description,Labo,0.0
52398,"P 203, Cad 176, Labo Cadastre",Labo,0501606000,LABO,Labo,Camarines Norte,0501600000,P,Numbered cadastral point (Cad survey),203,Cad-176,,,14.09372874,122.8112085,14.09229782,122.81257685,4,479613.1182,1558549.877,0.004,DENR-LMB via Geoportal Lot Plotter,2026-09-21,1.0.0,Reference only - not a certified monument description,Labo,0.0
52399,"P 220, Cad 176, Labo Cadastre",Labo,0501606000,LABO,Labo,Camarines Norte,0501600000,P,Numbered cadastral point (Cad survey),220,Cad-176,,,14.08063029,122.8005667,14.07919999,122.80193538,4,478462.7152,1557101.758,0.001,DENR-LMB via Geoportal Lot Plotter,2026-09-21,1.0.0,Reference only - not a certified monument description,Labo,0.0
52400,"P 221, Cad 176, Labo Cadastre",Labo,0501606000,LABO,Labo,Camarines Norte,0501600000,P,Numbered cadastral point (Cad survey),221,Cad-176,,,14.07999542,122.7992373,14.07856513,122.800606,4,478319.0905,1557031.646,0.002,DENR-LMB via Geoportal Lot Plotter,2026-09-21,1.0.0,Reference only - not a certified monument description,Labo,0.0
52401,"P 222, Cad 176, Labo Cadastre",Labo,0501606000,LABO,Labo,Camarines Norte,0501600000,P,Numbered cadastral point (Cad survey),222,Cad-176,,,14.07910984,122.7981352,14.07767959,122.79950392,4,478199.9846,1556933.777,0.001,DENR-LMB via Geoportal Lot Plotter,2026-09-21,1.0.0,Reference only - not a certified monument description,Labo,0.0
52402,"P 223, Cad 176, Labo Cadastre",Labo,0501606000,LABO,Labo,Camarines Norte,0501600000,P,Numbered cadastral point (Cad survey),223,Cad-176,,,14.07848334,122.7959566,14.07705308,122.79732534,4,477964.6547,1556864.671,0.004,DENR-LMB via Geoportal Lot Plotter,2026-09-21,1.0.0,Reference only - not a certified monument description,Labo,0.0
52403,"P 224, Cad 176, Labo Cadastre",Labo,0501606000,LABO,Labo,Camarines Norte,0501600000,P,Numbered cadastral point (Cad survey),224,Cad-176,,,14.07750145,122.7946018,14.07607122,122.79597057,4,477818.2422,1556756.172,0.004,DENR-LMB via Geoportal Lot Plotter,2026-09-21,1.0.0,Reference only - not a certified monument description,Labo,0.0
52404,"P 225, Cad 176, Labo Cadastre",Labo,0501606000,LABO,Labo,Camarines Norte,0501600000,P,Numbered cadastral point (Cad survey),225,Cad-176,,,14.07738828,122.793933,14.07595804,122.79530177,4,477746.0063,1556743.715,0.002,DENR-LMB via Geoportal Lot Plotter,2026-09-21,1.0.0,Reference only - not a certified monument description,Labo,0.0
52405,"P 226, Cad 176, Labo Cadastre",Labo,0501606000,LABO,Labo,Camarines Norte,0501600000,P,Numbered cadastral point (Cad survey),226,Cad-176,,,14.07707221,122.7928583,14.07564197,122.79422708,4,477629.9161,1556708.851,0.0,DENR-LMB via Geoportal Lot Plotter,2026-09-21,1.0.0,Reference only - not a certified monument description,Labo,0.0
52406,"P 227, Cad 176, Labo Cadastre",Labo,0501606000,LABO,Labo,Camarines Norte,0501600000,P,Numbered cadastral point (Cad survey),227,Cad-176,,,14.07666522,122.7912424,14.07523497,122.7926112,4,477455.3711,1556663.98,0.003,DENR-LMB via Geoportal Lot Plotter,2026-09-21,1.0.0,Reference only - not a certified monument description,Labo,0.0
52407,"P 28, Cad 176, Labo Cadastre",Labo,0501606000,LABO,Labo,Camarines Norte,0501600000,P,Numbered cadastral point (Cad survey),28,Cad-176,,,14.14531956,122.8000166,14.14388498,122.80138374,4,478409.3971,1564258.322,0.001,DENR-LMB via Geoportal Lot Plotter,2026-09-21,1.0.0,Reference only - not a certified monument description,Labo,0.0
52408,"P 29, Cad 176, Labo Cadastre",Labo,0501606000,LABO,Labo,Camarines Norte,0501600000,P,Numbered cadastral point (Cad survey),29,Cad-176,,,14.14581517,122.798616,14.14438052,122.79998313,4,478258.2339,1564313.28,0.001,DENR-LMB via Geoportal Lot Plotter,2026-09-21,1.0.0,Reference only - not a certified monument description,Labo,0.0
52409,"P 32, Cad 176, Labo Cadastre",Labo,0501606000,LABO,Labo,Camarines Norte,0501600000,P,Numbered cadastral point (Cad survey),32,Cad-176,,,14.14723064,122.7951519,14.14579582,122.79651901,4,477884.375,1564470.197,0.003,DENR-LMB via Geoportal Lot Plotter,2026-09-21,1.0.0,Reference only - not a certified monument description,Labo,0.0
52410,"P 3, Cad 176, Labo Cadastre",Labo,0501606000,LABO,Labo,Camarines Norte,0501600000,P,Numbered cadastral point (Cad survey),3,Cad-176,,,14.12445421,122.794354,14.12302088,122.79572165,4,477796.0281,1561950.532,0.001,DENR-LMB via Geoportal Lot Plotter,2026-09-21,1.0.0,Reference only - not a certified monument description,Labo,0.0
52411,"P 26, Cad 176, Labo Cadastre",Labo,0501606000,LABO,Labo,Camarines Norte,0501600000,P,Numbered cadastral point (Cad survey),26,Cad-176,,,14.14559268,122.8028591,14.14415815,122.80422623,4,478716.3054,1564288.277,0.001,DENR-LMB via Geoportal Lot Plotter,2026-09-21,1.0.0,Reference only - not a certified monument description,Labo,0.0
52412,"P 31, Cad 176, Labo Cadastre",Labo,0501606000,LABO,Labo,Camarines Norte,0501600000,P,Numbered cadastral point (Cad survey),31,Cad-176,,,14.14681102,122.7961742,14.14537625,122.79754132,4,477994.7061,1564423.678,0.001,DENR-LMB via Geoportal Lot Plotter,2026-09-21,1.0.0,Reference only - not a certified monument description,Labo,0.0
52413,"P 4, Cad 176, Labo Cadastre",Labo,0501606000,LABO,Labo,Camarines Norte,0501600000,P,Numbered cadastral point (Cad survey),4,Cad-176,,,14.12604022,122.7954345,14.12460681,122.79680211,4,477912.841,1562125.889,0.003,DENR-LMB via Geoportal Lot Plotter,2026-09-21,1.0.0,Reference only - not a certified monument description,Labo,0.0
52414,"P 40, Cad 176, Labo Cadastre",Labo,0501606000,LABO,Labo,Camarines Norte,0501600000,P,Numbered cadastral point (Cad survey),40,Cad-176,,,14.15168082,122.7808632,14.15024539,122.78223023,4,476342.2127,1564963.913,0.004,DENR-LMB via Geoportal Lot Plotter,2026-09-21,1.0.0,Reference only - not a certified monument description,Labo,0.0
52415,"P 37, Cad 176, Labo Cadastre",Labo,0501606000,LABO,Labo,Camarines Norte,0501600000,P,Numbered cadastral point (Cad survey),37,Cad-176,,,14.15029064,122.7870847,14.14885544,122.78845175,4,477013.7409,1564809.499,0.002,DENR-LMB via Geoportal Lot Plotter,2026-09-21,1.0.0,Reference only - not a certified monument description,Labo,0.0
52416,"P 33, Cad 176, Labo Cadastre",Labo,0501606000,LABO,Labo,Camarines Norte,0501600000,P,Numbered cadastral point (Cad survey),33,Cad-176,,,14.14898533,122.7938203,14.14755037,122.79518737,4,477740.7833,1564664.443,0.004,DENR-LMB via Geoportal Lot Plotter,2026-09-21,1.0.0,Reference only - not a certified monument description,Labo,0.0
52417,"P 34, Cad 176, Labo Cadastre",Labo,0501606000,LABO,Labo,Camarines Norte,0501600000,P,Numbered cadastral point (Cad survey),34,Cad-176,,,14.14995831,122.7916729,14.14852323,122.79303995,4,477509.0522,1564772.288,0.004,DENR-LMB via Geoportal Lot Plotter,2026-09-21,1.0.0,Reference only - not a certified monument description,Labo,0.0
52418,"P 30, Cad 176, Labo Cadastre",Labo,0501606000,LABO,Labo,Camarines Norte,0501600000,P,Numbered cadastral point (Cad survey),30,Cad-176,,,14.14632733,122.7973751,14.14489262,122.79874223,4,478124.3113,1564370.056,0.001,DENR-LMB via Geoportal Lot Plotter,2026-09-21,1.0.0,Reference only - not a certified monument description,Labo,0.0
52419,"P 35, Cad 176, Labo Cadastre",Labo,0501606000,LABO,Labo,Camarines Norte,0501600000,P,Numbered cadastral point (Cad survey),35,Cad-176,,,14.14993255,122.7900017,14.14849744,122.79136875,4,477328.6281,1564769.6,0.005,DENR-LMB via Geoportal Lot Plotter,2026-09-21,1.0.0,Reference only - not a certified monument description,Labo,0.0
52420,"P 36, Cad 176, Labo Cadastre",Labo,0501606000,LABO,Labo,Camarines Norte,0501600000,P,Numbered cadastral point (Cad survey),36,Cad-176,,,14.15005374,122.7887418,14.14861859,122.79010885,4,477192.6139,1564783.129,0.002,DENR-LMB via Geoportal Lot Plotter,2026-09-21,1.0.0,Reference only - not a certified monument description,Labo,0.0
52421,"P 41, Cad 176, Labo Cadastre",Labo,0501606000,LABO,Labo,Camarines Norte,0501600000,P,Numbered cadastral point (Cad survey),41,Cad-176,,,14.15246715,122.7792981,14.15103163,122.78066511,4,476173.3237,1565051.063,0.0,DENR-LMB via Geoportal Lot Plotter,2026-09-21,1.0.0,Reference only - not a certified monument description,Labo,0.0
52422,"P 42, Cad 176, Labo Cadastre",Labo,0501606000,LABO,Labo,Camarines Norte,0501600000,P,Numbered cadastral point (Cad survey),42,Cad-176,,,14.15073595,122.7793058,14.14930054,122.78067286,4,476173.9736,1564859.541,0.001,DENR-LMB via Geoportal Lot Plotter,2026-09-21,1.0.0,Reference only - not a certified monument description,Labo,0.0
52423,"P 45, Cad 176, Labo Cadastre",Labo,0501606000,LABO,Labo,Camarines Norte,0501600000,P,Numbered cadastral point (Cad survey),45,Cad-176,,,14.14695007,122.7789395,14.1455149,122.78030665,4,476134.0291,1564440.748,0.004,DENR-LMB via Geoportal Lot Plotter,2026-09-21,1.0.0,Reference only - not a certified monument description,Labo,0.0
52424,"P 38, Cad 176, Labo Cadastre",Labo,0501606000,LABO,Labo,Camarines Norte,0501600000,P,Numbered cadastral point (Cad survey),38,Cad-176,,,14.15087358,122.7847511,14.14943829,122.78611814,4,476761.8591,1564874.22,0.003,DENR-LMB via Geoportal Lot Plotter,2026-09-21,1.0.0,Reference only - not a certified monument description,Labo,0.0
52425,"P 39, Cad 176, Labo Cadastre",Labo,0501606000,LABO,Labo,Camarines Norte,0501600000,P,Numbered cadastral point (Cad survey),39,Cad-176,,,14.15092488,122.7825935,14.14948953,122.78396054,4,476528.9334,1564880.11,0.0,DENR-LMB via Geoportal Lot Plotter,2026-09-21,1.0.0,Reference only - not a certified monument description,Labo,0.0
52426,"P 46, Cad 176, Labo Cadastre",Labo,0501606000,LABO,Labo,Camarines Norte,0501600000,P,Numbered cadastral point (Cad survey),46,Cad-176,,,14.14599774,122.7784688,14.14456263,122.77983597,4,476083.1142,1564335.44,0.002,DENR-LMB via Geoportal Lot Plotter,2026-09-21,1.0.0,Reference only - not a certified monument description,Labo,0.0
52427,"P 47, Cad 176, Labo Cadastre",Labo,0501606000,LABO,Labo,Camarines Norte,0501600000,P,Numbered cadastral point (Cad survey),47,Cad-176,,,14.1452853,122.7784708,14.14385023,122.77983799,4,476083.2566,1564256.623,0.001,DENR-LMB via Geoportal Lot Plotter,2026-09-21,1.0.0,Reference only - not a certified monument description,Labo,0.0
52428,"P 43, Cad 176, Labo Cadastre",Labo,0501606000,LABO,Labo,Camarines Norte,0501600000,P,Numbered cadastral point (Cad survey),43,Cad-176,,,14.14927316,122.7795328,14.14783785,122.78089989,4,476198.3342,1564697.69,0.005,DENR-LMB via Geoportal Lot Plotter,2026-09-21,1.0.0,Reference only - not a certified monument description,Labo,0.0
52429,"P 48, Cad 176, Labo Cadastre",Labo,0501606000,LABO,Labo,Camarines Norte,0501600000,P,Numbered cadastral point (Cad survey),48,Cad-176,,,14.143798,122.7777377,14.14236301,122.77910492,4,476003.9598,1564092.158,0.005,DENR-LMB via Geoportal Lot Plotter,2026-09-21,1.0.0,Reference only - not a certified monument description,Labo,0.0
52430,"P 49, Cad 176, Labo Cadastre",Labo,0501606000,LABO,Labo,Camarines Norte,0501600000,P,Numbered cadastral point (Cad survey),49,Cad-176,,,14.14180369,122.7773943,14.14036883,122.77876157,4,475966.6701,1563871.564,0.0,DENR-LMB via Geoportal Lot Plotter,2026-09-21,1.0.0,Reference only - not a certified monument description,Labo,0.0
52431,"P 44, Cad 176, Labo Cadastre",Labo,0501606000,LABO,Labo,Camarines Norte,0501600000,P,Numbered cadastral point (Cad survey),44,Cad-176,,,14.14785348,122.7792633,14.14641826,122.78063042,4,476169.0906,1564540.658,0.005,DENR-LMB via Geoportal Lot Plotter,2026-09-21,1.0.0,Reference only - not a certified monument description,Labo,0.0
52432,"P 5, Cad 176, Labo Cadastre",Labo,0501606000,LABO,Labo,Camarines Norte,0501600000,P,Numbered cadastral point (Cad survey),5,Cad-176,,,14.1277027,122.7965882,14.1262692,122.79795577,4,478037.5697,1562309.699,0.001,DENR-LMB via Geoportal Lot Plotter,2026-09-21,1.0.0,Reference only - not a certified monument description,Labo,0.0
52433,"P 50, Cad 176, Labo Cadastre",Labo,0501606000,LABO,Labo,Camarines Norte,0501600000,P,Numbered cadastral point (Cad survey),50,Cad-176,,,14.13989606,122.7770088,14.13846131,122.77837612,4,475924.8477,1563660.564,0.002,DENR-LMB via Geoportal Lot Plotter,2026-09-21,1.0.0,Reference only - not a certified monument description,Labo,0.0
52434,"P 51, Cad 176, Labo Cadastre",Labo,0501606000,LABO,Labo,Camarines Norte,0501600000,P,Numbered cadastral point (Cad survey),51,Cad-176,,,14.13831553,122.7765394,14.13688088,122.77790676,4,475874.0022,1563485.759,0.002,DENR-LMB via Geoportal Lot Plotter,2026-09-21,1.0.0,Reference only - not a certified monument description,Labo,0.0
52435,"P 52, Cad 176, Labo Cadastre",Labo,0501606000,LABO,Labo,Camarines Norte,0501600000,P,Numbered cadastral point (Cad survey),52,Cad-176,,,14.13614725,122.7758812,14.13471273,122.77724861,4,475802.71,1563245.951,0.002,DENR-LMB via Geoportal Lot Plotter,2026-09-21,1.0.0,Reference only - not a certified monument description,Labo,0.0
52436,"P 53, Cad 176, Labo Cadastre",Labo,0501606000,LABO,Labo,Camarines Norte,0501600000,P,Numbered cadastral point (Cad survey),53,Cad-176,,,14.13690817,122.77359,14.13547354,122.7749574,4,475555.4221,1563330.368,0.002,DENR-LMB via Geoportal Lot Plotter,2026-09-21,1.0.0,Reference only - not a certified monument description,Labo,0.0
52437,"P 54, Cad 176, Labo Cadastre",Labo,0501606000,LABO,Labo,Camarines Norte,0501600000,P,Numbered cadastral point (Cad survey),54,Cad-176,,,14.13723342,122.7725844,14.13579875,122.77395179,4,475446.8831,1563366.456,0.0,DENR-LMB via Geoportal Lot Plotter,2026-09-21,1.0.0,Reference only - not a certified monument description,Labo,0.0
52438,"P 55, Cad 176, Labo Cadastre",Labo,0501606000,LABO,Labo,Camarines Norte,0501600000,P,Numbered cadastral point (Cad survey),55,Cad-176,,,14.137971,122.7711328,14.13653625,122.77250017,4,475290.2395,1563448.207,0.001,DENR-LMB via Geoportal Lot Plotter,2026-09-21,1.0.0,Reference only - not a certified monument description,Labo,0.0
52439,"P 60, Cad 176, Labo Cadastre",Labo,0501606000,LABO,Labo,Camarines Norte,0501600000,P,Numbered cadastral point (Cad survey),60,Cad-176,,,14.14069353,122.7651751,14.13925846,122.76654242,4,474647.307,1563750.034,0.004,DENR-LMB via Geoportal Lot Plotter,2026-09-21,1.0.0,Reference only - not a certified monument description,Labo,0.0
52440,"P 66, Cad 176, Labo Cadastre",Labo,0501606000,LABO,Labo,Camarines Norte,0501600000,P,Numbered cadastral point (Cad survey),66,Cad-176,,,14.14222414,122.7570722,14.14078879,122.7584395,4,473772.6577,1563920.256,0.001,DENR-LMB via Geoportal Lot Plotter,2026-09-21,1.0.0,Reference only - not a certified monument description,Labo,0.0
52441,"P 67, Cad 176, Labo Cadastre",Labo,0501606000,LABO,Labo,Camarines Norte,0501600000,P,Numbered cadastral point (Cad survey),67,Cad-176,,,14.14206675,122.7563951,14.14063139,122.75776241,4,473699.5381,1563902.92,0.0,DENR-LMB via Geoportal Lot Plotter,2026-09-21,1.0.0,Reference only - not a certified monument description,Labo,0.0
52442,"P 63, Cad 176, Labo Cadastre",Labo,0501606000,LABO,Labo,Camarines Norte,0501600000,P,Numbered cadastral point (Cad survey),63,Cad-176,,,14.14209336,122.7624707,14.14065814,122.76383799,4,474355.4926,1563905.19,0.004,DENR-LMB via Geoportal Lot Plotter,2026-09-21,1.0.0,Reference only - not a certified monument description,Labo,0.0
52443,"P 6, Cad 176, Labo Cadastre",Labo,0501606000,LABO,Labo,Camarines Norte,0501600000,P,Numbered cadastral point (Cad survey),6,Cad-176,,,14.12695327,122.797113,14.12551983,122.79848059,4,478094.1667,1562226.742,0.005,DENR-LMB via Geoportal Lot Plotter,2026-09-21,1.0.0,Reference only - not a certified monument description,Labo,0.0
52444,"P 56, Cad 176, Labo Cadastre",Labo,0501606000,LABO,Labo,Camarines Norte,0501600000,P,Numbered cadastral point (Cad survey),56,Cad-176,,,14.13855871,122.7692715,14.13712388,122.77063886,4,475089.3456,1563513.421,0.0,DENR-LMB via Geoportal Lot Plotter,2026-09-21,1.0.0,Reference only - not a certified monument description,Labo,0.0
52445,"P 57, Cad 176, Labo Cadastre",Labo,0501606000,LABO,Labo,Camarines Norte,0501600000,P,Numbered cadastral point (Cad survey),57,Cad-176,,,14.13885009,122.7684323,14.13741522,122.76979966,4,474998.773,1563545.745,0.001,DENR-LMB via Geoportal Lot Plotter,2026-09-21,1.0.0,Reference only - not a certified monument description,Labo,0.0
52446,"P 61, Cad 176, Labo Cadastre",Labo,0501606000,LABO,Labo,Camarines Norte,0501600000,P,Numbered cadastral point (Cad survey),61,Cad-176,,,14.14133884,122.7646324,14.13990372,122.76599971,4,474588.7917,1563821.483,0.001,DENR-LMB via Geoportal Lot Plotter,2026-09-21,1.0.0,Reference only - not a certified monument description,Labo,0.0
52447,"P 62, Cad 176, Labo Cadastre",Labo,0501606000,LABO,Labo,Camarines Norte,0501600000,P,Numbered cadastral point (Cad survey),62,Cad-176,,,14.14203589,122.7638765,14.14060071,122.76524379,4,474507.2615,1563898.68,0.004,DENR-LMB via Geoportal Lot Plotter,2026-09-21,1.0.0,Reference only - not a certified monument description,Labo,0.0
52448,"P 58, Cad 176, Labo Cadastre",Labo,0501606000,LABO,Labo,Camarines Norte,0501600000,P,Numbered cadastral point (Cad survey),58,Cad-176,,,14.13926549,122.7676472,14.13783057,122.76901455,4,474914.0502,1563591.785,0.004,DENR-LMB via Geoportal Lot Plotter,2026-09-21,1.0.0,Reference only - not a certified monument description,Labo,0.0
52449,"P 59, Cad 176, Labo Cadastre",Labo,0501606000,LABO,Labo,Camarines Norte,0501600000,P,Numbered cadastral point (Cad survey),59,Cad-176,,,14.13981786,122.7665991,14.13838288,122.76796644,4,474800.9597,1563653.005,0.003,DENR-LMB via Geoportal Lot Plotter,2026-09-21,1.0.0,Reference only - not a certified monument description,Labo,0.0
52450,"P 69, Cad 176, Labo Cadastre",Labo,0501606000,LABO,Labo,Camarines Norte,0501600000,P,Numbered cadastral point (Cad survey),69,Cad-176,,,14.13956279,122.7556832,14.13812758,122.75705057,4,473622.3889,1563625.988,0.001,DENR-LMB via Geoportal Lot Plotter,2026-09-21,1.0.0,Reference only - not a certified monument description,Labo,0.0
52451,"P 7, Cad 176, Labo Cadastre",Labo,0501606000,LABO,Labo,Camarines Norte,0501600000,P,Numbered cadastral point (Cad survey),7,Cad-176,,,14.12735465,122.7982397,14.12592121,122.79960727,4,478215.8537,1562271.041,0.003,DENR-LMB via Geoportal Lot Plotter,2026-09-21,1.0.0,Reference only - not a certified monument description,Labo,0.0
52452,"P 70, Cad 176, Labo Cadastre",Labo,0501606000,LABO,Labo,Camarines Norte,0501600000,P,Numbered cadastral point (Cad survey),70,Cad-176,,,14.13775434,122.7551949,14.13631924,122.75656231,4,473569.4649,1563425.975,0.003,DENR-LMB via Geoportal Lot Plotter,2026-09-21,1.0.0,Reference only - not a certified monument description,Labo,0.0
52453,"P 71, Cad 176, Labo Cadastre",Labo,0501606000,LABO,Labo,Camarines Norte,0501600000,P,Numbered cadastral point (Cad survey),71,Cad-176,,,14.13571347,122.7540257,14.13427848,122.75539316,4,473442.9953,1563200.326,0.004,DENR-LMB via Geoportal Lot Plotter,2026-09-21,1.0.0,Reference only - not a certified monument description,Labo,0.0
52454,"P 72, Cad 176, Labo Cadastre",Labo,0501606000,LABO,Labo,Camarines Norte,0501600000,P,Numbered cadastral point (Cad survey),72,Cad-176,,,14.13411909,122.7530699,14.13268418,122.7544374,4,473339.6107,1563024.049,0.0,DENR-LMB via Geoportal Lot Plotter,2026-09-21,1.0.0,Reference only - not a certified monument description,Labo,0.0
52455,"P 68, Cad 176, Labo Cadastre",Labo,0501606000,LABO,Labo,Camarines Norte,0501600000,P,Numbered cadastral point (Cad survey),68,Cad-176,,,14.14107633,122.7559624,14.13964103,122.75732973,4,473652.7099,1563793.399,0.002,DENR-LMB via Geoportal Lot Plotter,2026-09-21,1.0.0,Reference only - not a certified monument description,Labo,0.0
52456,"P 64, Cad 176, Labo Cadastre",Labo,0501606000,LABO,Labo,Camarines Norte,0501600000,P,Numbered cadastral point (Cad survey),64,Cad-176,,,14.14226957,122.7616517,14.14083432,122.76301899,4,474267.0905,1563924.774,0.005,DENR-LMB via Geoportal Lot Plotter,2026-09-21,1.0.0,Reference only - not a certified monument description,Labo,0.0
52457,"P 65, Cad 176, Labo Cadastre",Labo,0501606000,LABO,Labo,Camarines Norte,0501600000,P,Numbered cadastral point (Cad survey),65,Cad-176,,,14.14222413,122.7595189,14.14078883,122.7608862,4,474036.8166,1563919.983,0.002,DENR-LMB via Geoportal Lot Plotter,2026-09-21,1.0.0,Reference only - not a certified monument description,Labo,0.0
52458,"P 76, Cad 176, Labo Cadastre",Labo,0501606000,LABO,Labo,Camarines Norte,0501600000,P,Numbered cadastral point (Cad survey),76,Cad-176,,,14.13017233,122.7511692,14.12873764,122.7525368,4,473133.9305,1562587.637,0.002,DENR-LMB via Geoportal Lot Plotter,2026-09-21,1.0.0,Reference only - not a certified monument description,Labo,0.0
52459,"P 77, Cad 176, Labo Cadastre",Labo,0501606000,LABO,Labo,Camarines Norte,0501600000,P,Numbered cadastral point (Cad survey),77,Cad-176,,,14.12941657,122.7508054,14.12798192,122.75217302,4,473094.5611,1562504.069,0.003,DENR-LMB via Geoportal Lot Plotter,2026-09-21,1.0.0,Reference only - not a certified monument description,Labo,0.0
52460,"P 73, Cad 176, Labo Cadastre",Labo,0501606000,LABO,Labo,Camarines Norte,0501600000,P,Numbered cadastral point (Cad survey),73,Cad-176,,,14.13329921,122.7523051,14.13186434,122.75367262,4,473256.9379,1562933.433,0.003,DENR-LMB via Geoportal Lot Plotter,2026-09-21,1.0.0,Reference only - not a certified monument description,Labo,0.0
52461,"P 74, Cad 176, Labo Cadastre",Labo,0501606000,LABO,Labo,Camarines Norte,0501600000,P,Numbered cadastral point (Cad survey),74,Cad-176,,,14.13240707,122.7514214,14.13097224,122.75278895,4,473161.4299,1562834.837,0.005,DENR-LMB via Geoportal Lot Plotter,2026-09-21,1.0.0,Reference only - not a certified monument description,Labo,0.0
52462,"P 75, Cad 176, Labo Cadastre",Labo,0501606000,LABO,Labo,Camarines Norte,0501600000,P,Numbered cadastral point (Cad survey),75,Cad-176,,,14.13178574,122.7511119,14.13035094,122.75247946,4,473127.931,1562766.134,0.004,DENR-LMB via Geoportal Lot Plotter,2026-09-21,1.0.0,Reference only - not a certified monument description,Labo,0.0
52463,"P 80, Cad 176, Labo Cadastre",Labo,0501606000,LABO,Labo,Camarines Norte,0501600000,P,Numbered cadastral point (Cad survey),80,Cad-176,,,14.12626538,122.748901,14.1248309,122.7502687,4,472888.5751,1562155.674,0.002,DENR-LMB via Geoportal Lot Plotter,2026-09-21,1.0.0,Reference only - not a certified monument description,Labo,0.0
52464,"P 87, Cad 176, Labo Cadastre",Labo,0501606000,LABO,Labo,Camarines Norte,0501600000,P,Numbered cadastral point (Cad survey),87,Cad-176,,,14.1189635,122.7452433,14.11752942,122.74661118,4,472492.7721,1561348.296,0.003,DENR-LMB via Geoportal Lot Plotter,2026-09-21,1.0.0,Reference only - not a certified monument description,Labo,0.0
52465,"P 82, Cad 176, Labo Cadastre",Labo,0501606000,LABO,Labo,Camarines Norte,0501600000,P,Numbered cadastral point (Cad survey),82,Cad-176,,,14.12474229,122.7476645,14.12330788,122.74903224,4,472754.8877,1561987.318,0.003,DENR-LMB via Geoportal Lot Plotter,2026-09-21,1.0.0,Reference only - not a certified monument description,Labo,0.0
52466,"P 83, Cad 176, Labo Cadastre",Labo,0501606000,LABO,Labo,Camarines Norte,0501600000,P,Numbered cadastral point (Cad survey),83,Cad-176,,,14.12402477,122.7470634,14.12259039,122.74843115,4,472689.8925,1561908.009,0.005,DENR-LMB via Geoportal Lot Plotter,2026-09-21,1.0.0,Reference only - not a certified monument description,Labo,0.0
52467,"P 84, Cad 176, Labo Cadastre",Labo,0501606000,LABO,Labo,Camarines Norte,0501600000,P,Numbered cadastral point (Cad survey),84,Cad-176,,,14.12231195,122.7463723,14.12087767,122.7477401,4,472615.0773,1561718.601,0.005,DENR-LMB via Geoportal Lot Plotter,2026-09-21,1.0.0,Reference only - not a certified monument description,Labo,0.0
52468,"P 9, Cad 176, Labo Cadastre",Labo,0501606000,LABO,Labo,Camarines Norte,0501600000,P,Numbered cadastral point (Cad survey),9,Cad-176,,,14.12706506,122.7997924,14.12563168,122.80115998,4,478383.4728,1562238.86,0.003,DENR-LMB via Geoportal Lot Plotter,2026-09-21,1.0.0,Reference only - not a certified monument description,Labo,0.0
52469,"P 8, Cad 176, Labo Cadastre",Labo,0501606000,LABO,Labo,Camarines Norte,0501600000,P,Numbered cadastral point (Cad survey),8,Cad-176,,,14.12757546,122.7989387,14.12614202,122.80030627,4,478291.3482,1562295.405,0.005,DENR-LMB via Geoportal Lot Plotter,2026-09-21,1.0.0,Reference only - not a certified monument description,Labo,0.0
52470,"P 85, Cad 176, Labo Cadastre",Labo,0501606000,LABO,Labo,Camarines Norte,0501600000,P,Numbered cadastral point (Cad survey),85,Cad-176,,,14.12118655,122.7461616,14.11975234,122.74752942,4,472592.1874,1561594.123,0.001,DENR-LMB via Geoportal Lot Plotter,2026-09-21,1.0.0,Reference only - not a certified monument description,Labo,0.0
52471,"P 86, Cad 176, Labo Cadastre",Labo,0501606000,LABO,Labo,Camarines Norte,0501600000,P,Numbered cadastral point (Cad survey),86,Cad-176,,,14.12003237,122.7456185,14.11859822,122.74698635,4,472533.4067,1561466.501,0.002,DENR-LMB via Geoportal Lot Plotter,2026-09-21,1.0.0,Reference only - not a certified monument description,Labo,0.0
52472,"P 81, Cad 176, Labo Cadastre",Labo,0501606000,LABO,Labo,Camarines Norte,0501600000,P,Numbered cadastral point (Cad survey),81,Cad-176,,,14.12549136,122.7482786,14.12405691,122.74964632,4,472821.2754,1562070.117,0.004,DENR-LMB via Geoportal Lot Plotter,2026-09-21,1.0.0,Reference only - not a certified monument description,Labo,0.0
52473,"P 78, Cad 176, Labo Cadastre",Labo,0501606000,LABO,Labo,Camarines Norte,0501600000,P,Numbered cadastral point (Cad survey),78,Cad-176,,,14.12789873,122.7506731,14.12646418,122.75204075,4,473080.0991,1562336.167,0.002,DENR-LMB via Geoportal Lot Plotter,2026-09-21,1.0.0,Reference only - not a certified monument description,Labo,0.0
52474,"P 79, Cad 176, Labo Cadastre",Labo,0501606000,LABO,Labo,Camarines Norte,0501600000,P,Numbered cadastral point (Cad survey),79,Cad-176,,,14.12698236,122.7500605,14.12554786,122.75142818,4,473013.8478,1562234.859,0.003,DENR-LMB via Geoportal Lot Plotter,2026-09-21,1.0.0,Reference only - not a certified monument description,Labo,0.0
52475,"P 88, Cad 176, Labo Cadastre",Labo,0501606000,LABO,Labo,Camarines Norte,0501600000,P,Numbered cadastral point (Cad survey),88,Cad-176,,,14.11786365,122.7447052,14.11642963,122.7460731,4,472434.5357,1561226.683,0.001,DENR-LMB via Geoportal Lot Plotter,2026-09-21,1.0.0,Reference only - not a certified monument description,Labo,0.0
52476,"P 89, Cad 176, Labo Cadastre",Labo,0501606000,LABO,Labo,Camarines Norte,0501600000,P,Numbered cadastral point (Cad survey),89,Cad-176,,,14.11655162,122.7440643,14.11511767,122.74543224,4,472365.1727,1561081.61,0.003,DENR-LMB via Geoportal Lot Plotter,2026-09-21,1.0.0,Reference only - not a certified monument description,Labo,0.0
52477,"P 95, Cad 176, Labo Cadastre",Labo,0501606000,LABO,Labo,Camarines Norte,0501600000,P,Numbered cadastral point (Cad survey),95,Cad-176,,,14.10729435,122.7443386,14.10586101,122.74570676,4,472393.6749,1560057.45,0.004,DENR-LMB via Geoportal Lot Plotter,2026-09-21,1.0.0,Reference only - not a certified monument description,Labo,0.0
52478,"P 90, Cad 176, Labo Cadastre",Labo,0501606000,LABO,Labo,Camarines Norte,0501600000,P,Numbered cadastral point (Cad survey),90,Cad-176,,,14.1151196,122.7440483,14.11368574,122.74541627,4,472363.2773,1560923.187,0.002,DENR-LMB via Geoportal Lot Plotter,2026-09-21,1.0.0,Reference only - not a certified monument description,Labo,0.0
52479,"P 91, Cad 176, Labo Cadastre",Labo,0501606000,LABO,Labo,Camarines Norte,0501600000,P,Numbered cadastral point (Cad survey),91,Cad-176,,,14.11378552,122.7439359,14.11235175,122.7453039,4,472350.9801,1560775.612,0.003,DENR-LMB via Geoportal Lot Plotter,2026-09-21,1.0.0,Reference only - not a certified monument description,Labo,0.0
52480,"P 96, Cad 176, Labo Cadastre",Labo,0501606000,LABO,Labo,Camarines Norte,0501600000,P,Numbered cadastral point (Cad survey),96,Cad-176,,,14.10583652,122.7449891,14.1044033,122.74635729,4,472463.7445,1559896.096,0.001,DENR-LMB via Geoportal Lot Plotter,2026-09-21,1.0.0,Reference only - not a certified monument description,Labo,0.0
52481,"P 97, Cad 176, Labo Cadastre",Labo,0501606000,LABO,Labo,Camarines Norte,0501600000,P,Numbered cadastral point (Cad survey),97,Cad-176,,,14.1040746,122.7445102,14.10264148,122.74587843,4,472411.8246,1559701.232,0.003,DENR-LMB via Geoportal Lot Plotter,2026-09-21,1.0.0,Reference only - not a certified monument description,Labo,0.0
52482,"P 92, Cad 176, Labo Cadastre",Labo,0501606000,LABO,Labo,Camarines Norte,0501600000,P,Numbered cadastral point (Cad survey),92,Cad-176,,,14.1111903,122.7436859,14.10975669,122.74505397,4,472323.6719,1560488.534,0.002,DENR-LMB via Geoportal Lot Plotter,2026-09-21,1.0.0,Reference only - not a certified monument description,Labo,0.0
52483,"P 93, Cad 176, Labo Cadastre",Labo,0501606000,LABO,Labo,Camarines Norte,0501600000,P,Numbered cadastral point (Cad survey),93,Cad-176,,,14.10995131,122.743842,14.10851779,122.74521009,4,472340.3813,1560351.447,0.005,DENR-LMB via Geoportal Lot Plotter,2026-09-21,1.0.0,Reference only - not a certified monument description,Labo,0.0
52484,"P 94, Cad 176, Labo Cadastre",Labo,0501606000,LABO,Labo,Camarines Norte,0501600000,P,Numbered cadastral point (Cad survey),94,Cad-176,,,14.10869724,122.7440187,14.1072638,122.74538682,4,472359.3094,1560212.689,0.005,DENR-LMB via Geoportal Lot Plotter,2026-09-21,1.0.0,Reference only - not a certified monument description,Labo,0.0
52485,"P 98, Cad 176, Labo Cadastre",Labo,0501606000,LABO,Labo,Camarines Norte,0501600000,P,Numbered cadastral point (Cad survey),98,Cad-176,,,14.10248441,122.7435,14.10105137,122.74486827,4,472302.551,1559525.428,0.005,DENR-LMB via Geoportal Lot Plotter,2026-09-21,1.0.0,Reference only - not a certified monument description,Labo,0.0
52486,"P 99, Cad 176, Labo Cadastre",Labo,0501606000,LABO,Labo,Camarines Norte,0501600000,P,Numbered cadastral point (Cad survey),99,Cad-176,,,14.10130552,122.7421116,14.09987253,122.7434799,4,472152.4821,1559395.173,0.003,DENR-LMB via Geoportal Lot Plotter,2026-09-21,1.0.0,Reference only - not a certified monument description,Labo,0.0
52487,"PPM 314 31 A, US Army 29th Engineering Corp.",Labo,0501606000,LABO,Labo,Camarines Norte,0501600000,PPM,PPM - US Army 29th Engineer survey monument,314 31 A,,,,14.19821667,122.4038528,14.19676963,122.40521943,4,435652.7664,1570183.178,0.002,DENR-LMB via Geoportal Lot Plotter,2026-09-21,1.0.0,Reference only - not a certified monument description,Santa Elena,5483.226439940131
52488,"BBM No. 1, Pls 677 D, Mercedes Public Land Subdivision",Mercedes,0501607000,MERCEDES,Mercedes,Camarines Norte,0501600000,BBM,Barrio Boundary Monument,1,Pls-677-D,,,14.10246568,122.9511085,14.10103735,122.95247637,4,494720.5996,1559508.8,0.001,DENR-LMB via Geoportal Lot Plotter,2026-09-21,1.0.0,Reference only - not a certified monument description,Daet,2940.3557133880477
52489,"BBM No. 2, Pls 677 D, Mercedes Public Land Subdivision",Mercedes,0501607000,MERCEDES,Mercedes,Camarines Norte,0501600000,BBM,Barrio Boundary Monument,2,Pls-677-D,,,14.11768275,122.9456041,14.11625329,122.94697162,4,494126.6158,1561192.371,0.003,DENR-LMB via Geoportal Lot Plotter,2026-09-21,1.0.0,Reference only - not a certified monument description,Daet,3528.2610273224545
52490,"BBM No. 3, Pls 677 D, Mercedes Public Land Subdivision",Mercedes,0501607000,MERCEDES,Mercedes,Camarines Norte,0501600000,BBM,Barrio Boundary Monument,3,Pls-677-D,,,14.123726,122.9483862,14.12229621,122.94975357,4,494427.1607,1561860.86,0.004,DENR-LMB via Geoportal Lot Plotter,2026-09-21,1.0.0,Reference only - not a certified monument description,Daet,3345.7964972464347
52491,"BBM No. 4, Pls 677 D, Mercedes Public Land Subdivision",Mercedes,0501607000,MERCEDES,Mercedes,Camarines Norte,0501600000,BBM,Barrio Boundary Monument,4,Pls-677-D,,,14.1227496,122.9576107,14.12132008,122.95897807,4,495423.1202,1561752.642,0.004,DENR-LMB via Geoportal Lot Plotter,2026-09-21,1.0.0,Reference only - not a certified monument description,Daet,2346.547848300341
52492,"BBM No. 5, Pls 677 D, Mercedes Public Land Subdivision",Mercedes,0501607000,MERCEDES,Mercedes,Camarines Norte,0501600000,BBM,Barrio Boundary Monument,5,Pls-677-D,,,14.11814309,122.9634719,14.11671401,122.96483937,4,496055.8897,1561242.924,0.004,DENR-LMB via Geoportal Lot Plotter,2026-09-21,1.0.0,Reference only - not a certified monument description,Daet,1621.3167655700863
52493,"BBM No. 6, Pls 677 D, Mercedes Public Land Subdivision",Mercedes,0501607000,MERCEDES,Mercedes,Camarines Norte,0501600000,BBM,Barrio Boundary Monument,6,Pls-677-D,,,14.10553025,122.9602326,14.10410193,122.96160038,4,495705.8964,1559847.642,0.001,DENR-LMB via Geoportal Lot Plotter,2026-09-21,1.0.0,Reference only - not a certified monument description,Daet,1903.7285790105313
52494,"BLBM No. 1, Bo. of Colasi, Municipality of Mercedes, Province of Camarines Norte",Mercedes,0501607000,MERCEDES,Mercedes,Camarines Norte,0501600000,BLBM,Bureau of Lands Barrio Monument,1,,Colasi,,13.92271389,123.0863667,13.92130054,123.08773858,4,509333.3037,1539624.447,0.004,DENR-LMB via Geoportal Lot Plotter,2026-09-21,1.0.0,Reference only - not a certified monument description,Mercedes,0.0
52495,"BLBM No. 1, Bo. of Matoogtoog, Municipality of Mercedes, Province of Camarines Norte",Mercedes,0501607000,MERCEDES,Mercedes,Camarines Norte,0501600000,BLBM,Bureau of Lands Barrio Monument,1,,Matoogtoog,,14.02528333,123.03555,14.02386202,123.03691954,4,503840.0465,1550970.011,0.001,DENR-LMB via Geoportal Lot Plotter,2026-09-21,1.0.0,Reference only - not a certified monument description,Mercedes,0.0
52496,"BLBM No. 1, Bo. of Pambuhan, Municipality of Mercedes, Province of Camarines Norte",Mercedes,0501607000,MERCEDES,Mercedes,Camarines Norte,0501600000,BLBM,Bureau of Lands Barrio Monument,1,,Pambuhan,,13.97531232,123.0831359,13.97389541,123.08450653,4,508982.1309,1545443.132,0.001,DENR-LMB via Geoportal Lot Plotter,2026-09-21,1.0.0,Reference only - not a certified monument description,Mercedes,0.0
52497,"BLBM No. 1, Pls 677 D, Bo. of Matoogtoog, Mercedes Public Land Subdivision",Mercedes,0501607000,MERCEDES,Mercedes,Camarines Norte,0501600000,BLBM,Bureau of Lands Barrio Monument,1,Pls-677-D,Matoogtoog,,14.02526958,123.0355177,14.02384827,123.03688724,4,503836.5594,1550968.489,0.002,DENR-LMB via Geoportal Lot Plotter,2026-09-21,1.0.0,Reference only - not a certified monument description,Mercedes,0.0
52498,"BLLM No. 1, Pls 677 D, Mercedes Public Land Subdivision",Mercedes,0501607000,MERCEDES,Mercedes,Camarines Norte,0501600000,BLLM,Bureau of Lands Location Monument,1,Pls-677-D,,,14.11353889,122.9543944,14.11210991,122.955762,4,495075.6596,1560733.74,0.005,DENR-LMB via Geoportal Lot Plotter,2026-09-21,1.0.0,Reference only - not a certified monument description,Daet,2533.8399414916294
52499,"BLLM No. 1, Cad 1186 D, Mercedes Cadastre",Mercedes,0501607000,MERCEDES,Mercedes,Camarines Norte,0501600000,BLLM,Bureau of Lands Location Monument,1,Cad-1186-D,,,14.11200722,123.0076236,14.11057954,123.00899113,4,500823.1783,1560563.83,0.001,DENR-LMB via Geoportal Lot Plotter,2026-09-21,1.0.0,Reference only - not a certified monument description,Mercedes,0.0
52500,"BLLM No. 1, Municipality of Mercedes, Province of Camarines Norte",Mercedes,0501607000,MERCEDES,Mercedes,Camarines Norte,0501600000,BLLM,Bureau of Lands Location Monument,1,,,,14.11133739,123.011137,14.10990984,123.01250454,4,501202.5457,1560489.743,0.003,DENR-LMB via Geoportal Lot Plotter,2026-09-21,1.0.0,Reference only - not a certified monument description,Mercedes,0.0
52501,"BLLM No. 11, Pls 677 D, Mercedes Public Land Subdivision",Mercedes,0501607000,MERCEDES,Mercedes,Camarines Norte,0501600000,BLLM,Bureau of Lands Location Monument,11,Pls-677-D,,,14.11264608,123.0086125,14.11121838,123.00998001,4,500929.9483,1560634.509,0.005,DENR-LMB via Geoportal Lot Plotter,2026-09-21,1.0.0,Reference only - not a certified monument description,Mercedes,0.0
52502,"BLLM No. 12, Pls 677 D, Mercedes Public Land Subdivision",Mercedes,0501607000,MERCEDES,Mercedes,Camarines Norte,0501600000,BLLM,Bureau of Lands Location Monument,12,Pls-677-D,,,14.11269122,123.0107871,14.11126357,123.0121546,4,501164.7575,1560639.513,0.003,DENR-LMB via Geoportal Lot Plotter,2026-09-21,1.0.0,Reference only - not a certified monument description,Mercedes,0.0
52503,"BLLM No. 2, Pls 677 D, Mercedes Public Land Subdivision",Mercedes,0501607000,MERCEDES,Mercedes,Camarines Norte,0501600000,BLLM,Bureau of Lands Location Monument,2,Pls-677-D,,,14.11426832,122.9544097,14.11283929,122.95577728,4,495077.3252,1560814.436,0.003,DENR-LMB via Geoportal Lot Plotter,2026-09-21,1.0.0,Reference only - not a certified monument description,Daet,2541.217087664218
52504,"BLLM No. 3, Pls 677 D, Mercedes Public Land Subdivision",Mercedes,0501607000,MERCEDES,Mercedes,Camarines Norte,0501600000,BLLM,Bureau of Lands Location Monument,3,Pls-677-D,,,14.08793525,122.9357292,14.08650753,122.93709744,4,493059.4704,1557901.721,0.002,DENR-LMB via Geoportal Lot Plotter,2026-09-21,1.0.0,Reference only - not a certified monument description,Daet,5078.510300136269
52505,"BLLM No. 4, Pls 677 D, Mercedes Public Land Subdivision",Mercedes,0501607000,MERCEDES,Mercedes,Camarines Norte,0501600000,BLLM,Bureau of Lands Location Monument,4,Pls-677-D,,,14.08638458,122.9338973,14.08495693,122.93526558,4,492861.597,1557730.228,0.002,DENR-LMB via Geoportal Lot Plotter,2026-09-21,1.0.0,Reference only - not a certified monument description,Daet,5333.425580679951
52506,"BLLM No. 5, Pls 677 D, Mercedes Public Land Subdivision",Mercedes,0501607000,MERCEDES,Mercedes,Camarines Norte,0501600000,BLLM,Bureau of Lands Location Monument,5,Pls-677-D,,,14.05461059,122.8911801,14.05318407,122.89254922,4,488246.9636,1554216.841,0.003,DENR-LMB via Geoportal Lot Plotter,2026-09-21,1.0.0,Reference only - not a certified monument description,San Lorenzo Ruiz,11097.085606330256
52507,"BLLM No. 6, Pls 677 D, Mercedes Public Land Subdivision",Mercedes,0501607000,MERCEDES,Mercedes,Camarines Norte,0501600000,BLLM,Bureau of Lands Location Monument,6,Pls-677-D,,,14.05359586,122.8900405,14.05216938,122.89140965,4,488123.8279,1554104.64,0.002,DENR-LMB via Geoportal Lot Plotter,2026-09-21,1.0.0,Reference only - not a certified monument description,San Lorenzo Ruiz,11261.425733787724
52508,"BLLM No. 7, Pls 677 D, Mercedes Public Land Subdivision",Mercedes,0501607000,MERCEDES,Mercedes,Camarines Norte,0501600000,BLLM,Bureau of Lands Location Monument,7,Pls-677-D,,,14.10470509,122.9051023,14.10327557,122.9064702,4,489752.8525,1559758.061,0.003,DENR-LMB via Geoportal Lot Plotter,2026-09-21,1.0.0,Reference only - not a certified monument description,Daet,7831.268492342316
52509,"BLLM No. 8, Pls 677 D, Mercedes Public Land Subdivision",Mercedes,0501607000,MERCEDES,Mercedes,Camarines Norte,0501600000,BLLM,Bureau of Lands Location Monument,8,Pls-677-D,,,14.10513249,122.9066513,14.10370298,122.90801919,4,489920.1335,1559805.276,0.004,DENR-LMB via Geoportal Lot Plotter,2026-09-21,1.0.0,Reference only - not a certified monument description,Daet,7661.503796196458
52510,"CMN 23, PRS 92",Mercedes,0501607000,MERCEDES,Mercedes,Camarines Norte,0501600000,PRS92,PRS92 geodetic control point,CMN 23,,,,14.00493986,123.0465666,14.00352015,123.0479366,4,505030.4786,1548719.668,0.004,DENR-LMB via Geoportal Lot Plotter,2026-09-21,1.0.0,Reference only - not a certified monument description,Mercedes,0.0
52511,"CMN 40, PRS 92",Mercedes,0501607000,MERCEDES,Mercedes,Camarines Norte,0501600000,PRS92,PRS92 geodetic control point,CMN 40,,,,14.02705912,123.0336782,14.02563765,123.0350477,4,503637.8322,1551166.432,0.002,DENR-LMB via Geoportal Lot Plotter,2026-09-21,1.0.0,Reference only - not a certified monument description,Mercedes,0.0
52512,"CMN 41, PRS 92",Mercedes,0501607000,MERCEDES,Mercedes,Camarines Norte,0501600000,PRS92,PRS92 geodetic control point,CMN 41,,,,13.97755082,123.0808464,13.97613371,123.08221698,4,508734.6842,1545690.685,0.002,DENR-LMB via Geoportal Lot Plotter,2026-09-21,1.0.0,Reference only - not a certified monument description,Mercedes,0.0
52513,"CMN 42, PRS 92",Mercedes,0501607000,MERCEDES,Mercedes,Camarines Norte,0501600000,PRS92,PRS92 geodetic control point,CMN 42,,,,13.87048337,123.0647499,13.86907299,123.06612307,4,506998.8271,1533845.624,0.005,DENR-LMB via Geoportal Lot Plotter,2026-09-21,1.0.0,Reference only - not a certified monument description,Mercedes,0.0
52514,"MBM No. 1, Pls 677 D, Mercedes Public Land Subdivision",Mercedes,0501607000,MERCEDES,Mercedes,Camarines Norte,0501600000,MBM,Municipal Boundary Monument,1,Pls-677-D,,,14.090107,122.9559364,14.0886796,122.95730455,4,495241.6686,1558141.477,0.001,DENR-LMB via Geoportal Lot Plotter,2026-09-21,1.0.0,Reference only - not a certified monument description,Daet,3131.72059922044
52515,"MBM No. 10, Pls 677 D, Mercedes Public Land Subdivision",Mercedes,0501607000,MERCEDES,Mercedes,Camarines Norte,0501600000,MBM,Municipal Boundary Monument,10,Pls-677-D,,,14.14793826,122.9624805,14.14650719,122.96384726,4,495949.3757,1564539.141,0.001,DENR-LMB via Geoportal Lot Plotter,2026-09-21,1.0.0,Reference only - not a certified monument description,Talisay,3390.77035233195
52516,"MBM No. 11, Pls 677 D, Mercedes Public Land Subdivision",Mercedes,0501607000,MERCEDES,Mercedes,Camarines Norte,0501600000,MBM,Municipal Boundary Monument,11,Pls-677-D,,,14.14373063,122.9792779,14.14230022,122.98064473,4,497762.7946,1564073.432,0.005,DENR-LMB via Geoportal Lot Plotter,2026-09-21,1.0.0,Reference only - not a certified monument description,Daet,1943.3097732545907
52517,"MBM No. 2, Pls 677 D, Mercedes Public Land Subdivision",Mercedes,0501607000,MERCEDES,Mercedes,Camarines Norte,0501600000,MBM,Municipal Boundary Monument,2,Pls-677-D,,,14.08440587,122.9454449,14.08297861,122.94681321,4,494108.5728,1557511.007,0.004,DENR-LMB via Geoportal Lot Plotter,2026-09-21,1.0.0,Reference only - not a certified monument description,Daet,4405.227344418461
52518,"MBM No. 3, Pls 677 D, Mercedes Public Land Subdivision",Mercedes,0501607000,MERCEDES,Mercedes,Camarines Norte,0501600000,MBM,Municipal Boundary Monument,3,Pls-677-D,,,14.07922225,122.9447655,14.07779532,122.94613393,4,494035.0654,1556937.57,0.0,DENR-LMB via Geoportal Lot Plotter,2026-09-21,1.0.0,Reference only - not a certified monument description,Basud,4834.746652725866
52519,"MBM No. 6, Pls 677 D, Mercedes Public Land Subdivision",Mercedes,0501607000,MERCEDES,Mercedes,Camarines Norte,0501600000,MBM,Municipal Boundary Monument,6,Pls-677-D,,,14.10732155,122.8965588,14.10589167,122.89792666,4,488830.4435,1560047.906,0.003,DENR-LMB via Geoportal Lot Plotter,2026-09-21,1.0.0,Reference only - not a certified monument description,Daet,8741.085308905283
52520,"MBM No. 7, Pls 677 D, Mercedes Public Land Subdivision",Mercedes,0501607000,MERCEDES,Mercedes,Camarines Norte,0501600000,MBM,Municipal Boundary Monument,7,Pls-677-D,,,14.11596744,122.8996205,14.11453705,122.90098815,4,489161.453,1561004.245,0.004,DENR-LMB via Geoportal Lot Plotter,2026-09-21,1.0.0,Reference only - not a certified monument description,Talisay,8443.025255972781
52521,"MBM No. 8, Pls 677 D, Mercedes Public Land Subdivision",Mercedes,0501607000,MERCEDES,Mercedes,Camarines Norte,0501600000,MBM,Municipal Boundary Monument,8,Pls-677-D,,,14.11520532,122.9185117,14.11377541,122.91987933,4,491201.217,1560919.143,0.002,DENR-LMB via Geoportal Lot Plotter,2026-09-21,1.0.0,Reference only - not a certified monument description,Daet,6404.768604201354
52522,"MBM No. 9, Pls 677 D, Mercedes Public Land Subdivision",Mercedes,0501607000,MERCEDES,Mercedes,Camarines Norte,0501600000,MBM,Municipal Boundary Monument,9,Pls-677-D,,,14.12701627,122.9392689,14.12558605,122.94063621,4,493442.8402,1562225.093,0.003,DENR-LMB via Geoportal Lot Plotter,2026-09-21,1.0.0,Reference only - not a certified monument description,Talisay,4381.530956120483
52523,"BBM No. 11, Pls 1047 D, Paracale Public Land Subdivision",Paracale,0501608000,PARACALE,Paracale,Camarines Norte,0501600000,BBM,Barrio Boundary Monument,11,Pls-1047-D,,,14.26335252,122.7682418,14.26190945,122.7696062,4,474991.87,1577319.48,0.004,DENR-LMB via Geoportal Lot Plotter,2026-09-21,1.0.0,Reference only - not a certified monument description,Paracale,0.0
52524,"BBM No. 12, Pls 1047 D, Paracale Public Land Subdivision",Paracale,0501608000,PARACALE,Paracale,Camarines Norte,0501600000,BBM,Barrio Boundary Monument,12,Pls-1047-D,,,14.24604902,122.7624775,14.24460695,122.76384232,4,474367.917,1575405.81,0.004,DENR-LMB via Geoportal Lot Plotter,2026-09-21,1.0.0,Reference only - not a certified monument description,Paracale,0.0
52525,"BBM No. 13, Pls 1047 D, Paracale Public Land Subdivision",Paracale,0501608000,PARACALE,Paracale,Camarines Norte,0501600000,BBM,Barrio Boundary Monument,13,Pls-1047-D,,,14.24135248,122.7448632,14.23991032,122.74622817,4,472466.5,1574888.24,0.003,DENR-LMB via Geoportal Lot Plotter,2026-09-21,1.0.0,Reference only - not a certified monument description,Paracale,0.0
52526,"BBM No. 14, Pls 1047 D, Paracale Public Land Subdivision",Paracale,0501608000,PARACALE,Paracale,Camarines Norte,0501600000,BBM,Barrio Boundary Monument,14,Pls-1047-D,,,14.23897223,122.742605,14.23753018,122.74397003,4,472222.51,1574625.18,0.002,DENR-LMB via Geoportal Lot Plotter,2026-09-21,1.0.0,Reference only - not a certified monument description,Paracale,0.0
52527,"BBM No. 15, Pls 1047 D, Paracale Public Land Subdivision",Paracale,0501608000,PARACALE,Paracale,Camarines Norte,0501600000,BBM,Barrio Boundary Monument,15,Pls-1047-D,,,14.23792242,122.7403375,14.23648039,122.74170256,4,471977.67,1574509.31,0.003,DENR-LMB via Geoportal Lot Plotter,2026-09-21,1.0.0,Reference only - not a certified monument description,Paracale,0.0
52528,"BBM No. 16, Pls 1047 D, Paracale Public Land Subdivision",Paracale,0501608000,PARACALE,Paracale,Camarines Norte,0501600000,BBM,Barrio Boundary Monument,16,Pls-1047-D,,,14.2392667,122.7380375,14.23782453,122.73940253,4,471729.626,1574658.306,0.001,DENR-LMB via Geoportal Lot Plotter,2026-09-21,1.0.0,Reference only - not a certified monument description,Paracale,0.0
52529,"BBM No. 17, Pls 1047 D, Paracale Public Land Subdivision",Paracale,0501608000,PARACALE,Paracale,Camarines Norte,0501600000,BBM,Barrio Boundary Monument,17,Pls-1047-D,,,14.2403925,122.7114091,14.23894965,122.71277415,4,468856.087,1574786.251,0.0,DENR-LMB via Geoportal Lot Plotter,2026-09-21,1.0.0,Reference only - not a certified monument description,Jose Panganiban,628.2480024784438
52530,"BBM No. 18, Pls 1047 D, Paracale Public Land Subdivision",Paracale,0501608000,PARACALE,Paracale,Camarines Norte,0501600000,BBM,Barrio Boundary Monument,18,Pls-1047-D,,,14.25173906,122.7331936,14.25029596,122.73455834,4,471208.458,1576038.726,0.005,DENR-LMB via Geoportal Lot Plotter,2026-09-21,1.0.0,Reference only - not a certified monument description,Paracale,0.0
52531,"BBM No. 19, Pls 1047 D, Paracale Public Land Subdivision",Paracale,0501608000,PARACALE,Paracale,Camarines Norte,0501600000,BBM,Barrio Boundary Monument,19,Pls-1047-D,,,14.25341379,122.7386561,14.2519707,122.74002079,4,471798.14,1576223.334,0.002,DENR-LMB via Geoportal Lot Plotter,2026-09-21,1.0.0,Reference only - not a certified monument description,Paracale,0.0
52532,"BBM No. 20, Pls 1047 D, Paracale Public Land Subdivision",Paracale,0501608000,PARACALE,Paracale,Camarines Norte,0501600000,BBM,Barrio Boundary Monument,20,Pls-1047-D,,,14.25793503,122.7381055,14.25649163,122.73947008,4,471739.29,1576723.59,0.001,DENR-LMB via Geoportal Lot Plotter,2026-09-21,1.0.0,Reference only - not a certified monument description,Paracale,0.0
52533,"BBM No. 21, Pls 1047 D, Paracale Public Land Subdivision",Paracale,0501608000,PARACALE,Paracale,Camarines Norte,0501600000,BBM,Barrio Boundary Monument,21,Pls-1047-D,,,14.26058597,122.7398482,14.25914244,122.74121272,4,471927.669,1577016.654,0.002,DENR-LMB via Geoportal Lot Plotter,2026-09-21,1.0.0,Reference only - not a certified monument description,Paracale,0.0
52534,"BBM No. 22, Pls 1047 D, Paracale Public Land Subdivision",Paracale,0501608000,PARACALE,Paracale,Camarines Norte,0501600000,BBM,Barrio Boundary Monument,22,Pls-1047-D,,,14.26194217,122.7325085,14.26049838,122.733873,4,471135.83,1577167.59,0.001,DENR-LMB via Geoportal Lot Plotter,2026-09-21,1.0.0,Reference only - not a certified monument description,Jose Panganiban,102.16172890552555
52535,"BBM No. 23, Pls 1047 D, Paracale Public Land Subdivision",Paracale,0501608000,PARACALE,Paracale,Camarines Norte,0501600000,BBM,Barrio Boundary Monument,23,Pls-1047-D,,,14.28112638,122.7363148,14.27968141,122.73767884,4,471548.964,1579289.489,0.002,DENR-LMB via Geoportal Lot Plotter,2026-09-21,1.0.0,Reference only - not a certified monument description,Paracale,0.0
52536,"BBM No. 24, Pls 1047 D, Paracale Public Land Subdivision",Paracale,0501608000,PARACALE,Paracale,Camarines Norte,0501600000,BBM,Barrio Boundary Monument,24,Pls-1047-D,,,14.28888127,122.7551923,14.28743622,122.75655612,4,473586.72,1580145.19,0.001,DENR-LMB via Geoportal Lot Plotter,2026-09-21,1.0.0,Reference only - not a certified monument description,Paracale,0.0
52537,"BBM No. 26, Pls 1047 D, Paracale Public Land Subdivision",Paracale,0501608000,PARACALE,Paracale,Camarines Norte,0501600000,BBM,Barrio Boundary Monument,26,Pls-1047-D,,,14.27430324,122.8339771,14.27286093,122.83534111,4,482086.0,1578524.895,0.001,DENR-LMB via Geoportal Lot Plotter,2026-09-21,1.0.0,Reference only - not a certified monument description,Paracale,0.0
52538,"BBM No. 27, Pls 1047 D, Paracale Public Land Subdivision",Paracale,0501608000,PARACALE,Paracale,Camarines Norte,0501600000,BBM,Barrio Boundary Monument,27,Pls-1047-D,,,14.26805912,122.8462714,14.2666175,122.84763553,4,483412.113,1577833.193,0.002,DENR-LMB via Geoportal Lot Plotter,2026-09-21,1.0.0,Reference only - not a certified monument description,Paracale,0.0
52539,"BBM No. 28, Pls 1047 D, Paracale Public Land Subdivision",Paracale,0501608000,PARACALE,Paracale,Camarines Norte,0501600000,BBM,Barrio Boundary Monument,28,Pls-1047-D,,,14.25224035,122.8515563,14.25079989,122.8529208,4,483981.252,1576082.789,0.004,DENR-LMB via Geoportal Lot Plotter,2026-09-21,1.0.0,Reference only - not a certified monument description,Paracale,0.0
52540,"BBM No. 29, Pls 1047 D, Paracale Public Land Subdivision",Paracale,0501608000,PARACALE,Paracale,Camarines Norte,0501600000,BBM,Barrio Boundary Monument,29,Pls-1047-D,,,14.23293732,122.8628349,14.23149839,122.86419984,4,485197.084,1573946.55,0.004,DENR-LMB via Geoportal Lot Plotter,2026-09-21,1.0.0,Reference only - not a certified monument description,Vinzons,59.54420198875716
52541,"BBM No. 3, Pls 1047 D, Paracale Public Land Subdivision",Paracale,0501608000,PARACALE,Paracale,Camarines Norte,0501600000,BBM,Barrio Boundary Monument,3,Pls-1047-D,,,14.28214748,122.7833551,14.28070351,122.78471902,4,476624.633,1579397.206,0.003,DENR-LMB via Geoportal Lot Plotter,2026-09-21,1.0.0,Reference only - not a certified monument description,Paracale,0.0
52542,"BBM No. 30, Pls 1047 D, Paracale Public Land Subdivision",Paracale,0501608000,PARACALE,Paracale,Camarines Norte,0501600000,BBM,Barrio Boundary Monument,30,Pls-1047-D,,,14.23408334,122.8580602,14.23264422,122.85942512,4,484681.872,1574073.642,0.005,DENR-LMB via Geoportal Lot Plotter,2026-09-21,1.0.0,Reference only - not a certified monument description,Paracale,0.0
52544,"BBM No. 32, Pls 1047 D, Paracale Public Land Subdivision",Paracale,0501608000,PARACALE,Paracale,Camarines Norte,0501600000,BBM,Barrio Boundary Monument,32,Pls-1047-D,,,14.22509229,122.8425741,14.22365342,122.84393926,4,483009.939,1573080.037,0.005,DENR-LMB via Geoportal Lot Plotter,2026-09-21,1.0.0,Reference only - not a certified monument description,Paracale,0.0
52545,"BBM No. 33, Pls 1047 D, Paracale Public Land Subdivision",Paracale,0501608000,PARACALE,Paracale,Camarines Norte,0501600000,BBM,Barrio Boundary Monument,33,Pls-1047-D,,,14.23636221,122.8536183,14.23492284,122.85498317,4,484202.67,1574326.05,0.005,DENR-LMB via Geoportal Lot Plotter,2026-09-21,1.0.0,Reference only - not a certified monument description,Paracale,0.0
52546,"BBM No. 34, Pls 1047 D, Paracale Public Land Subdivision",Paracale,0501608000,PARACALE,Paracale,Camarines Norte,0501600000,BBM,Barrio Boundary Monument,34,Pls-1047-D,,,14.25651238,122.8252029,14.25507104,122.82656735,4,481137.78,1576557.38,0.005,DENR-LMB via Geoportal Lot Plotter,2026-09-21,1.0.0,Reference only - not a certified monument description,Paracale,0.0
52547,"BBM No. 35, Pls 1047 D, Paracale Public Land Subdivision",Paracale,0501608000,PARACALE,Paracale,Camarines Norte,0501600000,BBM,Barrio Boundary Monument,35,Pls-1047-D,,,14.26234784,122.8180989,14.26090596,122.81946322,4,480371.693,1577203.547,0.002,DENR-LMB via Geoportal Lot Plotter,2026-09-21,1.0.0,Reference only - not a certified monument description,Paracale,0.0
52548,"BBM No. 36, Pls 1047 D, Paracale Public Land Subdivision",Paracale,0501608000,PARACALE,Paracale,Camarines Norte,0501600000,BBM,Barrio Boundary Monument,36,Pls-1047-D,,,14.25175573,122.8131439,14.25031443,122.81450849,4,479836.071,1576032.162,0.0,DENR-LMB via Geoportal Lot Plotter,2026-09-21,1.0.0,Reference only - not a certified monument description,Paracale,0.0
52549,"BBM No. 37, Pls 1047 D, Paracale Public Land Subdivision",Paracale,0501608000,PARACALE,Paracale,Camarines Norte,0501600000,BBM,Barrio Boundary Monument,37,Pls-1047-D,,,14.25072275,122.7983663,14.24928119,122.79973094,4,478241.293,1575919.214,0.0,DENR-LMB via Geoportal Lot Plotter,2026-09-21,1.0.0,Reference only - not a certified monument description,Paracale,0.0
52550,"BBM No. 39, Pls 1047 D, Paracale Public Land Subdivision",Paracale,0501608000,PARACALE,Paracale,Camarines Norte,0501600000,BBM,Barrio Boundary Monument,39,Pls-1047-D,,,14.22109049,122.7826289,14.21965052,122.78399427,4,476539.973,1572642.516,0.001,DENR-LMB via Geoportal Lot Plotter,2026-09-21,1.0.0,Reference only - not a certified monument description,Paracale,0.0
52551,"BBM No. 38, Pls 1047 D, Paracale Public Land Subdivision",Paracale,0501608000,PARACALE,Paracale,Camarines Norte,0501600000,BBM,Barrio Boundary Monument,38,Pls-1047-D,,,14.22423064,122.7938241,14.22279072,122.79518938,4,477748.54,1572988.814,0.001,DENR-LMB via Geoportal Lot Plotter,2026-09-21,1.0.0,Reference only - not a certified monument description,Paracale,0.0
52552,"BBM No. 40, Pls 1047 D, Paracale Public Land Subdivision",Paracale,0501608000,PARACALE,Paracale,Camarines Norte,0501600000,BBM,Barrio Boundary Monument,40,Pls-1047-D,,,14.21186742,122.7837646,14.21042809,122.78513019,4,476661.599,1571622.053,0.0,DENR-LMB via Geoportal Lot Plotter,2026-09-21,1.0.0,Reference only - not a certified monument description,Paracale,0.0
52553,"BBM No. 41, Pls 1047 D, Paracale Public Land Subdivision",Paracale,0501608000,PARACALE,Paracale,Camarines Norte,0501600000,BBM,Barrio Boundary Monument,41,Pls-1047-D,,,14.2060495,122.7772253,14.2046104,122.77859104,4,475955.19,1570979.08,0.002,DENR-LMB via Geoportal Lot Plotter,2026-09-21,1.0.0,Reference only - not a certified monument description,Paracale,0.0
52554,"BBM No. 43, Pls 1047 D, Paracale Public Land Subdivision",Paracale,0501608000,PARACALE,Paracale,Camarines Norte,0501600000,BBM,Barrio Boundary Monument,43,Pls-1047-D,,,14.22497208,122.7604801,14.22353136,122.76184543,4,474149.97,1573074.28,0.003,DENR-LMB via Geoportal Lot Plotter,2026-09-21,1.0.0,Reference only - not a certified monument description,Paracale,0.0
52555,"BBM No. 42, Pls 1047 D, Paracale Public Land Subdivision",Paracale,0501608000,PARACALE,Paracale,Camarines Norte,0501600000,BBM,Barrio Boundary Monument,42,Pls-1047-D,,,14.20459093,122.7746567,14.20315187,122.77602248,4,475677.794,1570817.984,0.003,DENR-LMB via Geoportal Lot Plotter,2026-09-21,1.0.0,Reference only - not a certified monument description,Paracale,0.0
52556,"BBM No. 44, Pls 1047 D, Paracale Public Land Subdivision",Paracale,0501608000,PARACALE,Paracale,Camarines Norte,0501600000,BBM,Barrio Boundary Monument,44,Pls-1047-D,,,14.23111687,122.7481749,14.22967546,122.7495401,4,472822.66,1573755.48,0.003,DENR-LMB via Geoportal Lot Plotter,2026-09-21,1.0.0,Reference only - not a certified monument description,Paracale,0.0
52557,"BBM No. 45, Pls 1047 D, Paracale Public Land Subdivision",Paracale,0501608000,PARACALE,Paracale,Camarines Norte,0501600000,BBM,Barrio Boundary Monument,45,Pls-1047-D,,,14.23735291,122.7670169,14.23591152,122.76838192,4,474856.818,1574443.261,0.002,DENR-LMB via Geoportal Lot Plotter,2026-09-21,1.0.0,Reference only - not a certified monument description,Paracale,0.0
52558,"BBM No. 46, Pls 1047 D, Paracale Public Land Subdivision",Paracale,0501608000,PARACALE,Paracale,Camarines Norte,0501600000,BBM,Barrio Boundary Monument,46,Pls-1047-D,,,14.25418421,122.7777101,14.25274195,122.7790747,4,476012.6,1576304.187,0.004,DENR-LMB via Geoportal Lot Plotter,2026-09-21,1.0.0,Reference only - not a certified monument description,Paracale,0.0
52559,"BBM No. 47, Pls 1047 D, Paracale Public Land Subdivision",Paracale,0501608000,PARACALE,Paracale,Camarines Norte,0501600000,BBM,Barrio Boundary Monument,47,Pls-1047-D,,,14.26549262,122.8251552,14.26405069,122.82651944,4,481133.373,1577550.871,0.002,DENR-LMB via Geoportal Lot Plotter,2026-09-21,1.0.0,Reference only - not a certified monument description,Paracale,0.0
52560,"BBM No. 48, Pls 1047 D, Paracale Public Land Subdivision",Paracale,0501608000,PARACALE,Paracale,Camarines Norte,0501600000,BBM,Barrio Boundary Monument,48,Pls-1047-D,,,14.27575476,122.7706425,14.27431092,122.7720066,4,475252.28,1578691.291,0.001,DENR-LMB via Geoportal Lot Plotter,2026-09-21,1.0.0,Reference only - not a certified monument description,Paracale,0.0
52561,"BBM No. 5, Pls 1047 D, Paracale Public Land Subdivision",Paracale,0501608000,PARACALE,Paracale,Camarines Norte,0501600000,BBM,Barrio Boundary Monument,5,Pls-1047-D,,,14.25919552,122.7964493,14.25775336,122.79781374,4,478035.25,1576856.74,0.005,DENR-LMB via Geoportal Lot Plotter,2026-09-21,1.0.0,Reference only - not a certified monument description,Paracale,0.0
52562,"BBM No. 50, Pls 1047 D, Paracale Public Land Subdivision",Paracale,0501608000,PARACALE,Paracale,Camarines Norte,0501600000,BBM,Barrio Boundary Monument,50,Pls-1047-D,,,14.24051286,122.768513,14.23907129,122.76987794,4,475018.626,1574792.686,0.001,DENR-LMB via Geoportal Lot Plotter,2026-09-21,1.0.0,Reference only - not a certified monument description,Paracale,0.0
52563,"BBM No. 52, Pls 1047 D, Paracale Public Land Subdivision",Paracale,0501608000,PARACALE,Paracale,Camarines Norte,0501600000,BBM,Barrio Boundary Monument,52,Pls-1047-D,,,14.21087219,122.753061,14.20943223,122.75442668,4,473347.605,1571515.239,0.005,DENR-LMB via Geoportal Lot Plotter,2026-09-21,1.0.0,Reference only - not a certified monument description,Paracale,0.0
52564,"BBM No. 51, Pls 1047 D, Paracale Public Land Subdivision",Paracale,0501608000,PARACALE,Paracale,Camarines Norte,0501600000,BBM,Barrio Boundary Monument,51,Pls-1047-D,,,14.20888122,122.7423216,14.20744114,122.74368734,4,472188.25,1571296.23,0.005,DENR-LMB via Geoportal Lot Plotter,2026-09-21,1.0.0,Reference only - not a certified monument description,Paracale,0.0
52566,"BBM No. 53, Pls 1047 D, Paracale Public Land Subdivision",Paracale,0501608000,PARACALE,Paracale,Camarines Norte,0501600000,BBM,Barrio Boundary Monument,53,Pls-1047-D,,,14.22012523,122.8297927,14.21868639,122.83115801,4,481630.12,1572531.5,0.003,DENR-LMB via Geoportal Lot Plotter,2026-09-21,1.0.0,Reference only - not a certified monument description,Labo,226.11230323247685
52567,"BBM No. 55, Pls 1047 D, Paracale Public Land Subdivision",Paracale,0501608000,PARACALE,Paracale,Camarines Norte,0501600000,BBM,Barrio Boundary Monument,55,Pls-1047-D,,,14.25568805,122.7697716,14.25424551,122.77113618,4,475156.11,1576471.39,0.0,DENR-LMB via Geoportal Lot Plotter,2026-09-21,1.0.0,Reference only - not a certified monument description,Paracale,0.0
52568,"BBM No. 57, Pls 1047 D, Paracale Public Land Subdivision",Paracale,0501608000,PARACALE,Paracale,Camarines Norte,0501600000,BBM,Barrio Boundary Monument,57,Pls-1047-D,,,14.26534984,122.8538158,14.26390857,122.85517998,4,484225.99,1577532.94,0.003,DENR-LMB via Geoportal Lot Plotter,2026-09-21,1.0.0,Reference only - not a certified monument description,Vinzons,331.1001863241319
52569,"BBM No. 56, Pls 1047 D, Paracale Public Land Subdivision",Paracale,0501608000,PARACALE,Paracale,Camarines Norte,0501600000,BBM,Barrio Boundary Monument,56,Pls-1047-D,,,14.26677564,122.8036569,14.26533314,122.80502115,4,478813.714,1577694.663,0.001,DENR-LMB via Geoportal Lot Plotter,2026-09-21,1.0.0,Reference only - not a certified monument description,Paracale,0.0
52570,"BBM No. 59, Pls 1047 D, Paracale Public Land Subdivision",Paracale,0501608000,PARACALE,Paracale,Camarines Norte,0501600000,BBM,Barrio Boundary Monument,59,Pls-1047-D,,,14.231902,122.7786316,14.23046123,122.77999673,4,476109.692,1573839.002,0.001,DENR-LMB via Geoportal Lot Plotter,2026-09-21,1.0.0,Reference only - not a certified monument description,Paracale,0.0
52571,"BBM No. 58, Pls 1047 D, Paracale Public Land Subdivision",Paracale,0501608000,PARACALE,Paracale,Camarines Norte,0501600000,BBM,Barrio Boundary Monument,58,Pls-1047-D,,,14.24340399,122.797471,14.24196289,122.79883582,4,478143.973,1575109.621,0.002,DENR-LMB via Geoportal Lot Plotter,2026-09-21,1.0.0,Reference only - not a certified monument description,Paracale,0.0
52572,"BBM No. 6, Pls 1047 D, Paracale Public Land Subdivision",Paracale,0501608000,PARACALE,Paracale,Camarines Norte,0501600000,BBM,Barrio Boundary Monument,6,Pls-1047-D,,,14.27591854,122.7887212,14.2744751,122.79008526,4,477203.0,1578707.56,0.001,DENR-LMB via Geoportal Lot Plotter,2026-09-21,1.0.0,Reference only - not a certified monument description,Paracale,0.0
52573,"BBM No. 61, Pls 1047 D, Paracale Public Land Subdivision",Paracale,0501608000,PARACALE,Paracale,Camarines Norte,0501600000,BBM,Barrio Boundary Monument,61,Pls-1047-D,,,14.27635664,122.7446754,14.27491218,122.74603953,4,472450.48,1578760.8,0.001,DENR-LMB via Geoportal Lot Plotter,2026-09-21,1.0.0,Reference only - not a certified monument description,Paracale,0.0
52574,"BBM No. 64, Pls 1047 D, Paracale Public Land Subdivision",Paracale,0501608000,PARACALE,Paracale,Camarines Norte,0501600000,BBM,Barrio Boundary Monument,64,Pls-1047-D,,,14.26681267,122.8496471,14.26537121,122.85101126,4,483776.27,1577695.06,0.003,DENR-LMB via Geoportal Lot Plotter,2026-09-21,1.0.0,Reference only - not a certified monument description,Paracale,0.0
52575,"BBM No. 63, Pls 1047 D, Paracale Public Land Subdivision",Paracale,0501608000,PARACALE,Paracale,Camarines Norte,0501600000,BBM,Barrio Boundary Monument,63,Pls-1047-D,,,14.28032696,122.7928091,14.27888332,122.79417305,4,477644.52,1579194.87,0.0,DENR-LMB via Geoportal Lot Plotter,2026-09-21,1.0.0,Reference only - not a certified monument description,Paracale,0.0
52576,"BBM No. 62, Pls 1047 D, Paracale Public Land Subdivision",Paracale,0501608000,PARACALE,Paracale,Camarines Norte,0501600000,BBM,Barrio Boundary Monument,62,Pls-1047-D,,,14.28558789,122.7745018,14.2841435,122.77586566,4,475669.76,1579778.73,0.004,DENR-LMB via Geoportal Lot Plotter,2026-09-21,1.0.0,Reference only - not a certified monument description,Paracale,0.0
52577,"BBM No. 68, Pls 1047 D, Paracale Public Land Subdivision",Paracale,0501608000,PARACALE,Paracale,Camarines Norte,0501600000,BBM,Barrio Boundary Monument,68,Pls-1047-D,,,14.23570589,122.8504338,14.23426649,122.8517987,4,483858.95,1574253.66,0.0,DENR-LMB via Geoportal Lot Plotter,2026-09-21,1.0.0,Reference only - not a certified monument description,Paracale,0.0
52578,"BBM No. 67, Pls 1047 D, Paracale Public Land Subdivision",Paracale,0501608000,PARACALE,Paracale,Camarines Norte,0501600000,BBM,Barrio Boundary Monument,67,Pls-1047-D,,,14.24273656,122.8412261,14.24129649,122.84259085,4,482865.79,1575032.12,0.002,DENR-LMB via Geoportal Lot Plotter,2026-09-21,1.0.0,Reference only - not a certified monument description,Paracale,0.0
52579,"BBM No. 66, Pls 1047 D, Paracale Public Land Subdivision",Paracale,0501608000,PARACALE,Paracale,Camarines Norte,0501600000,BBM,Barrio Boundary Monument,66,Pls-1047-D,,,14.24732909,122.8174865,14.24588818,122.81885118,4,480304.3,1575542.07,0.005,DENR-LMB via Geoportal Lot Plotter,2026-09-21,1.0.0,Reference only - not a certified monument description,Paracale,0.0
52580,"BBM No. 65, Pls 1047 D, Paracale Public Land Subdivision",Paracale,0501608000,PARACALE,Paracale,Camarines Norte,0501600000,BBM,Barrio Boundary Monument,65,Pls-1047-D,,,14.24621565,122.8281966,14.24477506,122.82956129,4,481459.98,1575418.01,0.003,DENR-LMB via Geoportal Lot Plotter,2026-09-21,1.0.0,Reference only - not a certified monument description,Paracale,0.0
52582,"BBM No. 69, Pls 1047 D, Paracale Public Land Subdivision",Paracale,0501608000,PARACALE,Paracale,Camarines Norte,0501600000,BBM,Barrio Boundary Monument,69,Pls-1047-D,,,14.22455525,122.8397686,14.22311635,122.84113378,4,482707.12,1573020.83,0.001,DENR-LMB via Geoportal Lot Plotter,2026-09-21,1.0.0,Reference only - not a certified monument description,Paracale,0.0
52583,"BBM No. 70, Pls 1047 D, Paracale Public Land Subdivision",Paracale,0501608000,PARACALE,Paracale,Camarines Norte,0501600000,BBM,Barrio Boundary Monument,70,Pls-1047-D,,,14.20758516,122.7934522,14.20614633,122.79481788,4,477706.77,1571147.36,0.002,DENR-LMB via Geoportal Lot Plotter,2026-09-21,1.0.0,Reference only - not a certified monument description,Labo,376.13651880598553
52584,"BBM No. 73, Pls 1047 D, Paracale Public Land Subdivision",Paracale,0501608000,PARACALE,Paracale,Camarines Norte,0501600000,BBM,Barrio Boundary Monument,73,Pls-1047-D,,,14.26213182,122.8397456,14.26069044,122.84110989,4,482707.5,1577177.93,0.001,DENR-LMB via Geoportal Lot Plotter,2026-09-21,1.0.0,Reference only - not a certified monument description,Paracale,0.0
52585,"BBM No. 72, Pls 1047 D, Paracale Public Land Subdivision",Paracale,0501608000,PARACALE,Paracale,Camarines Norte,0501600000,BBM,Barrio Boundary Monument,72,Pls-1047-D,,,14.23082023,122.7982915,14.22937998,122.79965661,4,478231.31,1573717.4,0.004,DENR-LMB via Geoportal Lot Plotter,2026-09-21,1.0.0,Reference only - not a certified monument description,Paracale,0.0
52586,"BBM No. 71, Pls 1047 D, Paracale Public Land Subdivision",Paracale,0501608000,PARACALE,Paracale,Camarines Norte,0501600000,BBM,Barrio Boundary Monument,71,Pls-1047-D,,,14.22257092,122.7947622,14.22113113,122.79612752,4,477849.62,1572805.11,0.002,DENR-LMB via Geoportal Lot Plotter,2026-09-21,1.0.0,Reference only - not a certified monument description,Paracale,0.0
52587,"BBM No. 8, Pls 1047 D, Paracale Public Land Subdivision",Paracale,0501608000,PARACALE,Paracale,Camarines Norte,0501600000,BBM,Barrio Boundary Monument,8,Pls-1047-D,,,14.27913679,122.7723202,14.27769277,122.77368421,4,475433.67,1579065.27,0.001,DENR-LMB via Geoportal Lot Plotter,2026-09-21,1.0.0,Reference only - not a certified monument description,Paracale,0.0
52588,"BBM No. 9, Pls 1047 D, Paracale Public Land Subdivision",Paracale,0501608000,PARACALE,Paracale,Camarines Norte,0501600000,BBM,Barrio Boundary Monument,9,Pls-1047-D,,,14.29431244,122.7695942,14.29286736,122.77095786,4,475141.199,1580744.455,0.005,DENR-LMB via Geoportal Lot Plotter,2026-09-21,1.0.0,Reference only - not a certified monument description,Paracale,0.0
52589,"BLBM No. 1, Bo. of Batobalane, Municipality of Paracale, Province of Camarines Norte",Paracale,0501608000,PARACALE,Paracale,Camarines Norte,0501600000,BLBM,Bureau of Lands Barrio Monument,1,,Batobalane,,14.23483333,122.738725,14.23339146,122.74009013,4,471803.2707,1574167.757,0.0,DENR-LMB via Geoportal Lot Plotter,2026-09-21,1.0.0,Reference only - not a certified monument description,Paracale,0.0
52590,"BLBM No. 1, Bo. of Mampongo, Municipality of Paracale, Province of Camarines Norte",Paracale,0501608000,PARACALE,Paracale,Camarines Norte,0501600000,BLBM,Bureau of Lands Barrio Monument,1,,Mampongo,,14.23156944,122.8382778,14.23013004,122.83964282,4,482546.7627,1573796.921,0.002,DENR-LMB via Geoportal Lot Plotter,2026-09-21,1.0.0,Reference only - not a certified monument description,Paracale,0.0
52591,"BLBM No. 1, Bo. of Tanig, Municipality of Paracale, Province of Camarines Norte",Paracale,0501608000,PARACALE,Paracale,Camarines Norte,0501600000,BLBM,Bureau of Lands Barrio Monument,1,,Tanig,,14.25052222,122.7517639,14.24907962,122.75312863,4,473212.2822,1575901.889,0.001,DENR-LMB via Geoportal Lot Plotter,2026-09-21,1.0.0,Reference only - not a certified monument description,Paracale,0.0
52592,"BLBM No. 2, Bo. of Batobalane, Municipality of Paracale, Province of Camarines Norte",Paracale,0501608000,PARACALE,Paracale,Camarines Norte,0501600000,BLBM,Bureau of Lands Barrio Monument,2,,Batobalane,,14.23533056,122.7393972,14.23388868,122.74076232,4,471875.8787,1574222.684,0.002,DENR-LMB via Geoportal Lot Plotter,2026-09-21,1.0.0,Reference only - not a certified monument description,Paracale,0.0
52593,"BLBM No. 2, Bo. of Tanig, Municipality of Paracale, Province of Camarines Norte",Paracale,0501608000,PARACALE,Paracale,Camarines Norte,0501600000,BLBM,Bureau of Lands Barrio Monument,2,,Tanig,,14.25191667,122.7520444,14.25047398,122.7534091,4,473242.7221,1576056.125,0.005,DENR-LMB via Geoportal Lot Plotter,2026-09-21,1.0.0,Reference only - not a certified monument description,Paracale,0.0
52594,"BLLM No. 1, Municipality of Paracale, Province of Camarines Norte",Paracale,0501608000,PARACALE,Paracale,Camarines Norte,0501600000,BLLM,Bureau of Lands Location Monument,1,,,,14.28044444,122.7876806,14.27900068,122.78904455,4,477091.1704,1579208.367,0.005,DENR-LMB via Geoportal Lot Plotter,2026-09-21,1.0.0,Reference only - not a certified monument description,Paracale,0.0
52595,"BLLM No. 1, Pls 1047 D, Paracale Public Land Subdivision",Paracale,0501608000,PARACALE,Paracale,Camarines Norte,0501600000,BLLM,Bureau of Lands Location Monument,1,Pls-1047-D,,,14.28044444,122.7876806,14.27900068,122.78904455,4,477091.1704,1579208.367,0.005,DENR-LMB via Geoportal Lot Plotter,2026-09-21,1.0.0,Reference only - not a certified monument description,Paracale,0.0
52597,"BLLM No. 1, Municipality of Paracale, Province of Camarines Norte (Relocated 1926) (N.Pos)",Paracale,0501608000,PARACALE,Paracale,Camarines Norte,0501600000,BLLM,Bureau of Lands Location Monument,1,,,Relocated 1926 N.Pos,14.28044444,122.7876806,14.27900068,122.78904455,4,477091.1704,1579208.367,0.005,DENR-LMB via Geoportal Lot Plotter,2026-09-21,1.0.0,Reference only - not a certified monument description,Paracale,0.0
52598,"BLLM No. 1, Municipality of Paracale, Province of Camarines Norte (Relocated 1935) (New)",Paracale,0501608000,PARACALE,Paracale,Camarines Norte,0501600000,BLLM,Bureau of Lands Location Monument,1,,,Relocated 1935 New,14.28044722,122.7876417,14.27900346,122.78900565,4,477086.9746,1579208.678,0.004,DENR-LMB via Geoportal Lot Plotter,2026-09-21,1.0.0,Reference only - not a certified monument description,Paracale,0.0
52599,"BLLM No. 1, Municipality of Paracale, Province of Camarines Norte (New)",Paracale,0501608000,PARACALE,Paracale,Camarines Norte,0501600000,BLLM,Bureau of Lands Location Monument,1,,,New,14.28045,122.7876389,14.27900624,122.78900285,4,477086.6752,1579208.985,0.001,DENR-LMB via Geoportal Lot Plotter,2026-09-21,1.0.0,Reference only - not a certified monument description,Paracale,0.0
52600,"BLLM No. 11, Pls 1047 D, Paracale Public Land Subdivision",Paracale,0501608000,PARACALE,Paracale,Camarines Norte,0501600000,BLLM,Bureau of Lands Location Monument,11,Pls-1047-D,,,14.22895409,122.7273446,14.22751235,122.72870989,4,470574.33,1573518.74,0.002,DENR-LMB via Geoportal Lot Plotter,2026-09-21,1.0.0,Reference only - not a certified monument description,Paracale,0.0
52601,"BLLM No. 12, Pls 1047 D, Paracale Public Land Subdivision",Paracale,0501608000,PARACALE,Paracale,Camarines Norte,0501600000,BLLM,Bureau of Lands Location Monument,12,Pls-1047-D,,,14.22951723,122.7254522,14.22807541,122.72681748,4,470370.17,1573581.28,0.001,DENR-LMB via Geoportal Lot Plotter,2026-09-21,1.0.0,Reference only - not a certified monument description,Paracale,0.0
52602,"BLLM No. 13, Pls 1047 D, Paracale Public Land Subdivision",Paracale,0501608000,PARACALE,Paracale,Camarines Norte,0501600000,BLLM,Bureau of Lands Location Monument,13,Pls-1047-D,,,14.25055629,122.7518385,14.24911369,122.75320323,4,473220.34,1575905.65,0.002,DENR-LMB via Geoportal Lot Plotter,2026-09-21,1.0.0,Reference only - not a certified monument description,Paracale,0.0
52603,"BLLM No. 14, Pls 1047 D, Paracale Public Land Subdivision",Paracale,0501608000,PARACALE,Paracale,Camarines Norte,0501600000,BLLM,Bureau of Lands Location Monument,14,Pls-1047-D,,,14.25194951,122.7521208,14.25050682,122.7534855,4,473250.97,1576059.75,0.004,DENR-LMB via Geoportal Lot Plotter,2026-09-21,1.0.0,Reference only - not a certified monument description,Paracale,0.0
52604,"BLLM No. 16, Pls 1047 D, Paracale Public Land Subdivision",Paracale,0501608000,PARACALE,Paracale,Camarines Norte,0501600000,BLLM,Bureau of Lands Location Monument,16,Pls-1047-D,,,14.31584782,122.7647623,14.31440122,122.76612546,4,474622.3,1583127.46,0.002,DENR-LMB via Geoportal Lot Plotter,2026-09-21,1.0.0,Reference only - not a certified monument description,Paracale,0.0
52605,"BLLM No. 2, Municipality of Paracale, Province of Camarines Norte",Paracale,0501608000,PARACALE,Paracale,Camarines Norte,0501600000,BLLM,Bureau of Lands Location Monument,2,,,,14.28107778,122.7861222,14.27963394,122.78748614,4,476923.0933,1579278.587,0.002,DENR-LMB via Geoportal Lot Plotter,2026-09-21,1.0.0,Reference only - not a certified monument description,Paracale,0.0
52606,"BLLM No. 2, Pls 1047 D, Mambulao Public Land Subdivision",Paracale,0501608000,PARACALE,Paracale,Camarines Norte,0501600000,BLLM,Bureau of Lands Location Monument,2,Pls-1047-D,,,14.23533333,122.7393889,14.23389145,122.74075402,4,471874.9797,1574222.992,0.001,DENR-LMB via Geoportal Lot Plotter,2026-09-21,1.0.0,Reference only - not a certified monument description,Paracale,0.0
52607,"BLLM No. 3, Pls 1047 D, Paracale Public Land Subdivision",Paracale,0501608000,PARACALE,Paracale,Camarines Norte,0501600000,BLLM,Bureau of Lands Location Monument,3,Pls-1047-D,,,14.2586599,122.8327724,14.25721859,122.83413678,4,481954.77,1576794.36,0.003,DENR-LMB via Geoportal Lot Plotter,2026-09-21,1.0.0,Reference only - not a certified monument description,Paracale,0.0
52608,"BLLM No. 4, Pls 1047 D, Paracale Public Land Subdivision",Paracale,0501608000,PARACALE,Paracale,Camarines Norte,0501600000,BLLM,Bureau of Lands Location Monument,4,Pls-1047-D,,,14.25721154,122.8345664,14.25577037,122.83593081,4,482148.24,1576633.99,0.001,DENR-LMB via Geoportal Lot Plotter,2026-09-21,1.0.0,Reference only - not a certified monument description,Paracale,0.0
52609,"BLLM No. 6, Pls 1047 D, Paracale Public Land Subdivision",Paracale,0501608000,PARACALE,Paracale,Camarines Norte,0501600000,BLLM,Bureau of Lands Location Monument,6,Pls-1047-D,,,14.23483791,122.8580689,14.23339874,122.8594338,4,484682.87,1574157.12,0.004,DENR-LMB via Geoportal Lot Plotter,2026-09-21,1.0.0,Reference only - not a certified monument description,Paracale,0.0
52610,"BLLM No. 7, Pls 1047 D, Paracale Public Land Subdivision",Paracale,0501608000,PARACALE,Paracale,Camarines Norte,0501600000,BLLM,Bureau of Lands Location Monument,7,Pls-1047-D,,,14.23515163,122.7854626,14.2337108,122.78682763,4,476847.24,1574197.82,0.004,DENR-LMB via Geoportal Lot Plotter,2026-09-21,1.0.0,Reference only - not a certified monument description,Paracale,0.0
52611,"BLLM No. 8, Pls 1047 D, Paracale Public Land Subdivision",Paracale,0501608000,PARACALE,Paracale,Camarines Norte,0501600000,BLLM,Bureau of Lands Location Monument,8,Pls-1047-D,,,14.23479989,122.7836267,14.23335904,122.78499175,4,476649.07,1574159.09,0.001,DENR-LMB via Geoportal Lot Plotter,2026-09-21,1.0.0,Reference only - not a certified monument description,Paracale,0.0
52612,"BLLM No. 9, Pls 1047 D, Paracale Public Land Subdivision",Paracale,0501608000,PARACALE,Paracale,Camarines Norte,0501600000,BLLM,Bureau of Lands Location Monument,9,Pls-1047-D,,,14.20709383,122.7684105,14.20565446,122.76977624,4,475003.89,1571095.54,0.001,DENR-LMB via Geoportal Lot Plotter,2026-09-21,1.0.0,Reference only - not a certified monument description,Paracale,0.0
52613,"CMN 3085, PRS 92",Paracale,0501608000,PARACALE,Paracale,Camarines Norte,0501600000,PRS92,PRS92 geodetic control point,CMN 3085,,,,14.2838508,122.7888348,14.28240684,122.79019867,4,477216.0526,1579585.101,0.002,DENR-LMB via Geoportal Lot Plotter,2026-09-21,1.0.0,Reference only - not a certified monument description,Paracale,0.0
52614,"CMN 35, PRS 92",Paracale,0501608000,PARACALE,Paracale,Camarines Norte,0501600000,PRS92,PRS92 geodetic control point,CMN 35,,,,14.25177729,122.8130425,14.25033599,122.81440709,4,479825.133,1576034.556,0.002,DENR-LMB via Geoportal Lot Plotter,2026-09-21,1.0.0,Reference only - not a certified monument description,Paracale,0.0
52615,"Triangulation Station Bacacay, C.&G.S., Municipality of Paracale, Province of Camarines Norte",Paracale,0501608000,PARACALE,Paracale,Camarines Norte,0501600000,TRIG,Triangulation station,Bacacay,,,,14.26503889,122.8603361,14.26359779,122.86170028,4,484929.5479,1577498.107,0.001,DENR-LMB via Geoportal Lot Plotter,2026-09-21,1.0.0,Reference only - not a certified monument description,Vinzons,884.4573219037392
52616,"Triangulation Station Macalabo, Municipality of Paracale, Province of Camarines Norte",Paracale,0501608000,PARACALE,Paracale,Camarines Norte,0501600000,TRIG,Triangulation station,Macalabo,,,,14.38829167,122.8171361,14.38684149,122.81849743,4,480278.8021,1591136.912,0.001,DENR-LMB via Geoportal Lot Plotter,2026-09-21,1.0.0,Reference only - not a certified monument description,Paracale,0.0
52617,"Triangulation Station Macalabo, C. & G.S., Municipality of Paracale, Province of Camarines Norte",Paracale,0501608000,PARACALE,Paracale,Camarines Norte,0501600000,TRIG,Triangulation station,Macalabo,,,,14.38829167,122.8171361,14.38684149,122.81849743,4,480278.8021,1591136.912,0.001,DENR-LMB via Geoportal Lot Plotter,2026-09-21,1.0.0,Reference only - not a certified monument description,Paracale,0.0
52618,"CMN 38, PRS 92",San Lorenzo Ruiz,0501604000,SAN LORENZO RUIZ (IMELDA),San Lorenzo Ruiz (Imelda),Camarines Norte,0501600000,PRS92,PRS92 geodetic control point,CMN 38,,,,14.03859697,122.8675204,14.03717097,122.86888995,4,485690.6124,1552446.592,0.003,DENR-LMB via Geoportal Lot Plotter,2026-09-21,1.0.0,Reference only - not a certified monument description,San Lorenzo Ruiz,0.0
52619,"CMN 5, PRS 92",San Lorenzo Ruiz,0501604000,SAN LORENZO RUIZ (IMELDA),San Lorenzo Ruiz (Imelda),Camarines Norte,0501600000,PRS92,PRS92 geodetic control point,CMN 5,,,,14.03859485,122.8675216,14.03716885,122.86889115,4,485690.7353,1552446.358,0.003,DENR-LMB via Geoportal Lot Plotter,2026-09-21,1.0.0,Reference only - not a certified monument description,San Lorenzo Ruiz,0.0
52620,"BBM No. 1, Cad 477 D, San Vicente Cadastre",San Vicente,0501609000,SAN VICENTE,San Vicente,Camarines Norte,0501600000,BBM,Barrio Boundary Monument,1,Cad-477-D,,,14.10590153,122.8704174,14.10447115,122.87178534,4,486007.613,1559892.209,0.002,DENR-LMB via Geoportal Lot Plotter,2026-09-21,1.0.0,Reference only - not a certified monument description,San Vicente,0.0
52621,"BBM No. 1, Cadm 477 D, San Vicente Cadastral Mapping",San Vicente,0501609000,SAN VICENTE,San Vicente,Camarines Norte,0501600000,BBM,Barrio Boundary Monument,1,Cadm-477-D,,,14.10590153,122.8704174,14.10447115,122.87178534,4,486007.613,1559892.209,0.002,DENR-LMB via Geoportal Lot Plotter,2026-09-21,1.0.0,Reference only - not a certified monument description,San Vicente,0.0
52622,"BBM No. 10, Cad 477 D, San Vicente Cadastre",San Vicente,0501609000,SAN VICENTE,San Vicente,Camarines Norte,0501600000,BBM,Barrio Boundary Monument,10,Cad-477-D,,,14.10273136,122.8649544,14.10130106,122.86632243,4,485417.518,1559541.83,0.003,DENR-LMB via Geoportal Lot Plotter,2026-09-21,1.0.0,Reference only - not a certified monument description,San Vicente,0.0
52623,"BBM No. 10, Cadm 477 D, San Vicente Cadastral Mapping",San Vicente,0501609000,SAN VICENTE,San Vicente,Camarines Norte,0501600000,BBM,Barrio Boundary Monument,10,Cadm-477-D,,,14.10273136,122.8649544,14.10130106,122.86632243,4,485417.518,1559541.83,0.003,DENR-LMB via Geoportal Lot Plotter,2026-09-21,1.0.0,Reference only - not a certified monument description,San Vicente,0.0
52624,"BBM No. 11, Cad 477 D, San Vicente Cadastre",San Vicente,0501609000,SAN VICENTE,San Vicente,Camarines Norte,0501600000,BBM,Barrio Boundary Monument,11,Cad-477-D,,,14.12464863,122.8600467,14.12321677,122.86141422,4,484889.014,1561966.82,0.002,DENR-LMB via Geoportal Lot Plotter,2026-09-21,1.0.0,Reference only - not a certified monument description,Labo,20.193794518560274
52625,"BBM No. 11, Cadm 477 D, San Vicente Cadastral Mapping",San Vicente,0501609000,SAN VICENTE,San Vicente,Camarines Norte,0501600000,BBM,Barrio Boundary Monument,11,Cadm-477-D,,,14.12464863,122.8600467,14.12321677,122.86141422,4,484889.014,1561966.82,0.002,DENR-LMB via Geoportal Lot Plotter,2026-09-21,1.0.0,Reference only - not a certified monument description,Labo,20.193794518560274
52626,"BBM No. 12, Cad 477 D, San Vicente Cadastre",San Vicente,0501609000,SAN VICENTE,San Vicente,Camarines Norte,0501600000,BBM,Barrio Boundary Monument,12,Cad-477-D,,,14.06590906,122.830869,14.06448042,122.83223797,4,481733.974,1555470.61,0.001,DENR-LMB via Geoportal Lot Plotter,2026-09-21,1.0.0,Reference only - not a certified monument description,San Vicente,0.0
52627,"BBM No. 12, Cadm 477 D, San Vicente Cadastral Mapping",San Vicente,0501609000,SAN VICENTE,San Vicente,Camarines Norte,0501600000,BBM,Barrio Boundary Monument,12,Cadm-477-D,,,14.06590906,122.830869,14.06448042,122.83223797,4,481733.974,1555470.61,0.001,DENR-LMB via Geoportal Lot Plotter,2026-09-21,1.0.0,Reference only - not a certified monument description,San Vicente,0.0
52628,"BBM No. 13, Cad 477 D, San Vicente Cadastre",San Vicente,0501609000,SAN VICENTE,San Vicente,Camarines Norte,0501600000,BBM,Barrio Boundary Monument,13,Cad-477-D,,,14.05942296,122.8340533,14.05799482,122.83542242,4,482077.374,1554752.819,0.003,DENR-LMB via Geoportal Lot Plotter,2026-09-21,1.0.0,Reference only - not a certified monument description,San Vicente,0.0
52629,"BBM No. 13, Cadm 477 D, San Vicente Cadastral Mapping",San Vicente,0501609000,SAN VICENTE,San Vicente,Camarines Norte,0501600000,BBM,Barrio Boundary Monument,13,Cadm-477-D,,,14.05942296,122.8340533,14.05799482,122.83542242,4,482077.374,1554752.819,0.003,DENR-LMB via Geoportal Lot Plotter,2026-09-21,1.0.0,Reference only - not a certified monument description,San Vicente,0.0
52630,"BBM No. 14, Cad 477 D, San Vicente Cadastre",San Vicente,0501609000,SAN VICENTE,San Vicente,Camarines Norte,0501600000,BBM,Barrio Boundary Monument,14,Cad-477-D,,,14.04649081,122.8432555,14.04506373,122.84462491,4,483070.284,1553321.478,0.002,DENR-LMB via Geoportal Lot Plotter,2026-09-21,1.0.0,Reference only - not a certified monument description,San Vicente,0.0
52631,"BBM No. 14, Cadm 477 D, San Vicente Cadastral Mapping",San Vicente,0501609000,SAN VICENTE,San Vicente,Camarines Norte,0501600000,BBM,Barrio Boundary Monument,14,Cadm-477-D,,,14.04649081,122.8432555,14.04506373,122.84462491,4,483070.284,1553321.478,0.002,DENR-LMB via Geoportal Lot Plotter,2026-09-21,1.0.0,Reference only - not a certified monument description,San Vicente,0.0
52632,"BBM No. 2, Cad 477 D, San Vicente Cadastre",San Vicente,0501609000,SAN VICENTE,San Vicente,Camarines Norte,0501600000,BBM,Barrio Boundary Monument,2,Cad-477-D,,,14.10679183,122.8703346,14.10536139,122.87170252,4,485998.729,1559990.707,0.001,DENR-LMB via Geoportal Lot Plotter,2026-09-21,1.0.0,Reference only - not a certified monument description,San Vicente,0.0
52633,"BBM No. 2, Cadm 477 D, San Vicente Cadastral Mapping",San Vicente,0501609000,SAN VICENTE,San Vicente,Camarines Norte,0501600000,BBM,Barrio Boundary Monument,2,Cadm-477-D,,,14.10679183,122.8703346,14.10536139,122.87170252,4,485998.729,1559990.707,0.001,DENR-LMB via Geoportal Lot Plotter,2026-09-21,1.0.0,Reference only - not a certified monument description,San Vicente,0.0
52634,"BBM No. 3, Cad 477 D, San Vicente Cadastre",San Vicente,0501609000,SAN VICENTE,San Vicente,Camarines Norte,0501600000,BBM,Barrio Boundary Monument,3,Cad-477-D,,,14.1083573,122.8682913,14.10692671,122.86965919,4,485778.192,1560164.016,0.002,DENR-LMB via Geoportal Lot Plotter,2026-09-21,1.0.0,Reference only - not a certified monument description,San Vicente,0.0
52635,"BBM No. 3, Cadm 477 D, San Vicente Cadastral Mapping",San Vicente,0501609000,SAN VICENTE,San Vicente,Camarines Norte,0501600000,BBM,Barrio Boundary Monument,3,Cadm-477-D,,,14.1083573,122.8682913,14.10692671,122.86965919,4,485778.192,1560164.016,0.002,DENR-LMB via Geoportal Lot Plotter,2026-09-21,1.0.0,Reference only - not a certified monument description,San Vicente,0.0
52636,"BBM No. 4, Cad 477 D, San Vicente Cadastre",San Vicente,0501609000,SAN VICENTE,San Vicente,Camarines Norte,0501600000,BBM,Barrio Boundary Monument,4,Cad-477-D,,,14.11228497,122.8707961,14.11085417,122.87216389,4,486048.891,1560598.378,0.004,DENR-LMB via Geoportal Lot Plotter,2026-09-21,1.0.0,Reference only - not a certified monument description,San Vicente,0.0
52637,"BBM No. 4, Cadm 477 D, San Vicente Cadastral Mapping",San Vicente,0501609000,SAN VICENTE,San Vicente,Camarines Norte,0501600000,BBM,Barrio Boundary Monument,4,Cadm-477-D,,,14.11228496,122.8707775,14.11085416,122.87214529,4,486046.891,1560598.378,0.004,DENR-LMB via Geoportal Lot Plotter,2026-09-21,1.0.0,Reference only - not a certified monument description,San Vicente,0.0
52638,"BBM No. 5, Cad 477 D, San Vicente Cadastre",San Vicente,0501609000,SAN VICENTE,San Vicente,Camarines Norte,0501600000,BBM,Barrio Boundary Monument,5,Cad-477-D,,,14.10912843,122.874564,14.10769793,122.87593186,4,486455.561,1560248.954,0.003,DENR-LMB via Geoportal Lot Plotter,2026-09-21,1.0.0,Reference only - not a certified monument description,San Vicente,0.0
52639,"BBM No. 5, Cadm 477 D, San Vicente Cadastral Mapping",San Vicente,0501609000,SAN VICENTE,San Vicente,Camarines Norte,0501600000,BBM,Barrio Boundary Monument,5,Cadm-477-D,,,14.10912843,122.874564,14.10769793,122.87593186,4,486455.561,1560248.954,0.003,DENR-LMB via Geoportal Lot Plotter,2026-09-21,1.0.0,Reference only - not a certified monument description,San Vicente,0.0
52640,"BBM No. 6, Cad 477 D, San Vicente Cadastre",San Vicente,0501609000,SAN VICENTE,San Vicente,Camarines Norte,0501600000,BBM,Barrio Boundary Monument,6,Cad-477-D,,,14.10651142,122.8740902,14.10508108,122.87545812,4,486404.247,1559959.465,0.005,DENR-LMB via Geoportal Lot Plotter,2026-09-21,1.0.0,Reference only - not a certified monument description,San Vicente,0.0
52641,"BBM No. 6, Cadm 477 D, San Vicente Cadastral Mapping",San Vicente,0501609000,SAN VICENTE,San Vicente,Camarines Norte,0501600000,BBM,Barrio Boundary Monument,6,Cadm-477-D,,,14.10651142,122.8740902,14.10508108,122.87545812,4,486404.247,1559959.465,0.005,DENR-LMB via Geoportal Lot Plotter,2026-09-21,1.0.0,Reference only - not a certified monument description,San Vicente,0.0
52642,"BBM No. 7, Cad 477 D, San Vicente Cadastre",San Vicente,0501609000,SAN VICENTE,San Vicente,Camarines Norte,0501600000,BBM,Barrio Boundary Monument,7,Cad-477-D,,,14.10763898,122.8964869,14.10620907,122.89785475,4,488822.702,1560083.025,0.004,DENR-LMB via Geoportal Lot Plotter,2026-09-21,1.0.0,Reference only - not a certified monument description,Daet,25.821501367876813
52643,"BBM No. 7, Cadm 477 D, San Vicente Cadastral Mapping",San Vicente,0501609000,SAN VICENTE,San Vicente,Camarines Norte,0501600000,BBM,Barrio Boundary Monument,7,Cadm-477-D,,,14.10763898,122.8964869,14.10620907,122.89785475,4,488822.702,1560083.025,0.004,DENR-LMB via Geoportal Lot Plotter,2026-09-21,1.0.0,Reference only - not a certified monument description,Daet,25.821501367876813
52644,"BBM No. 8, Cad 477 D, San Vicente Cadastre",San Vicente,0501609000,SAN VICENTE,San Vicente,Camarines Norte,0501600000,BBM,Barrio Boundary Monument,8,Cad-477-D,,,14.08282841,122.8808202,14.08139979,122.88218867,4,487129.623,1557339.07,0.001,DENR-LMB via Geoportal Lot Plotter,2026-09-21,1.0.0,Reference only - not a certified monument description,San Vicente,0.0
52645,"BBM No. 8, Cadm 477 D, San Vicente Cadastral Mapping",San Vicente,0501609000,SAN VICENTE,San Vicente,Camarines Norte,0501600000,BBM,Barrio Boundary Monument,8,Cadm-477-D,,,14.08282795,122.8798942,14.0813993,122.88126268,4,487029.623,1557339.07,0.001,DENR-LMB via Geoportal Lot Plotter,2026-09-21,1.0.0,Reference only - not a certified monument description,San Vicente,0.0
52646,"BBM No. 9, Cad 477 D, San Vicente Cadastre",San Vicente,0501609000,SAN VICENTE,San Vicente,Camarines Norte,0501600000,BBM,Barrio Boundary Monument,9,Cad-477-D,,,14.09092543,122.8554995,14.0894957,122.85686783,4,484395.757,1558236.363,0.004,DENR-LMB via Geoportal Lot Plotter,2026-09-21,1.0.0,Reference only - not a certified monument description,San Vicente,0.0
52647,"BBM No. 9, Cadm 477 D, San Vicente Cadastral Mapping",San Vicente,0501609000,SAN VICENTE,San Vicente,Camarines Norte,0501600000,BBM,Barrio Boundary Monument,9,Cadm-477-D,,,14.09092543,122.8554995,14.0894957,122.85686783,4,484395.757,1558236.363,0.004,DENR-LMB via Geoportal Lot Plotter,2026-09-21,1.0.0,Reference only - not a certified monument description,San Vicente,0.0
52648,"BLBM No. 1, Bo. of Fabrica, Municipality of San Vicente, Province of Camarines Norte",San Vicente,0501609000,SAN VICENTE,San Vicente,Camarines Norte,0501600000,BLBM,Bureau of Lands Barrio Monument,1,,Fabrica,,14.08067222,122.8554444,14.07924316,122.85681297,4,484389.1112,1557102.069,0.005,DENR-LMB via Geoportal Lot Plotter,2026-09-21,1.0.0,Reference only - not a certified monument description,San Vicente,0.0
52649,"BLBM No. 2, Bo. of Fabrica, Municipality of San Vicente, Province of Camarines Norte",San Vicente,0501609000,SAN VICENTE,San Vicente,Camarines Norte,0501600000,BLBM,Bureau of Lands Barrio Monument,2,,Fabrica,,14.08041389,122.8553389,14.07898485,122.85670748,4,484377.6944,1557073.497,0.001,DENR-LMB via Geoportal Lot Plotter,2026-09-21,1.0.0,Reference only - not a certified monument description,San Vicente,0.0
52650,"BLLM No. 1, Cad 477 D, San Vicente Cadastre",San Vicente,0501609000,SAN VICENTE,San Vicente,Camarines Norte,0501600000,BLLM,Bureau of Lands Location Monument,1,Cad-477-D,,,14.10826583,122.8721333,14.10683533,122.87350118,4,486193.0447,1560153.668,0.004,DENR-LMB via Geoportal Lot Plotter,2026-09-21,1.0.0,Reference only - not a certified monument description,San Vicente,0.0
52651,"BLLM No. 1, Cadm 477 D, San Vicente Cadastral Mapping",San Vicente,0501609000,SAN VICENTE,San Vicente,Camarines Norte,0501600000,BLLM,Bureau of Lands Location Monument,1,Cadm-477-D,,,14.10826569,122.8721332,14.10683519,122.87350108,4,486193.032,1560153.652,0.002,DENR-LMB via Geoportal Lot Plotter,2026-09-21,1.0.0,Reference only - not a certified monument description,San Vicente,0.0
52652,"BLLM No. 1, Municipality of San Vicente, Province of Camarines Norte",San Vicente,0501609000,SAN VICENTE,San Vicente,Camarines Norte,0501600000,BLLM,Bureau of Lands Location Monument,1,,,,14.10830556,122.8715139,14.10687504,122.87288179,4,486126.1598,1560158.098,0.002,DENR-LMB via Geoportal Lot Plotter,2026-09-21,1.0.0,Reference only - not a certified monument description,San Vicente,0.0
52653,"BLLM No. 10, Cad 477 D, San Vicente Cadastre",San Vicente,0501609000,SAN VICENTE,San Vicente,Camarines Norte,0501600000,BLLM,Bureau of Lands Location Monument,10,Cad-477-D,,,14.05870574,122.8705644,14.05727848,122.87193347,4,486020.614,1554671.005,0.004,DENR-LMB via Geoportal Lot Plotter,2026-09-21,1.0.0,Reference only - not a certified monument description,San Vicente,0.0
52654,"BLLM No. 10, Cadm 477 D, San Vicente Cadastral Mapping",San Vicente,0501609000,SAN VICENTE,San Vicente,Camarines Norte,0501600000,BLLM,Bureau of Lands Location Monument,10,Cadm-477-D,,,14.05870574,122.8705644,14.05727848,122.87193347,4,486020.614,1554671.005,0.004,DENR-LMB via Geoportal Lot Plotter,2026-09-21,1.0.0,Reference only - not a certified monument description,San Vicente,0.0
52655,"BLLM No. 2, Cad 477 D, San Vicente Cadastre",San Vicente,0501609000,SAN VICENTE,San Vicente,Camarines Norte,0501600000,BLLM,Bureau of Lands Location Monument,2,Cad-477-D,,,14.10789983,122.8726486,14.10646936,122.87401649,4,486248.66,1560113.147,0.001,DENR-LMB via Geoportal Lot Plotter,2026-09-21,1.0.0,Reference only - not a certified monument description,San Vicente,0.0
52656,"BLLM No. 2, Cadm 477 D, San Vicente Cadastral Mapping",San Vicente,0501609000,SAN VICENTE,San Vicente,Camarines Norte,0501600000,BLLM,Bureau of Lands Location Monument,2,Cadm-477-D,,,14.10789983,122.8726486,14.10646936,122.87401649,4,486248.66,1560113.147,0.001,DENR-LMB via Geoportal Lot Plotter,2026-09-21,1.0.0,Reference only - not a certified monument description,San Vicente,0.0
52657,"BLLM No. 2, Municipality of San Vicente, Province of Camarines Norte",San Vicente,0501609000,SAN VICENTE,San Vicente,Camarines Norte,0501600000,BLLM,Bureau of Lands Location Monument,2,,,,14.10781389,122.8719694,14.10638341,122.8733373,4,486175.3208,1560103.679,0.005,DENR-LMB via Geoportal Lot Plotter,2026-09-21,1.0.0,Reference only - not a certified monument description,San Vicente,0.0
52658,"BLLM No. 3, Cad 477 D, San Vicente Cadastre",San Vicente,0501609000,SAN VICENTE,San Vicente,Camarines Norte,0501600000,BLLM,Bureau of Lands Location Monument,3,Cad-477-D,,,14.07531871,122.851634,14.07388992,122.85300271,4,483977.237,1556510.075,0.002,DENR-LMB via Geoportal Lot Plotter,2026-09-21,1.0.0,Reference only - not a certified monument description,San Vicente,0.0
52659,"BLLM No. 3, Cadm 477 D, San Vicente Cadastral Mapping",San Vicente,0501609000,SAN VICENTE,San Vicente,Camarines Norte,0501600000,BLLM,Bureau of Lands Location Monument,3,Cadm-477-D,,,14.07531871,122.851634,14.07388992,122.85300271,4,483977.237,1556510.075,0.002,DENR-LMB via Geoportal Lot Plotter,2026-09-21,1.0.0,Reference only - not a certified monument description,San Vicente,0.0
52660,"BLLM No. 4, Cad 477 D, San Vicente Cadastre",San Vicente,0501609000,SAN VICENTE,San Vicente,Camarines Norte,0501600000,BLLM,Bureau of Lands Location Monument,4,Cad-477-D,,,14.07512428,122.8511009,14.07369549,122.85246962,4,483919.648,1556488.601,0.005,DENR-LMB via Geoportal Lot Plotter,2026-09-21,1.0.0,Reference only - not a certified monument description,San Vicente,0.0
52661,"BLLM No. 4, Cadm 477 D, San Vicente Cadastral Mapping",San Vicente,0501609000,SAN VICENTE,San Vicente,Camarines Norte,0501600000,BLLM,Bureau of Lands Location Monument,4,Cadm-477-D,,,14.07512428,122.8511009,14.07369549,122.85246962,4,483919.648,1556488.601,0.005,DENR-LMB via Geoportal Lot Plotter,2026-09-21,1.0.0,Reference only - not a certified monument description,San Vicente,0.0
52662,"BLLM No. 5, Cad 477 D, San Vicente Cadastre",San Vicente,0501609000,SAN VICENTE,San Vicente,Camarines Norte,0501600000,BLLM,Bureau of Lands Location Monument,5,Cad-477-D,,,14.1030699,122.8450457,14.10163913,122.84641376,4,483267.754,1559580.608,0.002,DENR-LMB via Geoportal Lot Plotter,2026-09-21,1.0.0,Reference only - not a certified monument description,Labo,168.4743178138057
52663,"BLLM No. 5, Cadm 477 D, San Vicente Cadastral Mapping",San Vicente,0501609000,SAN VICENTE,San Vicente,Camarines Norte,0501600000,BLLM,Bureau of Lands Location Monument,5,Cadm-477-D,,,14.1030699,122.8450457,14.10163913,122.84641376,4,483267.754,1559580.608,0.002,DENR-LMB via Geoportal Lot Plotter,2026-09-21,1.0.0,Reference only - not a certified monument description,Labo,168.4743178138057
52664,"BLLM No. 6, Cad 477 D, San Vicente Cadastre",San Vicente,0501609000,SAN VICENTE,San Vicente,Camarines Norte,0501600000,BLLM,Bureau of Lands Location Monument,6,Cad-477-D,,,14.10378187,122.8459764,14.10235107,122.84734444,4,483368.31,1559659.306,0.004,DENR-LMB via Geoportal Lot Plotter,2026-09-21,1.0.0,Reference only - not a certified monument description,Labo,110.80184377463576
52665,"BLLM No. 6, Cadm 477 D, San Vicente Cadastral Mapping",San Vicente,0501609000,SAN VICENTE,San Vicente,Camarines Norte,0501600000,BLLM,Bureau of Lands Location Monument,6,Cadm-477-D,,,14.10378187,122.8459764,14.10235107,122.84734444,4,483368.31,1559659.306,0.004,DENR-LMB via Geoportal Lot Plotter,2026-09-21,1.0.0,Reference only - not a certified monument description,Labo,110.80184377463576
52666,"BLLM No. 7, Cad 477 D, San Vicente Cadastre",San Vicente,0501609000,SAN VICENTE,San Vicente,Camarines Norte,0501600000,BLLM,Bureau of Lands Location Monument,7,Cad-477-D,,,14.09221721,122.8902506,14.09078818,122.89161883,4,488148.505,1558377.243,0.004,DENR-LMB via Geoportal Lot Plotter,2026-09-21,1.0.0,Reference only - not a certified monument description,San Vicente,0.0
52667,"BLLM No. 7, Cadm 477 D, San Vicente Cadastral Mapping",San Vicente,0501609000,SAN VICENTE,San Vicente,Camarines Norte,0501600000,BLLM,Bureau of Lands Location Monument,7,Cadm-477-D,,,14.09221721,122.8902506,14.09078818,122.89161883,4,488148.505,1558377.243,0.004,DENR-LMB via Geoportal Lot Plotter,2026-09-21,1.0.0,Reference only - not a certified monument description,San Vicente,0.0
52668,"BLLM No. 8, Cad 477 D, San Vicente Cadastre",San Vicente,0501609000,SAN VICENTE,San Vicente,Camarines Norte,0501600000,BLLM,Bureau of Lands Location Monument,8,Cad-477-D,,,14.09105616,122.8899155,14.0896272,122.89128376,4,488112.265,1558248.815,0.003,DENR-LMB via Geoportal Lot Plotter,2026-09-21,1.0.0,Reference only - not a certified monument description,San Vicente,0.0
52669,"BLLM No. 8, Cadm 477 D, San Vicente Cadastral Mapping",San Vicente,0501609000,SAN VICENTE,San Vicente,Camarines Norte,0501600000,BLLM,Bureau of Lands Location Monument,8,Cadm-477-D,,,14.09105616,122.8899155,14.0896272,122.89128376,4,488112.265,1558248.815,0.003,DENR-LMB via Geoportal Lot Plotter,2026-09-21,1.0.0,Reference only - not a certified monument description,San Vicente,0.0
52670,"BLLM No. 9, Cad 477 D, San Vicente Cadastre",San Vicente,0501609000,SAN VICENTE,San Vicente,Camarines Norte,0501600000,BLLM,Bureau of Lands Location Monument,9,Cad-477-D,,,14.0592772,122.8718339,14.05784993,122.87320295,4,486157.764,1554734.15,0.002,DENR-LMB via Geoportal Lot Plotter,2026-09-21,1.0.0,Reference only - not a certified monument description,San Vicente,0.0
52671,"BLLM No. 9, Cadm 477 D, San Vicente Cadastral Mapping",San Vicente,0501609000,SAN VICENTE,San Vicente,Camarines Norte,0501600000,BLLM,Bureau of Lands Location Monument,9,Cadm-477-D,,,14.0592772,122.8718339,14.05784993,122.87320295,4,486157.764,1554734.15,0.002,DENR-LMB via Geoportal Lot Plotter,2026-09-21,1.0.0,Reference only - not a certified monument description,San Vicente,0.0
52672,"CMN 3091, PRS 92",San Vicente,0501609000,SAN VICENTE,San Vicente,Camarines Norte,0501600000,PRS92,PRS92 geodetic control point,CMN 3091,,,,14.08007579,122.8658334,14.07864701,122.86720197,4,485511.0001,1557035.423,0.003,DENR-LMB via Geoportal Lot Plotter,2026-09-21,1.0.0,Reference only - not a certified monument description,San Vicente,0.0
52673,"CMN 6, PRS 92",San Vicente,0501609000,SAN VICENTE,San Vicente,Camarines Norte,0501600000,PRS92,PRS92 geodetic control point,CMN 6,,,,14.1077811,122.8713273,14.10635061,122.8726952,4,486105.9773,1560100.089,0.003,DENR-LMB via Geoportal Lot Plotter,2026-09-21,1.0.0,Reference only - not a certified monument description,San Vicente,0.0
52674,"MBM No. 1, Cadm 477 D, San Vicente Cadastral Mapping",San Vicente,0501609000,SAN VICENTE,San Vicente,Camarines Norte,0501600000,MBM,Municipal Boundary Monument,1,Cadm-477-D,,,14.10732167,122.8965589,14.10589179,122.89792676,4,488830.456,1560047.918,0.002,DENR-LMB via Geoportal Lot Plotter,2026-09-21,1.0.0,Reference only - not a certified monument description,Daet,45.930876496077985
52675,"MBM No. 11, Cad 477 D, San Vicente Cadastre",San Vicente,0501609000,SAN VICENTE,San Vicente,Camarines Norte,0501600000,MBM,Municipal Boundary Monument,11,Cad-477-D,,,14.11467035,122.8900243,14.11323983,122.891392,4,488125.231,1560861.213,0.002,DENR-LMB via Geoportal Lot Plotter,2026-09-21,1.0.0,Reference only - not a certified monument description,San Vicente,0.0
52676,"MBM No. 11, Cadm 477 D, San Vicente Cadastral Mapping",San Vicente,0501609000,SAN VICENTE,San Vicente,Camarines Norte,0501600000,MBM,Municipal Boundary Monument,11,Cadm-477-D,,,14.12624902,122.8879716,14.12481769,122.88933903,4,487904.204,1562142.251,0.003,DENR-LMB via Geoportal Lot Plotter,2026-09-21,1.0.0,Reference only - not a certified monument description,San Vicente,0.0
52677,"MBM No. 12, Cadm 477 D, San Vicente Cadastral Mapping",San Vicente,0501609000,SAN VICENTE,San Vicente,Camarines Norte,0501600000,MBM,Municipal Boundary Monument,12,Cadm-477-D,,,14.11467035,122.8900243,14.11323983,122.891392,4,488125.231,1560861.213,0.002,DENR-LMB via Geoportal Lot Plotter,2026-09-21,1.0.0,Reference only - not a certified monument description,San Vicente,0.0
52678,"MBM No. 13, Cad 477 D, San Vicente Cadastre",San Vicente,0501609000,SAN VICENTE,San Vicente,Camarines Norte,0501600000,MBM,Municipal Boundary Monument,13,Cad-477-D,,,14.11596752,122.8996206,14.11453713,122.90098825,4,489161.463,1561004.253,0.005,DENR-LMB via Geoportal Lot Plotter,2026-09-21,1.0.0,Reference only - not a certified monument description,Talisay,51.02853737862276
52679,"MBM No. 13, Cadm 477 D, San Vicente Cadastral Mapping",San Vicente,0501609000,SAN VICENTE,San Vicente,Camarines Norte,0501600000,MBM,Municipal Boundary Monument,13,Cadm-477-D,,,14.11596751,122.8996206,14.11453712,122.90098825,4,489161.463,1561004.252,0.005,DENR-LMB via Geoportal Lot Plotter,2026-09-21,1.0.0,Reference only - not a certified monument description,Talisay,51.027530292575605
52680,"MBM No. 2, Cad 477 D, San Vicente Cadastre",San Vicente,0501609000,SAN VICENTE,San Vicente,Camarines Norte,0501600000,MBM,Municipal Boundary Monument,2,Cad-477-D,,,14.09313406,122.8960332,14.0917051,122.8974014,4,488773.004,1558478.39,0.005,DENR-LMB via Geoportal Lot Plotter,2026-09-21,1.0.0,Reference only - not a certified monument description,Daet,499.3100105285779
52681,"MBM No. 2, Cadm 477 D, San Vicente Cadastral Mapping",San Vicente,0501609000,SAN VICENTE,San Vicente,Camarines Norte,0501600000,MBM,Municipal Boundary Monument,2,Cadm-477-D,,,14.09313406,122.8960332,14.0917051,122.8974014,4,488773.004,1558478.39,0.005,DENR-LMB via Geoportal Lot Plotter,2026-09-21,1.0.0,Reference only - not a certified monument description,Daet,499.3100105285779
52682,"MBM No. 3, Cad 477 D, San Vicente Cadastre",San Vicente,0501609000,SAN VICENTE,San Vicente,Camarines Norte,0501600000,MBM,Municipal Boundary Monument,3,Cad-477-D,,,14.03937497,122.8204568,14.03794785,122.82182643,4,480607.224,1552536.018,0.003,DENR-LMB via Geoportal Lot Plotter,2026-09-21,1.0.0,Reference only - not a certified monument description,San Vicente,0.0
52683,"MBM No. 3, Cadm 477 D, San Vicente Cadastral Mapping",San Vicente,0501609000,SAN VICENTE,San Vicente,Camarines Norte,0501600000,MBM,Municipal Boundary Monument,3,Cadm-477-D,,,14.03937497,122.8204568,14.03794785,122.82182643,4,480607.224,1552536.018,0.003,DENR-LMB via Geoportal Lot Plotter,2026-09-21,1.0.0,Reference only - not a certified monument description,San Vicente,0.0
52684,"MBM No. 4, Cad 477 D, San Vicente Cadastre",San Vicente,0501609000,SAN VICENTE,San Vicente,Camarines Norte,0501600000,MBM,Municipal Boundary Monument,4,Cad-477-D,,,14.01490056,122.7860928,14.01347427,122.78746308,4,476893.045,1549831.546,0.002,DENR-LMB via Geoportal Lot Plotter,2026-09-21,1.0.0,Reference only - not a certified monument description,Tagkawayan,546.9171968692821
52685,"MBM No. 4, Cadm 477 D, San Vicente Cadastral Mapping",San Vicente,0501609000,SAN VICENTE,San Vicente,Camarines Norte,0501600000,MBM,Municipal Boundary Monument,4,Cadm-477-D,,,14.01490056,122.7860928,14.01347427,122.78746308,4,476893.045,1549831.546,0.002,DENR-LMB via Geoportal Lot Plotter,2026-09-21,1.0.0,Reference only - not a certified monument description,Tagkawayan,546.9171968692821
52686,"MBM No. 5, Cad 477 D, San Vicente Cadastre",San Vicente,0501609000,SAN VICENTE,San Vicente,Camarines Norte,0501600000,MBM,Municipal Boundary Monument,5,Cad-477-D,,,14.07638306,122.8322183,14.07495376,122.83358702,4,481880.526,1556629.229,0.004,DENR-LMB via Geoportal Lot Plotter,2026-09-21,1.0.0,Reference only - not a certified monument description,Labo,372.2083526642859
52687,"MBM No. 5, Cadm 477 D, San Vicente Cadastral Mapping",San Vicente,0501609000,SAN VICENTE,San Vicente,Camarines Norte,0501600000,MBM,Municipal Boundary Monument,5,Cadm-477-D,,,14.07638306,122.8322183,14.07495376,122.83358702,4,481880.526,1556629.229,0.004,DENR-LMB via Geoportal Lot Plotter,2026-09-21,1.0.0,Reference only - not a certified monument description,Labo,372.2083526642859
52692,"CMN 25, PRS 92",Santa Elena,0501610000,SANTA ELENA,Santa Elena,Camarines Norte,0501600000,PRS92,PRS92 geodetic control point,CMN 25,,,,14.19763397,122.4049956,14.196187,122.40636225,4,435775.957,1570118.397,0.004,DENR-LMB via Geoportal Lot Plotter,2026-09-21,1.0.0,Reference only - not a certified monument description,Santa Elena,0.0
52693,"CMN 3075, PRS 92",Santa Elena,0501610000,SANTA ELENA,Santa Elena,Camarines Norte,0501600000,PRS92,PRS92 geodetic control point,CMN 3075,,,,14.22050569,122.3927801,14.21905694,122.39414622,4,434463.976,1572652.2,0.002,DENR-LMB via Geoportal Lot Plotter,2026-09-21,1.0.0,Reference only - not a certified monument description,Santa Elena,0.0
52694,"CMN 3076, PRS 92",Santa Elena,0501610000,SANTA ELENA,Santa Elena,Camarines Norte,0501600000,PRS92,PRS92 geodetic control point,CMN 3076,,,,14.16343353,122.3408385,14.16198735,122.34220608,4,428839.9994,1566353.203,0.001,DENR-LMB via Geoportal Lot Plotter,2026-09-21,1.0.0,Reference only - not a certified monument description,Santa Elena,0.0
52695,"BBM No. 1, Cad 772 D, Sta. Elena Cadastre",Santa Elena,0501610000,STA. ELENA,Sta. Elena,Camarines Norte,0501600000,BBM,Barrio Boundary Monument,1,Cad-772-D,,,14.20555174,122.424271,14.20410468,122.42563742,4,437858.75,1570989.16,0.004,DENR-LMB via Geoportal Lot Plotter,2026-09-21,1.0.0,Reference only - not a certified monument description,Santa Elena,0.0
52696,"BBM No. 10, Cad 772 D, Sta. Elena Cadastre",Santa Elena,0501610000,STA. ELENA,Sta. Elena,Camarines Norte,0501600000,BBM,Barrio Boundary Monument,10,Cad-772-D,,,14.19208823,122.3629898,14.19064067,122.36435665,4,431240.07,1569516.8,0.004,DENR-LMB via Geoportal Lot Plotter,2026-09-21,1.0.0,Reference only - not a certified monument description,Santa Elena,0.0
52697,"BBM No. 11, Cad 772 D, Sta. Elena Cadastre",Santa Elena,0501610000,STA. ELENA,Sta. Elena,Camarines Norte,0501600000,BBM,Barrio Boundary Monument,11,Cad-772-D,,,14.17734889,122.3588536,14.1759022,122.36022081,4,430789.12,1567887.33,0.003,DENR-LMB via Geoportal Lot Plotter,2026-09-21,1.0.0,Reference only - not a certified monument description,Santa Elena,0.0
52698,"BBM No. 12, Cad 772 D, Sta. Elena Cadastre",Santa Elena,0501610000,STA. ELENA,Sta. Elena,Camarines Norte,0501600000,BBM,Barrio Boundary Monument,12,Cad-772-D,,,14.16674208,122.3942414,14.16529689,122.3956088,4,434606.27,1566703.67,0.004,DENR-LMB via Geoportal Lot Plotter,2026-09-21,1.0.0,Reference only - not a certified monument description,Santa Elena,0.0
52699,"BBM No. 13, Cad 772 D, Sta. Elena Cadastre",Santa Elena,0501610000,STA. ELENA,Sta. Elena,Camarines Norte,0501600000,BBM,Barrio Boundary Monument,13,Cad-772-D,,,14.20756226,122.3916928,14.20611433,122.39305923,4,434342.89,1571220.51,0.003,DENR-LMB via Geoportal Lot Plotter,2026-09-21,1.0.0,Reference only - not a certified monument description,Santa Elena,0.0
52700,"BBM No. 14, Cad 772 D, Sta. Elena Cadastre",Santa Elena,0501610000,STA. ELENA,Sta. Elena,Camarines Norte,0501600000,BBM,Barrio Boundary Monument,14,Cad-772-D,,,14.23067285,122.3910527,14.22922339,122.39241859,4,434280.47,1573777.53,0.001,DENR-LMB via Geoportal Lot Plotter,2026-09-21,1.0.0,Reference only - not a certified monument description,Santa Elena,0.0
52701,"BBM No. 15, Cad 772 D, Sta. Elena Cadastre",Santa Elena,0501610000,STA. ELENA,Sta. Elena,Camarines Norte,0501600000,BBM,Barrio Boundary Monument,15,Cad-772-D,,,14.2375395,122.3922668,14.23608962,122.39363252,4,434413.49,1574536.88,0.004,DENR-LMB via Geoportal Lot Plotter,2026-09-21,1.0.0,Reference only - not a certified monument description,Santa Elena,0.0
52702,"BBM No. 16, Cad 772 D, Sta. Elena Cadastre",Santa Elena,0501610000,STA. ELENA,Sta. Elena,Camarines Norte,0501600000,BBM,Barrio Boundary Monument,16,Cad-772-D,,,14.21925329,122.4248032,14.21780534,122.4261693,4,437919.93,1572504.88,0.003,DENR-LMB via Geoportal Lot Plotter,2026-09-21,1.0.0,Reference only - not a certified monument description,Santa Elena,0.0
52703,"BBM No. 17, Cad 772 D, Sta. Elena Cadastre",Santa Elena,0501610000,STA. ELENA,Sta. Elena,Camarines Norte,0501600000,BBM,Barrio Boundary Monument,17,Cad-772-D,,,14.16603031,122.4083804,14.16458549,122.40974779,4,436132.48,1566621.02,0.002,DENR-LMB via Geoportal Lot Plotter,2026-09-21,1.0.0,Reference only - not a certified monument description,Santa Elena,0.0
52704,"BBM No. 18, Cad 772 D, Sta. Elena Cadastre",Santa Elena,0501610000,STA. ELENA,Sta. Elena,Camarines Norte,0501600000,BBM,Barrio Boundary Monument,18,Cad-772-D,,,14.19298075,122.4037619,14.19153405,122.40512866,4,435641.48,1569603.93,0.001,DENR-LMB via Geoportal Lot Plotter,2026-09-21,1.0.0,Reference only - not a certified monument description,Santa Elena,0.0
52705,"BBM No. 19, Cad 772 D, Sta. Elena Cadastre",Santa Elena,0501610000,STA. ELENA,Sta. Elena,Camarines Norte,0501600000,BBM,Barrio Boundary Monument,19,Cad-772-D,,,14.18725139,122.4244444,14.18580554,122.42581126,4,437872.47,1568964.47,0.004,DENR-LMB via Geoportal Lot Plotter,2026-09-21,1.0.0,Reference only - not a certified monument description,Santa Elena,0.0
52706,"BBM No. 2, Cad 772 D, Sta. Elena Cadastre",Santa Elena,0501610000,STA. ELENA,Sta. Elena,Camarines Norte,0501600000,BBM,Barrio Boundary Monument,2,Cad-772-D,,,14.19630214,122.3960114,14.19485505,122.39737809,4,434805.8,1569973.54,0.005,DENR-LMB via Geoportal Lot Plotter,2026-09-21,1.0.0,Reference only - not a certified monument description,Santa Elena,0.0
52707,"BBM No. 20, Cad 772 D, Sta. Elena Cadastre",Santa Elena,0501610000,STA. ELENA,Sta. Elena,Camarines Norte,0501600000,BBM,Barrio Boundary Monument,20,Cad-772-D,,,14.18332323,122.4061103,14.18187722,122.40747728,4,435892.26,1568534.83,0.001,DENR-LMB via Geoportal Lot Plotter,2026-09-21,1.0.0,Reference only - not a certified monument description,Santa Elena,0.0
52708,"BBM No. 3, Cad 772 D, Sta. Elena Cadastre",Santa Elena,0501610000,STA. ELENA,Sta. Elena,Camarines Norte,0501600000,BBM,Barrio Boundary Monument,3,Cad-772-D,,,14.17591014,122.3873854,14.17446419,122.38875259,4,433868.78,1567719.9,0.004,DENR-LMB via Geoportal Lot Plotter,2026-09-21,1.0.0,Reference only - not a certified monument description,Santa Elena,0.0
52709,"BBM No. 4, Cad 772 D, Sta. Elena Cadastre",Santa Elena,0501610000,STA. ELENA,Sta. Elena,Camarines Norte,0501600000,BBM,Barrio Boundary Monument,4,Cad-772-D,,,14.16364692,122.3784032,14.16220158,122.3797707,4,432895.52,1566365.72,0.002,DENR-LMB via Geoportal Lot Plotter,2026-09-21,1.0.0,Reference only - not a certified monument description,Santa Elena,0.0
52710,"BBM No. 5, Cad 772 D, Sta. Elena Cadastre",Santa Elena,0501610000,STA. ELENA,Sta. Elena,Camarines Norte,0501600000,BBM,Barrio Boundary Monument,5,Cad-772-D,,,14.21136237,122.3991857,14.20991436,122.40055203,4,435152.73,1571638.84,0.005,DENR-LMB via Geoportal Lot Plotter,2026-09-21,1.0.0,Reference only - not a certified monument description,Santa Elena,0.0
52711,"BBM No. 6, Cad 772 D, Sta. Elena Cadastre",Santa Elena,0501610000,STA. ELENA,Sta. Elena,Camarines Norte,0501600000,BBM,Barrio Boundary Monument,6,Cad-772-D,,,14.20212178,122.3750076,14.20067383,122.37637419,4,432540.31,1570623.36,0.001,DENR-LMB via Geoportal Lot Plotter,2026-09-21,1.0.0,Reference only - not a certified monument description,Santa Elena,0.0
52712,"BBM No. 7, Cad 772 D, Sta. Elena Cadastre",Santa Elena,0501610000,STA. ELENA,Sta. Elena,Camarines Norte,0501600000,BBM,Barrio Boundary Monument,7,Cad-772-D,,,14.16987501,122.3646146,14.16842895,122.36598198,4,431408.79,1567058.76,0.003,DENR-LMB via Geoportal Lot Plotter,2026-09-21,1.0.0,Reference only - not a certified monument description,Santa Elena,0.0
52713,"BBM No. 8, Cad 772 D, Sta. Elena Cadastre",Santa Elena,0501610000,STA. ELENA,Sta. Elena,Camarines Norte,0501600000,BBM,Barrio Boundary Monument,8,Cad-772-D,,,14.16648764,122.3651565,14.16504181,122.36652396,4,431466.27,1566683.84,0.002,DENR-LMB via Geoportal Lot Plotter,2026-09-21,1.0.0,Reference only - not a certified monument description,Santa Elena,0.0
52714,"BBM No. 9, Cad 772 D, Sta. Elena Cadastre",Santa Elena,0501610000,STA. ELENA,Sta. Elena,Camarines Norte,0501600000,BBM,Barrio Boundary Monument,9,Cad-772-D,,,14.16322136,122.3847802,14.16177619,122.3861477,4,433583.85,1566316.82,0.003,DENR-LMB via Geoportal Lot Plotter,2026-09-21,1.0.0,Reference only - not a certified monument description,Santa Elena,0.0
52715,"BLLM No. 1, Cad 772 D, Sta. Elena Cadastre",Santa Elena,0501610000,STA. ELENA,Sta. Elena,Camarines Norte,0501600000,BLLM,Bureau of Lands Location Monument,1,Cad-772-D,,,14.19880889,122.4014325,14.19736176,122.40279912,4,435391.6847,1570249.367,0.0,DENR-LMB via Geoportal Lot Plotter,2026-09-21,1.0.0,Reference only - not a certified monument description,Santa Elena,0.0
52716,"BLLM No. 10, Cad 772 D, Sta. Elena Cadastre",Santa Elena,0501610000,STA. ELENA,Sta. Elena,Camarines Norte,0501600000,BLLM,Bureau of Lands Location Monument,10,Cad-772-D,,,14.23857407,122.3929944,14.23712413,122.39436009,4,434492.315,1574651.135,0.005,DENR-LMB via Geoportal Lot Plotter,2026-09-21,1.0.0,Reference only - not a certified monument description,Santa Elena,0.0
52717,"BLLM No. 11, Cad 772 D, Sta. Elena Cadastre",Santa Elena,0501610000,STA. ELENA,Sta. Elena,Camarines Norte,0501600000,BLLM,Bureau of Lands Location Monument,11,Cad-772-D,,,14.20070767,122.4394642,14.19926127,122.44083071,4,439497.384,1570449.25,0.001,DENR-LMB via Geoportal Lot Plotter,2026-09-21,1.0.0,Reference only - not a certified monument description,Santa Elena,0.0
52718,"BLLM No. 12, Cad 772 D, Sta. Elena Cadastre",Santa Elena,0501610000,STA. ELENA,Sta. Elena,Camarines Norte,0501600000,BLLM,Bureau of Lands Location Monument,12,Cad-772-D,,,14.20270538,122.4365269,14.20125879,122.43789337,4,439180.862,1570671.028,0.002,DENR-LMB via Geoportal Lot Plotter,2026-09-21,1.0.0,Reference only - not a certified monument description,Santa Elena,0.0
52719,"BLLM No. 2, Cad 772 D, Sta. Elena Cadastre",Santa Elena,0501610000,STA. ELENA,Sta. Elena,Camarines Norte,0501600000,BLLM,Bureau of Lands Location Monument,2,Cad-772-D,,,14.19875531,122.4004009,14.19730816,122.40176753,4,435280.317,1570243.725,0.0,DENR-LMB via Geoportal Lot Plotter,2026-09-21,1.0.0,Reference only - not a certified monument description,Santa Elena,0.0
52720,"BLLM No. 3, Cad 772 D, Sta. Elena Cadastre",Santa Elena,0501610000,STA. ELENA,Sta. Elena,Camarines Norte,0501600000,BLLM,Bureau of Lands Location Monument,3,Cad-772-D,,,14.14970628,122.3835204,14.14826197,122.38488823,4,433443.906,1564821.943,0.0,DENR-LMB via Geoportal Lot Plotter,2026-09-21,1.0.0,Reference only - not a certified monument description,Santa Elena,0.0
52721,"BLLM No. 4, Cad 772 D, Sta. Elena Cadastre",Santa Elena,0501610000,STA. ELENA,Sta. Elena,Camarines Norte,0501600000,BLLM,Bureau of Lands Location Monument,4,Cad-772-D,,,14.1480799,122.3818075,14.14663566,122.38317537,4,433258.494,1564642.497,0.003,DENR-LMB via Geoportal Lot Plotter,2026-09-21,1.0.0,Reference only - not a certified monument description,Santa Elena,0.0
52722,"BLLM No. 5, Cad 772 D, Sta. Elena Cadastre",Santa Elena,0501610000,STA. ELENA,Sta. Elena,Camarines Norte,0501600000,BLLM,Bureau of Lands Location Monument,5,Cad-772-D,,,14.16711684,122.3444125,14.1656705,122.34577998,4,429226.988,1566759.624,0.001,DENR-LMB via Geoportal Lot Plotter,2026-09-21,1.0.0,Reference only - not a certified monument description,Santa Elena,0.0
52723,"BLLM No. 6, Cad 772 D, Sta. Elena Cadastre",Santa Elena,0501610000,STA. ELENA,Sta. Elena,Camarines Norte,0501600000,BLLM,Bureau of Lands Location Monument,6,Cad-772-D,,,14.1637591,122.3419022,14.16231292,122.34326977,4,428954.939,1566388.9,0.001,DENR-LMB via Geoportal Lot Plotter,2026-09-21,1.0.0,Reference only - not a certified monument description,Santa Elena,0.0
52724,"BLLM No. 7, Cad 772 D, Sta. Elena Cadastre",Santa Elena,0501610000,STA. ELENA,Sta. Elena,Camarines Norte,0501600000,BLLM,Bureau of Lands Location Monument,7,Cad-772-D,,,14.21458401,122.3509544,14.2131347,122.35232074,4,429947.825,1572009.208,0.003,DENR-LMB via Geoportal Lot Plotter,2026-09-21,1.0.0,Reference only - not a certified monument description,Santa Elena,0.0
52725,"BLLM No. 8, Cad 772 D, Sta. Elena Cadastre",Santa Elena,0501610000,STA. ELENA,Sta. Elena,Camarines Norte,0501600000,BLLM,Bureau of Lands Location Monument,8,Cad-772-D,,,14.21471491,122.3523193,14.21326562,122.35368564,4,430095.182,1572023.281,0.001,DENR-LMB via Geoportal Lot Plotter,2026-09-21,1.0.0,Reference only - not a certified monument description,Santa Elena,0.0
52726,"BLLM No. 9, Cad 772 D, Sta. Elena Cadastre",Santa Elena,0501610000,STA. ELENA,Sta. Elena,Camarines Norte,0501600000,BLLM,Bureau of Lands Location Monument,9,Cad-772-D,,,14.24010061,122.3923355,14.23865056,122.39370116,4,434421.645,1574820.21,0.005,DENR-LMB via Geoportal Lot Plotter,2026-09-21,1.0.0,Reference only - not a certified monument description,Santa Elena,0.0
52727,"MBM No. 1, Cad 772 D, Sta. Elena Cadastre",Santa Elena,0501610000,STA. ELENA,Sta. Elena,Camarines Norte,0501600000,MBM,Municipal Boundary Monument,1,Cad-772-D,,,14.18898854,122.4566764,14.1875433,122.45804316,4,441352.25,1569148.33,0.003,DENR-LMB via Geoportal Lot Plotter,2026-09-21,1.0.0,Reference only - not a certified monument description,Labo,21.00099176779105
52728,"MBM No. 3, Cad 772 D, Sta. Elena Cadastre",Santa Elena,0501610000,STA. ELENA,Sta. Elena,Camarines Norte,0501600000,MBM,Municipal Boundary Monument,3,Cad-772-D,,,14.16608333,122.3573611,14.16463735,122.35872858,4,430624.576,1566641.405,0.001,DENR-LMB via Geoportal Lot Plotter,2026-09-21,1.0.0,Reference only - not a certified monument description,Santa Elena,0.0
52729,"MBM No. 5, Cad 772 D, Sta. Elena Cadastre",Santa Elena,0501610000,STA. ELENA,Sta. Elena,Camarines Norte,0501600000,MBM,Municipal Boundary Monument,5,Cad-772-D,,,14.26259302,122.389975,14.26114144,122.39134013,4,434173.41,1577309.33,0.002,DENR-LMB via Geoportal Lot Plotter,2026-09-21,1.0.0,Reference only - not a certified monument description,Capalonga,1993.214991484546
52730,"MBM No. 6, Cad 772 D, Sta. Elena Cadastre",Santa Elena,0501610000,STA. ELENA,Sta. Elena,Camarines Norte,0501600000,MBM,Municipal Boundary Monument,6,Cad-772-D,,,14.2337529,122.4339064,14.23230421,122.43527213,4,438906.35,1574106.63,0.005,DENR-LMB via Geoportal Lot Plotter,2026-09-21,1.0.0,Reference only - not a certified monument description,Capalonga,522.8473496436011
52731,"MBM No. 7, Cad 772 D, Sta. Elena Cadastre",Santa Elena,0501610000,STA. ELENA,Sta. Elena,Camarines Norte,0501600000,MBM,Municipal Boundary Monument,7,Cad-772-D,,,14.19977291,122.4556169,14.19832694,122.4569834,4,441240.67,1570341.71,0.005,DENR-LMB via Geoportal Lot Plotter,2026-09-21,1.0.0,Reference only - not a certified monument description,Santa Elena,0.0
52732,"BBM No. 1, Cad 456 D, Talisay Cadastre",Talisay,0501611000,TALISAY,Talisay,Camarines Norte,0501600000,BBM,Barrio Boundary Monument,1,Cad-456-D,,,14.13877819,122.9217351,14.1373468,122.92310216,4,491550.14,1563526.86,0.001,DENR-LMB via Geoportal Lot Plotter,2026-09-21,1.0.0,Reference only - not a certified monument description,Talisay,0.0
52733,"BBM No. 1, Cadm 456 D, Talisay Cadastral Mapping",Talisay,0501611000,TALISAY,Talisay,Camarines Norte,0501600000,BBM,Barrio Boundary Monument,1,Cadm-456-D,,,14.13881108,122.9216785,14.13737969,122.92304556,4,491544.03,1563530.5,0.001,DENR-LMB via Geoportal Lot Plotter,2026-09-21,1.0.0,Reference only - not a certified monument description,Talisay,0.0
52734,"BBM No. 10, Cad 456 D, Talisay Cadastre",Talisay,0501611000,TALISAY,Talisay,Camarines Norte,0501600000,BBM,Barrio Boundary Monument,10,Cad-456-D,,,14.14325938,122.9100813,14.14182743,122.91144828,4,490292.13,1564023.06,0.003,DENR-LMB via Geoportal Lot Plotter,2026-09-21,1.0.0,Reference only - not a certified monument description,Talisay,0.0
52735,"BBM No. 10, Cadm 456 D, Talisay Cadastral Mapping",Talisay,0501611000,TALISAY,Talisay,Camarines Norte,0501600000,BBM,Barrio Boundary Monument,10,Cadm-456-D,,,14.14328992,122.9100282,14.14185797,122.91139518,4,490286.4,1564026.44,0.005,DENR-LMB via Geoportal Lot Plotter,2026-09-21,1.0.0,Reference only - not a certified monument description,Talisay,0.0
52736,"BBM No. 11, Cad 456 D, Talisay Cadastre",Talisay,0501611000,TALISAY,Talisay,Camarines Norte,0501600000,BBM,Barrio Boundary Monument,11,Cad-456-D,,,14.15273054,122.9082503,14.15129792,122.90961706,4,490094.86,1565070.92,0.003,DENR-LMB via Geoportal Lot Plotter,2026-09-21,1.0.0,Reference only - not a certified monument description,Vinzons,42.60748805101143
52737,"BBM No. 11, Cadm 456 D, Talisay Cadastral Mapping",Talisay,0501611000,TALISAY,Talisay,Camarines Norte,0501600000,BBM,Barrio Boundary Monument,11,Cadm-456-D,,,14.15276098,122.9082062,14.15132836,122.90957295,4,490090.1,1565074.29,0.003,DENR-LMB via Geoportal Lot Plotter,2026-09-21,1.0.0,Reference only - not a certified monument description,Vinzons,46.14261134045176
52738,"BBM No. 12, Cad 456 D, Talisay Cadastre",Talisay,0501611000,TALISAY,Talisay,Camarines Norte,0501600000,BBM,Barrio Boundary Monument,12,Cad-456-D,,,14.152972,122.9167454,14.15153956,122.91811213,4,491011.98,1565097.29,0.003,DENR-LMB via Geoportal Lot Plotter,2026-09-21,1.0.0,Reference only - not a certified monument description,Talisay,0.0
52739,"BBM No. 12, Cadm 456 D, Talisay Cadastral Mapping",Talisay,0501611000,TALISAY,Talisay,Camarines Norte,0501600000,BBM,Barrio Boundary Monument,12,Cadm-456-D,,,14.1529925,122.9166941,14.15156006,122.91806083,4,491006.45,1565099.56,0.004,DENR-LMB via Geoportal Lot Plotter,2026-09-21,1.0.0,Reference only - not a certified monument description,Talisay,0.0
52740,"BBM No. 13, Cad 456 D, Talisay Cadastre",Talisay,0501611000,TALISAY,Talisay,Camarines Norte,0501600000,BBM,Barrio Boundary Monument,13,Cad-456-D,,,14.14578898,122.9194294,14.14435707,122.9207963,4,491301.47,1564302.54,0.001,DENR-LMB via Geoportal Lot Plotter,2026-09-21,1.0.0,Reference only - not a certified monument description,Talisay,0.0
52741,"BBM No. 13, Cadm 456 D, Talisay Cadastral Mapping",Talisay,0501611000,TALISAY,Talisay,Camarines Norte,0501600000,BBM,Barrio Boundary Monument,13,Cadm-456-D,,,14.14581961,122.919375,14.1443877,122.9207419,4,491295.6,1564305.93,0.002,DENR-LMB via Geoportal Lot Plotter,2026-09-21,1.0.0,Reference only - not a certified monument description,Talisay,0.0
52742,"BBM No. 14, Cad 456 D, Talisay Cadastre",Talisay,0501611000,TALISAY,Talisay,Camarines Norte,0501600000,BBM,Barrio Boundary Monument,14,Cad-456-D,,,14.15718692,122.939473,14.15575472,122.94083959,4,493465.74,1565562.83,0.004,DENR-LMB via Geoportal Lot Plotter,2026-09-21,1.0.0,Reference only - not a certified monument description,Talisay,0.0
52743,"BBM No. 14, Cadm 456 D, Talisay Cadastral Mapping",Talisay,0501611000,TALISAY,Talisay,Camarines Norte,0501600000,BBM,Barrio Boundary Monument,14,Cadm-456-D,,,14.15719326,122.9391472,14.15576105,122.94051379,4,493430.56,1565563.54,0.004,DENR-LMB via Geoportal Lot Plotter,2026-09-21,1.0.0,Reference only - not a certified monument description,Talisay,0.0
52744,"BBM No. 15, Cad 456 D, Talisay Cadastre",Talisay,0501611000,TALISAY,Talisay,Camarines Norte,0501600000,BBM,Barrio Boundary Monument,15,Cad-456-D,,,14.16427589,122.9341654,14.1628431,122.93553183,4,492892.97,1566347.23,0.002,DENR-LMB via Geoportal Lot Plotter,2026-09-21,1.0.0,Reference only - not a certified monument description,Talisay,0.0
52745,"BBM No. 15, Cadm 456 D, Talisay Cadastral Mapping",Talisay,0501611000,TALISAY,Talisay,Camarines Norte,0501600000,BBM,Barrio Boundary Monument,15,Cadm-456-D,,,14.16428492,122.9341199,14.16285213,122.93548633,4,492888.06,1566348.23,0.004,DENR-LMB via Geoportal Lot Plotter,2026-09-21,1.0.0,Reference only - not a certified monument description,Talisay,0.0
52746,"BBM No. 16, Cad 456 D, Talisay Cadastre",Talisay,0501611000,TALISAY,Talisay,Camarines Norte,0501600000,BBM,Barrio Boundary Monument,16,Cad-456-D,,,14.16509246,122.9356708,14.16365965,122.93703721,4,493055.508,1566437.521,0.003,DENR-LMB via Geoportal Lot Plotter,2026-09-21,1.0.0,Reference only - not a certified monument description,Talisay,0.0
52747,"BBM No. 16, Cadm 456 D, Talisay Cadastral Mapping",Talisay,0501611000,TALISAY,Talisay,Camarines Norte,0501600000,BBM,Barrio Boundary Monument,16,Cadm-456-D,,,14.1651022,122.9356245,14.16366939,122.93699091,4,493050.51,1566438.6,0.003,DENR-LMB via Geoportal Lot Plotter,2026-09-21,1.0.0,Reference only - not a certified monument description,Talisay,0.0
52748,"BBM No. 17, Cad 456 D, Talisay Cadastre",Talisay,0501611000,TALISAY,Talisay,Camarines Norte,0501600000,BBM,Barrio Boundary Monument,17,Cad-456-D,,,14.16809936,122.9337078,14.16666631,122.93507414,4,492843.69,1566770.23,0.002,DENR-LMB via Geoportal Lot Plotter,2026-09-21,1.0.0,Reference only - not a certified monument description,Talisay,0.0
52749,"BBM No. 17, Cadm 456 D, Talisay Cadastral Mapping",Talisay,0501611000,TALISAY,Talisay,Camarines Norte,0501600000,BBM,Barrio Boundary Monument,17,Cadm-456-D,,,14.16810775,122.9336623,14.16667469,122.93502864,4,492838.78,1566771.16,0.003,DENR-LMB via Geoportal Lot Plotter,2026-09-21,1.0.0,Reference only - not a certified monument description,Talisay,0.0
52750,"BBM No. 2, Cad 456 D, Talisay Cadastre",Talisay,0501611000,TALISAY,Talisay,Camarines Norte,0501600000,BBM,Barrio Boundary Monument,2,Cad-456-D,,,14.13955736,122.9228175,14.13812594,122.92418454,4,491667.03,1563613.02,0.002,DENR-LMB via Geoportal Lot Plotter,2026-09-21,1.0.0,Reference only - not a certified monument description,Talisay,0.0
52751,"BBM No. 2, Cadm 456 D, Talisay Cadastral Mapping",Talisay,0501611000,TALISAY,Talisay,Camarines Norte,0501600000,BBM,Barrio Boundary Monument,2,Cadm-456-D,,,14.13959016,122.922761,14.13815874,122.92412804,4,491660.93,1563616.65,0.001,DENR-LMB via Geoportal Lot Plotter,2026-09-21,1.0.0,Reference only - not a certified monument description,Talisay,0.0
52752,"BBM No. 20, Cad 456 D, Talisay Cadastre",Talisay,0501611000,TALISAY,Talisay,Camarines Norte,0501600000,BBM,Barrio Boundary Monument,20,Cad-456-D,,,14.16402574,122.9463349,14.16259324,122.94770131,4,494206.69,1566319.22,0.004,DENR-LMB via Geoportal Lot Plotter,2026-09-21,1.0.0,Reference only - not a certified monument description,Talisay,0.0
52753,"BBM No. 20, Cadm 456 D, Talisay Cadastral Mapping",Talisay,0501611000,TALISAY,Talisay,Camarines Norte,0501600000,BBM,Barrio Boundary Monument,20,Cadm-456-D,,,14.16402365,122.9462854,14.16259115,122.94765181,4,494201.35,1566318.99,0.0,DENR-LMB via Geoportal Lot Plotter,2026-09-21,1.0.0,Reference only - not a certified monument description,Talisay,0.0
52754,"BBM No. 21, Cad 456 D, Talisay Cadastre",Talisay,0501611000,TALISAY,Talisay,Camarines Norte,0501600000,BBM,Barrio Boundary Monument,21,Cad-456-D,,,14.16160137,122.9422269,14.16016894,122.94359338,4,493763.16,1566051.12,0.003,DENR-LMB via Geoportal Lot Plotter,2026-09-21,1.0.0,Reference only - not a certified monument description,Talisay,0.0
52755,"BBM No. 21, Cadm 456 D, Talisay Cadastral Mapping",Talisay,0501611000,TALISAY,Talisay,Camarines Norte,0501600000,BBM,Barrio Boundary Monument,21,Cadm-456-D,,,14.16161907,122.9421771,14.16018664,122.94354358,4,493757.78,1566053.08,0.001,DENR-LMB via Geoportal Lot Plotter,2026-09-21,1.0.0,Reference only - not a certified monument description,Talisay,0.0
52756,"BBM No. 22, Cad 456 D, Talisay Cadastre",Talisay,0501611000,TALISAY,Talisay,Camarines Norte,0501600000,BBM,Barrio Boundary Monument,22,Cad-456-D,,,14.15989033,122.9441252,14.15845805,122.94549171,4,493968.04,1565861.78,0.001,DENR-LMB via Geoportal Lot Plotter,2026-09-21,1.0.0,Reference only - not a certified monument description,Talisay,0.0
52757,"BBM No. 22, Cadm 456 D, Talisay Cadastral Mapping",Talisay,0501611000,TALISAY,Talisay,Camarines Norte,0501600000,BBM,Barrio Boundary Monument,22,Cadm-456-D,,,14.15990053,122.9440713,14.15846825,122.94543781,4,493962.22,1565862.91,0.002,DENR-LMB via Geoportal Lot Plotter,2026-09-21,1.0.0,Reference only - not a certified monument description,Talisay,0.0
52758,"BBM No. 24, Cad 456 D, Talisay Cadastre",Talisay,0501611000,TALISAY,Talisay,Camarines Norte,0501600000,BBM,Barrio Boundary Monument,24,Cad-456-D,,,14.14420219,122.9460424,14.14277099,122.94740928,4,494174.61,1564126.17,0.003,DENR-LMB via Geoportal Lot Plotter,2026-09-21,1.0.0,Reference only - not a certified monument description,Talisay,0.0
52759,"BBM No. 24, Cadm 456 D, Talisay Cadastral Mapping",Talisay,0501611000,TALISAY,Talisay,Camarines Norte,0501600000,BBM,Barrio Boundary Monument,24,Cadm-456-D,,,14.14445194,122.9460367,14.14302073,122.94740358,4,494174.0,1564153.8,0.003,DENR-LMB via Geoportal Lot Plotter,2026-09-21,1.0.0,Reference only - not a certified monument description,Talisay,0.0
52760,"BBM No. 25, Cad 456 D, Talisay Cadastre",Talisay,0501611000,TALISAY,Talisay,Camarines Norte,0501600000,BBM,Barrio Boundary Monument,25,Cad-456-D,,,14.1522411,122.9387237,14.15080921,122.94009041,4,493384.7,1565015.7,0.001,DENR-LMB via Geoportal Lot Plotter,2026-09-21,1.0.0,Reference only - not a certified monument description,Talisay,0.0
52761,"BBM No. 25, Cadm 456 D, Talisay Cadastral Mapping",Talisay,0501611000,TALISAY,Talisay,Camarines Norte,0501600000,BBM,Barrio Boundary Monument,25,Cadm-456-D,,,14.15225022,122.9386673,14.15081832,122.94003401,4,493378.61,1565016.71,0.002,DENR-LMB via Geoportal Lot Plotter,2026-09-21,1.0.0,Reference only - not a certified monument description,Talisay,0.0
52762,"BBM No. 26, Cad 456 D, Talisay Cadastre",Talisay,0501611000,TALISAY,Talisay,Camarines Norte,0501600000,BBM,Barrio Boundary Monument,26,Cad-456-D,,,14.15430877,122.9378277,14.15287672,122.93919436,4,493288.03,1565244.47,0.001,DENR-LMB via Geoportal Lot Plotter,2026-09-21,1.0.0,Reference only - not a certified monument description,Talisay,0.0
52763,"BBM No. 26, Cadm 456 D, Talisay Cadastral Mapping",Talisay,0501611000,TALISAY,Talisay,Camarines Norte,0501600000,BBM,Barrio Boundary Monument,26,Cadm-456-D,,,14.15431916,122.9377744,14.15288711,122.93914106,4,493282.28,1565245.62,0.003,DENR-LMB via Geoportal Lot Plotter,2026-09-21,1.0.0,Reference only - not a certified monument description,Talisay,0.0
52764,"BBM No. 27, Cad 456 D, Talisay Cadastre",Talisay,0501611000,TALISAY,Talisay,Camarines Norte,0501600000,BBM,Barrio Boundary Monument,27,Cad-456-D,,,14.14791005,122.9625061,14.14647898,122.96387286,4,495952.14,1564536.02,0.002,DENR-LMB via Geoportal Lot Plotter,2026-09-21,1.0.0,Reference only - not a certified monument description,Talisay,0.0
52765,"BBM No. 28, Cad 456 D, Talisay Cadastre",Talisay,0501611000,TALISAY,Talisay,Camarines Norte,0501600000,BBM,Barrio Boundary Monument,28,Cad-456-D,,,14.13661604,122.9499802,14.13518543,122.95134726,4,494599.57,1563286.83,0.002,DENR-LMB via Geoportal Lot Plotter,2026-09-21,1.0.0,Reference only - not a certified monument description,Talisay,0.0
52766,"BBM No. 28, Cadm 456 D, Talisay Cadastral Mapping",Talisay,0501611000,TALISAY,Talisay,Camarines Norte,0501600000,BBM,Barrio Boundary Monument,28,Cadm-456-D,,,14.13662841,122.9499144,14.1351978,122.95128146,4,494592.46,1563288.2,0.004,DENR-LMB via Geoportal Lot Plotter,2026-09-21,1.0.0,Reference only - not a certified monument description,Talisay,0.0
52767,"BBM No. 29, Cad 456 D, Talisay Cadastre",Talisay,0501611000,TALISAY,Talisay,Camarines Norte,0501600000,BBM,Barrio Boundary Monument,29,Cad-456-D,,,14.14060505,122.9465656,14.1391741,122.94793257,4,494231.01,1563728.21,0.002,DENR-LMB via Geoportal Lot Plotter,2026-09-21,1.0.0,Reference only - not a certified monument description,Talisay,0.0
52768,"BBM No. 29, Cadm 456 D, Talisay Cadastral Mapping",Talisay,0501611000,TALISAY,Talisay,Camarines Norte,0501600000,BBM,Barrio Boundary Monument,29,Cadm-456-D,,,14.14062103,122.9465006,14.13919008,122.94786757,4,494223.99,1563729.98,0.0,DENR-LMB via Geoportal Lot Plotter,2026-09-21,1.0.0,Reference only - not a certified monument description,Talisay,0.0
52769,"BBM No. 3, Cad 456 D, Talisay Cadastre",Talisay,0501611000,TALISAY,Talisay,Camarines Norte,0501600000,BBM,Barrio Boundary Monument,3,Cad-456-D,,,14.1388024,122.9245216,14.13737107,122.92588865,4,491850.98,1563529.44,0.004,DENR-LMB via Geoportal Lot Plotter,2026-09-21,1.0.0,Reference only - not a certified monument description,Talisay,0.0
52770,"BBM No. 3, Cadm 456 D, Talisay Cadastral Mapping",Talisay,0501611000,TALISAY,Talisay,Camarines Norte,0501600000,BBM,Barrio Boundary Monument,3,Cadm-456-D,,,14.13883348,122.9244651,14.13740215,122.92583215,4,491844.88,1563532.88,0.005,DENR-LMB via Geoportal Lot Plotter,2026-09-21,1.0.0,Reference only - not a certified monument description,Talisay,0.0
52771,"BBM No. 30, Cad 456 D, Talisay Cadastre",Talisay,0501611000,TALISAY,Talisay,Camarines Norte,0501600000,BBM,Barrio Boundary Monument,30,Cad-456-D,,,14.14400378,122.948124,14.14257264,122.94949088,4,494399.34,1564104.17,0.002,DENR-LMB via Geoportal Lot Plotter,2026-09-21,1.0.0,Reference only - not a certified monument description,Talisay,0.0
52772,"BBM No. 30, Cadm 456 D, Talisay Cadastral Mapping",Talisay,0501611000,TALISAY,Talisay,Camarines Norte,0501600000,BBM,Barrio Boundary Monument,30,Cadm-456-D,,,14.14380557,122.9465567,14.14237441,122.94792359,4,494230.13,1564082.28,0.002,DENR-LMB via Geoportal Lot Plotter,2026-09-21,1.0.0,Reference only - not a certified monument description,Talisay,0.0
52773,"BBM No. 31, Cad 456 D, Talisay Cadastre",Talisay,0501611000,TALISAY,Talisay,Camarines Norte,0501600000,BBM,Barrio Boundary Monument,31,Cad-456-D,,,14.14378841,122.9466253,14.14235725,122.94799219,4,494237.53,1564080.38,0.003,DENR-LMB via Geoportal Lot Plotter,2026-09-21,1.0.0,Reference only - not a certified monument description,Talisay,0.0
52774,"BBM No. 31, Cadm 456 D, Talisay Cadastral Mapping",Talisay,0501611000,TALISAY,Talisay,Camarines Norte,0501600000,BBM,Barrio Boundary Monument,31,Cadm-456-D,,,14.14401968,122.9480613,14.14258854,122.94942818,4,494392.57,1564105.93,0.003,DENR-LMB via Geoportal Lot Plotter,2026-09-21,1.0.0,Reference only - not a certified monument description,Talisay,0.0
52775,"BBM No. 32, Cad 456 D, Talisay Cadastre",Talisay,0501611000,TALISAY,Talisay,Camarines Norte,0501600000,BBM,Barrio Boundary Monument,32,Cad-456-D,,,14.12711742,122.9264323,14.12568691,122.92779963,4,492056.87,1562236.68,0.003,DENR-LMB via Geoportal Lot Plotter,2026-09-21,1.0.0,Reference only - not a certified monument description,Talisay,0.0
52776,"BBM No. 32, Cadm 456 D, Talisay Cadastral Mapping",Talisay,0501611000,TALISAY,Talisay,Camarines Norte,0501600000,BBM,Barrio Boundary Monument,32,Cadm-456-D,,,14.12714922,122.926369,14.1257187,122.92773633,4,492050.03,1562240.2,0.004,DENR-LMB via Geoportal Lot Plotter,2026-09-21,1.0.0,Reference only - not a certified monument description,Talisay,0.0
52777,"BBM No. 33, Cad 456 D, Talisay Cadastre",Talisay,0501611000,TALISAY,Talisay,Camarines Norte,0501600000,BBM,Barrio Boundary Monument,33,Cad-456-D,,,14.13239264,122.9249748,14.13096174,122.92634201,4,491899.69,1562820.32,0.003,DENR-LMB via Geoportal Lot Plotter,2026-09-21,1.0.0,Reference only - not a certified monument description,Talisay,0.0
52778,"BBM No. 33, Cadm 456 D, Talisay Cadastral Mapping",Talisay,0501611000,TALISAY,Talisay,Camarines Norte,0501600000,BBM,Barrio Boundary Monument,33,Cadm-456-D,,,14.13242046,122.9249206,14.13098956,122.92628781,4,491893.84,1562823.4,0.004,DENR-LMB via Geoportal Lot Plotter,2026-09-21,1.0.0,Reference only - not a certified monument description,Talisay,0.0
52779,"BBM No. 34, Cad 456 D, Talisay Cadastre",Talisay,0501611000,TALISAY,Talisay,Camarines Norte,0501600000,BBM,Barrio Boundary Monument,34,Cad-456-D,,,14.13466278,122.9268288,14.13323178,122.92819595,4,492099.94,1563071.4,0.002,DENR-LMB via Geoportal Lot Plotter,2026-09-21,1.0.0,Reference only - not a certified monument description,Talisay,0.0
52780,"BBM No. 34, Cadm 456 D, Talisay Cadastral Mapping",Talisay,0501611000,TALISAY,Talisay,Camarines Norte,0501600000,BBM,Barrio Boundary Monument,34,Cadm-456-D,,,14.13469413,122.9267683,14.13326312,122.92813545,4,492093.41,1563074.87,0.003,DENR-LMB via Geoportal Lot Plotter,2026-09-21,1.0.0,Reference only - not a certified monument description,Talisay,0.0
52781,"BBM No. 35, Cad 456 D, Talisay Cadastre",Talisay,0501611000,TALISAY,Talisay,Camarines Norte,0501600000,BBM,Barrio Boundary Monument,35,Cad-456-D,,,14.12694384,122.9392638,14.12551363,122.94063111,4,493442.29,1562217.08,0.005,DENR-LMB via Geoportal Lot Plotter,2026-09-21,1.0.0,Reference only - not a certified monument description,Talisay,0.0
52782,"BBM No. 36, Cadm 456 D, Talisay Cadastral Mapping",Talisay,0501611000,TALISAY,Talisay,Camarines Norte,0501600000,BBM,Barrio Boundary Monument,36,Cadm-456-D,,,14.11650381,122.917255,14.11507379,122.9186226,4,491065.58,1561062.84,0.004,DENR-LMB via Geoportal Lot Plotter,2026-09-21,1.0.0,Reference only - not a certified monument description,Daet,197.18533079997263
52783,"BBM No. 37, Cad 456 D, Talisay Cadastre",Talisay,0501611000,TALISAY,Talisay,Camarines Norte,0501600000,BBM,Barrio Boundary Monument,37,Cad-456-D,,,14.11672346,122.9151788,14.11529338,122.9165464,4,490841.41,1561087.22,0.004,DENR-LMB via Geoportal Lot Plotter,2026-09-21,1.0.0,Reference only - not a certified monument description,Daet,57.88822590924001
52784,"BBM No. 37, Cadm 456 D, Talisay Cadastral Mapping",Talisay,0501611000,TALISAY,Talisay,Camarines Norte,0501600000,BBM,Barrio Boundary Monument,37,Cadm-456-D,,,14.11677334,122.9151245,14.11534325,122.9164921,4,490835.55,1561092.74,0.005,DENR-LMB via Geoportal Lot Plotter,2026-09-21,1.0.0,Reference only - not a certified monument description,Daet,50.280682254342594
52785,"BBM No. 39, Cad 456 D, Talisay Cadastre",Talisay,0501611000,TALISAY,Talisay,Camarines Norte,0501600000,BBM,Barrio Boundary Monument,39,Cad-456-D,,,14.12318647,122.9060315,14.12175575,122.90739896,4,489854.01,1561802.59,0.001,DENR-LMB via Geoportal Lot Plotter,2026-09-21,1.0.0,Reference only - not a certified monument description,Talisay,0.0
52786,"BBM No. 39, Cadm 456 D, Talisay Cadastral Mapping",Talisay,0501611000,TALISAY,Talisay,Camarines Norte,0501600000,BBM,Barrio Boundary Monument,39,Cadm-456-D,,,14.12399445,122.9070839,14.1225637,122.90845134,4,489967.67,1561891.93,0.005,DENR-LMB via Geoportal Lot Plotter,2026-09-21,1.0.0,Reference only - not a certified monument description,Talisay,0.0
52787,"BBM No. 38, Cad 456 D, Talisay Cadastre",Talisay,0501611000,TALISAY,Talisay,Camarines Norte,0501600000,BBM,Barrio Boundary Monument,38,Cad-456-D,,,14.12075533,122.9087593,14.11932483,122.91012682,4,490148.43,1561533.52,0.002,DENR-LMB via Geoportal Lot Plotter,2026-09-21,1.0.0,Reference only - not a certified monument description,Talisay,0.0
52788,"BBM No. 38, Cadm 456 D, Talisay Cadastral Mapping",Talisay,0501611000,TALISAY,Talisay,Camarines Norte,0501600000,BBM,Barrio Boundary Monument,38,Cadm-456-D,,,14.11736767,122.9087079,14.1159374,122.9100755,4,490142.74,1561158.75,0.004,DENR-LMB via Geoportal Lot Plotter,2026-09-21,1.0.0,Reference only - not a certified monument description,Talisay,0.0
52789,"BBM No. 4, Cad 456 D, Talisay Cadastre",Talisay,0501611000,TALISAY,Talisay,Camarines Norte,0501600000,BBM,Barrio Boundary Monument,4,Cad-456-D,,,14.13650624,122.9247451,14.13507507,122.92611221,4,491875.03,1563275.41,0.002,DENR-LMB via Geoportal Lot Plotter,2026-09-21,1.0.0,Reference only - not a certified monument description,Talisay,0.0
52790,"BBM No. 4, Cadm 456 D, Talisay Cadastral Mapping",Talisay,0501611000,TALISAY,Talisay,Camarines Norte,0501600000,BBM,Barrio Boundary Monument,4,Cadm-456-D,,,14.13653795,122.9246868,14.13510677,122.92605391,4,491868.74,1563278.92,0.001,DENR-LMB via Geoportal Lot Plotter,2026-09-21,1.0.0,Reference only - not a certified monument description,Talisay,0.0
52791,"BBM No. 40, Cad 456 D, Talisay Cadastre",Talisay,0501611000,TALISAY,Talisay,Camarines Norte,0501600000,BBM,Barrio Boundary Monument,40,Cad-456-D,,,14.12395406,122.9071377,14.12252332,122.90850514,4,489973.48,1561887.46,0.002,DENR-LMB via Geoportal Lot Plotter,2026-09-21,1.0.0,Reference only - not a certified monument description,Talisay,0.0
52792,"BBM No. 40, Cadm 456 D, Talisay Cadastral Mapping",Talisay,0501611000,TALISAY,Talisay,Camarines Norte,0501600000,BBM,Barrio Boundary Monument,40,Cadm-456-D,,,14.1232265,122.905978,14.12179578,122.90734546,4,489848.23,1561807.02,0.005,DENR-LMB via Geoportal Lot Plotter,2026-09-21,1.0.0,Reference only - not a certified monument description,Talisay,0.0
52793,"BBM No. 41, Cad 456 D, Talisay Cadastre",Talisay,0501611000,TALISAY,Talisay,Camarines Norte,0501600000,BBM,Barrio Boundary Monument,41,Cad-456-D,,,14.12683647,122.9047549,14.12540548,122.90612228,4,489716.34,1562206.44,0.004,DENR-LMB via Geoportal Lot Plotter,2026-09-21,1.0.0,Reference only - not a certified monument description,Talisay,0.0
52794,"BBM No. 41, Cadm 456 D, Talisay Cadastral Mapping",Talisay,0501611000,TALISAY,Talisay,Camarines Norte,0501600000,BBM,Barrio Boundary Monument,41,Cadm-456-D,,,14.12687631,122.9047017,14.12544532,122.90606908,4,489710.59,1562210.85,0.003,DENR-LMB via Geoportal Lot Plotter,2026-09-21,1.0.0,Reference only - not a certified monument description,Talisay,0.0
52795,"BBM No. 43, Cad 456 D, Talisay Cadastre",Talisay,0501611000,TALISAY,Talisay,Camarines Norte,0501600000,BBM,Barrio Boundary Monument,43,Cad-456-D,,,14.11462153,122.8900774,14.11319102,122.8914451,4,488130.96,1560855.81,0.004,DENR-LMB via Geoportal Lot Plotter,2026-09-21,1.0.0,Reference only - not a certified monument description,San Vicente,413.05613852571474
52796,"BBM No. 43, Cadm 456 D, Talisay Cadastral Mapping",Talisay,0501611000,TALISAY,Talisay,Camarines Norte,0501600000,BBM,Barrio Boundary Monument,43,Cadm-456-D,,,14.11466906,122.8900223,14.11323854,122.89139,4,488125.02,1560861.07,0.003,DENR-LMB via Geoportal Lot Plotter,2026-09-21,1.0.0,Reference only - not a certified monument description,San Vicente,409.92346866928546
52797,"BBM No. 42, Cad 456 D, Talisay Cadastre",Talisay,0501611000,TALISAY,Talisay,Camarines Norte,0501600000,BBM,Barrio Boundary Monument,42,Cad-456-D,,,14.11591942,122.8996697,14.11448904,122.90103735,4,489166.77,1560998.93,0.003,DENR-LMB via Geoportal Lot Plotter,2026-09-21,1.0.0,Reference only - not a certified monument description,Talisay,0.0
52798,"BBM No. 44, Cad 456 D, Talisay Cadastre",Talisay,0501611000,TALISAY,Talisay,Camarines Norte,0501600000,BBM,Barrio Boundary Monument,44,Cad-456-D,,,14.13706891,122.8860947,14.13563682,122.88746187,4,487702.13,1563339.34,0.001,DENR-LMB via Geoportal Lot Plotter,2026-09-21,1.0.0,Reference only - not a certified monument description,San Vicente,139.27735440206138
52799,"BBM No. 44, Cadm 456 D, Talisay Cadastral Mapping",Talisay,0501611000,TALISAY,Talisay,Camarines Norte,0501600000,BBM,Barrio Boundary Monument,44,Cadm-456-D,,,14.13711769,122.8860431,14.1356856,122.88741027,4,487696.56,1563344.74,0.003,DENR-LMB via Geoportal Lot Plotter,2026-09-21,1.0.0,Reference only - not a certified monument description,San Vicente,146.55766941225448
52800,"BBM No. 45, Cad 456 D, Talisay Cadastre",Talisay,0501611000,TALISAY,Talisay,Camarines Norte,0501600000,BBM,Barrio Boundary Monument,45,Cad-456-D,,,14.13079641,122.8917931,14.12936487,122.89316041,4,488317.04,1562645.13,0.004,DENR-LMB via Geoportal Lot Plotter,2026-09-21,1.0.0,Reference only - not a certified monument description,Talisay,0.0
52801,"BBM No. 45, Cadm 456 D, Talisay Cadastral Mapping",Talisay,0501611000,TALISAY,Talisay,Camarines Norte,0501600000,BBM,Barrio Boundary Monument,45,Cadm-456-D,,,14.13084203,122.8917352,14.12941048,122.89310251,4,488310.79,1562650.18,0.005,DENR-LMB via Geoportal Lot Plotter,2026-09-21,1.0.0,Reference only - not a certified monument description,Talisay,0.0
52802,"BBM No. 46, Cad 456 D, Talisay Cadastre",Talisay,0501611000,TALISAY,Talisay,Camarines Norte,0501600000,BBM,Barrio Boundary Monument,46,Cad-456-D,,,14.12940592,122.8978284,14.12797461,122.89919573,4,488968.6,1562491.01,0.001,DENR-LMB via Geoportal Lot Plotter,2026-09-21,1.0.0,Reference only - not a certified monument description,Talisay,0.0
52803,"BBM No. 46, Cadm 456 D, Talisay Cadastral Mapping",Talisay,0501611000,TALISAY,Talisay,Camarines Norte,0501600000,BBM,Barrio Boundary Monument,46,Cadm-456-D,,,14.12944631,122.8977787,14.12801499,122.89914603,4,488963.24,1562495.48,0.003,DENR-LMB via Geoportal Lot Plotter,2026-09-21,1.0.0,Reference only - not a certified monument description,Talisay,0.0
52804,"BBM No. 47, Cad 456 D, Talisay Cadastre",Talisay,0501611000,TALISAY,Talisay,Camarines Norte,0501600000,BBM,Barrio Boundary Monument,47,Cad-456-D,,,14.12781065,122.8971188,14.12637942,122.89848617,4,488891.91,1562314.56,0.002,DENR-LMB via Geoportal Lot Plotter,2026-09-21,1.0.0,Reference only - not a certified monument description,Talisay,0.0
52805,"BBM No. 47, Cadm 456 D, Talisay Cadastral Mapping",Talisay,0501611000,TALISAY,Talisay,Camarines Norte,0501600000,BBM,Barrio Boundary Monument,47,Cadm-456-D,,,14.12785013,122.8970719,14.1264189,122.89843927,4,488886.85,1562318.93,0.004,DENR-LMB via Geoportal Lot Plotter,2026-09-21,1.0.0,Reference only - not a certified monument description,Talisay,0.0
52806,"BBM No. 49, Cad 456 D, Talisay Cadastre",Talisay,0501611000,TALISAY,Talisay,Camarines Norte,0501600000,BBM,Barrio Boundary Monument,49,Cad-456-D,,,14.12551927,122.9011764,14.12408829,122.90254382,4,489329.9,1562060.88,0.001,DENR-LMB via Geoportal Lot Plotter,2026-09-21,1.0.0,Reference only - not a certified monument description,Talisay,0.0
52807,"BBM No. 49, Cadm 456 D, Talisay Cadastral Mapping",Talisay,0501611000,TALISAY,Talisay,Camarines Norte,0501600000,BBM,Barrio Boundary Monument,49,Cadm-456-D,,,14.12556065,122.9011236,14.12412966,122.90249102,4,489324.2,1562065.46,0.002,DENR-LMB via Geoportal Lot Plotter,2026-09-21,1.0.0,Reference only - not a certified monument description,Talisay,0.0
52808,"BBM No. 48, Cad 456 D, Talisay Cadastre",Talisay,0501611000,TALISAY,Talisay,Camarines Norte,0501600000,BBM,Barrio Boundary Monument,48,Cad-456-D,,,14.12638993,122.8983535,14.12495883,122.8997209,4,489025.15,1562157.33,0.001,DENR-LMB via Geoportal Lot Plotter,2026-09-21,1.0.0,Reference only - not a certified monument description,Talisay,0.0
52809,"BBM No. 48, Cadm 456 D, Talisay Cadastral Mapping",Talisay,0501611000,TALISAY,Talisay,Camarines Norte,0501600000,BBM,Barrio Boundary Monument,48,Cadm-456-D,,,14.12643194,122.8983002,14.12500083,122.8996676,4,489019.4,1562161.98,0.002,DENR-LMB via Geoportal Lot Plotter,2026-09-21,1.0.0,Reference only - not a certified monument description,Talisay,0.0
52810,"BBM No. 5, Cad 456 D, Talisay Cadastre",Talisay,0501611000,TALISAY,Talisay,Camarines Norte,0501600000,BBM,Barrio Boundary Monument,5,Cad-456-D,,,14.13386058,122.92038,14.13242948,122.92174718,4,491403.65,1562982.88,0.001,DENR-LMB via Geoportal Lot Plotter,2026-09-21,1.0.0,Reference only - not a certified monument description,Talisay,0.0
52811,"BBM No. 5, Cadm 456 D, Talisay Cadastral Mapping",Talisay,0501611000,TALISAY,Talisay,Camarines Norte,0501600000,BBM,Barrio Boundary Monument,5,Cadm-456-D,,,14.13389419,122.9203215,14.13246309,122.92168868,4,491397.34,1562986.6,0.004,DENR-LMB via Geoportal Lot Plotter,2026-09-21,1.0.0,Reference only - not a certified monument description,Talisay,0.0
52812,"BBM No. 50, Cad 456 D, Talisay Cadastre",Talisay,0501611000,TALISAY,Talisay,Camarines Norte,0501600000,BBM,Barrio Boundary Monument,50,Cad-456-D,,,14.13532991,122.903379,14.13389833,122.90474618,4,489568.17,1563146.12,0.004,DENR-LMB via Geoportal Lot Plotter,2026-09-21,1.0.0,Reference only - not a certified monument description,Talisay,0.0
52813,"BBM No. 50, Cadm 456 D, Talisay Cadastral Mapping",Talisay,0501611000,TALISAY,Talisay,Camarines Norte,0501600000,BBM,Barrio Boundary Monument,50,Cadm-456-D,,,14.13539209,122.9033501,14.13396051,122.90471728,4,489565.05,1563153.0,0.002,DENR-LMB via Geoportal Lot Plotter,2026-09-21,1.0.0,Reference only - not a certified monument description,Talisay,0.0
52814,"BBM No. 52, Cad 456 D, Talisay Cadastre",Talisay,0501611000,TALISAY,Talisay,Camarines Norte,0501600000,BBM,Barrio Boundary Monument,52,Cad-456-D,,,14.13713046,122.8946095,14.13569856,122.89597665,4,488621.44,1563345.72,0.002,DENR-LMB via Geoportal Lot Plotter,2026-09-21,1.0.0,Reference only - not a certified monument description,Talisay,0.0
52815,"BBM No. 52, Cadm 456 D, Talisay Cadastral Mapping",Talisay,0501611000,TALISAY,Talisay,Camarines Norte,0501600000,BBM,Barrio Boundary Monument,52,Cadm-456-D,,,14.13716578,122.8945604,14.13573388,122.89592755,4,488616.14,1563349.63,0.002,DENR-LMB via Geoportal Lot Plotter,2026-09-21,1.0.0,Reference only - not a certified monument description,Talisay,0.0
52816,"BBM No. 51, Cad 456 D, Talisay Cadastre",Talisay,0501611000,TALISAY,Talisay,Camarines Norte,0501600000,BBM,Barrio Boundary Monument,51,Cad-456-D,,,14.13853647,122.9008706,14.13710462,122.90223771,4,489297.49,1563500.97,0.002,DENR-LMB via Geoportal Lot Plotter,2026-09-21,1.0.0,Reference only - not a certified monument description,Talisay,0.0
52817,"BBM No. 51, Cadm 456 D, Talisay Cadastral Mapping",Talisay,0501611000,TALISAY,Talisay,Camarines Norte,0501600000,BBM,Barrio Boundary Monument,51,Cadm-456-D,,,14.13859833,122.900745,14.13716648,122.90211211,4,489283.93,1563507.82,0.005,DENR-LMB via Geoportal Lot Plotter,2026-09-21,1.0.0,Reference only - not a certified monument description,Talisay,0.0
52818,"BBM No. 54, Cad 456 D, Talisay Cadastre",Talisay,0501611000,TALISAY,Talisay,Camarines Norte,0501600000,BBM,Barrio Boundary Monument,54,Cad-456-D,,,14.14252734,122.8929874,14.14109505,122.89435443,4,488446.58,1563942.85,0.003,DENR-LMB via Geoportal Lot Plotter,2026-09-21,1.0.0,Reference only - not a certified monument description,Vinzons,34.98620557264335
52819,"BBM No. 53, Cad 456 D, Talisay Cadastre",Talisay,0501611000,TALISAY,Talisay,Camarines Norte,0501600000,BBM,Barrio Boundary Monument,53,Cad-456-D,,,14.13921335,122.8910643,14.13778124,122.89243141,4,488238.79,1563576.322,0.002,DENR-LMB via Geoportal Lot Plotter,2026-09-21,1.0.0,Reference only - not a certified monument description,Vinzons,79.84741190328768
52820,"BBM No. 53, Cadm 456 D, Talisay Cadastral Mapping",Talisay,0501611000,TALISAY,Talisay,Camarines Norte,0501600000,BBM,Barrio Boundary Monument,53,Cadm-456-D,,,14.13926148,122.8910141,14.13782936,122.89238121,4,488233.37,1563581.65,0.001,DENR-LMB via Geoportal Lot Plotter,2026-09-21,1.0.0,Reference only - not a certified monument description,Vinzons,86.84918381795259
52821,"BBM No. 55, Cad 456 D, Talisay Cadastre",Talisay,0501611000,TALISAY,Talisay,Camarines Norte,0501600000,BBM,Barrio Boundary Monument,55,Cad-456-D,,,14.15368246,122.9011951,14.15224962,122.90256185,4,489333.23,1565176.54,0.003,DENR-LMB via Geoportal Lot Plotter,2026-09-21,1.0.0,Reference only - not a certified monument description,Vinzons,413.41198934534884
52822,"BBM No. 55, Cadm 456 D, Talisay Cadastral Mapping",Talisay,0501611000,TALISAY,Talisay,Camarines Norte,0501600000,BBM,Barrio Boundary Monument,55,Cadm-456-D,,,14.13563707,122.9011584,14.13420542,122.90252558,4,489328.43,1563180.2,0.001,DENR-LMB via Geoportal Lot Plotter,2026-09-21,1.0.0,Reference only - not a certified monument description,Talisay,0.0
52823,"BBM No. 56, Cad 456 D, Talisay Cadastre",Talisay,0501611000,TALISAY,Talisay,Camarines Norte,0501600000,BBM,Barrio Boundary Monument,56,Cad-456-D,,,14.14782257,122.9424864,14.14639105,122.9438532,4,493790.8,1564526.78,0.003,DENR-LMB via Geoportal Lot Plotter,2026-09-21,1.0.0,Reference only - not a certified monument description,Talisay,0.0
52824,"BBM No. 56, Cadm 456 D, Talisay Cadastral Mapping",Talisay,0501611000,TALISAY,Talisay,Camarines Norte,0501600000,BBM,Barrio Boundary Monument,56,Cadm-456-D,,,14.14782807,122.9424246,14.14639655,122.9437914,4,493784.13,1564527.39,0.005,DENR-LMB via Geoportal Lot Plotter,2026-09-21,1.0.0,Reference only - not a certified monument description,Talisay,0.0
52825,"BBM No. 59, Cad 456 D, Talisay Cadastre",Talisay,0501611000,TALISAY,Talisay,Camarines Norte,0501600000,BBM,Barrio Boundary Monument,59,Cad-456-D,,,14.12972079,122.9184837,14.12828992,122.91985098,4,491198.75,1562524.97,0.003,DENR-LMB via Geoportal Lot Plotter,2026-09-21,1.0.0,Reference only - not a certified monument description,Talisay,0.0
52826,"BBM No. 58, Cad 456 D, Talisay Cadastre",Talisay,0501611000,TALISAY,Talisay,Camarines Norte,0501600000,BBM,Barrio Boundary Monument,58,Cad-456-D,,,14.12028503,122.9253155,14.11885494,122.92668299,4,491936.05,1561480.86,0.005,DENR-LMB via Geoportal Lot Plotter,2026-09-21,1.0.0,Reference only - not a certified monument description,Daet,13.03942175891772
52827,"BBM No. 6, Cad 456 D, Talisay Cadastre",Talisay,0501611000,TALISAY,Talisay,Camarines Norte,0501600000,BBM,Barrio Boundary Monument,6,Cad-456-D,,,14.13460271,122.9182565,14.13317152,122.91962367,4,491174.41,1563065.06,0.001,DENR-LMB via Geoportal Lot Plotter,2026-09-21,1.0.0,Reference only - not a certified monument description,Talisay,0.0
52828,"BBM No. 6, Cadm 456 D, Talisay Cadastral Mapping",Talisay,0501611000,TALISAY,Talisay,Camarines Norte,0501600000,BBM,Barrio Boundary Monument,6,Cadm-456-D,,,14.13464021,122.918196,14.13320901,122.91956317,4,491167.88,1563069.21,0.001,DENR-LMB via Geoportal Lot Plotter,2026-09-21,1.0.0,Reference only - not a certified monument description,Talisay,0.0
52829,"BBM No. 7, Cad 456 D, Talisay Cadastre",Talisay,0501611000,TALISAY,Talisay,Camarines Norte,0501600000,BBM,Barrio Boundary Monument,7,Cad-456-D,,,14.1357987,122.9188141,14.13436744,122.92018124,4,491234.66,1563197.35,0.001,DENR-LMB via Geoportal Lot Plotter,2026-09-21,1.0.0,Reference only - not a certified monument description,Talisay,0.0
52830,"BBM No. 8, Cad 456 D, Talisay Cadastre",Talisay,0501611000,TALISAY,Talisay,Camarines Norte,0501600000,BBM,Barrio Boundary Monument,8,Cad-456-D,,,14.13718507,122.9178098,14.1357537,122.91917691,4,491126.28,1563350.76,0.002,DENR-LMB via Geoportal Lot Plotter,2026-09-21,1.0.0,Reference only - not a certified monument description,Talisay,0.0
52831,"BBM No. 8, Cadm 456 D, Talisay Cadastral Mapping",Talisay,0501611000,TALISAY,Talisay,Camarines Norte,0501600000,BBM,Barrio Boundary Monument,8,Cadm-456-D,,,14.13721804,122.9177517,14.13578666,122.91911881,4,491120.01,1563354.41,0.001,DENR-LMB via Geoportal Lot Plotter,2026-09-21,1.0.0,Reference only - not a certified monument description,Talisay,0.0
52832,"BBM No. 9, Cad 456 D, Talisay Cadastre",Talisay,0501611000,TALISAY,Talisay,Camarines Norte,0501600000,BBM,Barrio Boundary Monument,9,Cad-456-D,,,14.14056463,122.9111302,14.13913288,122.91249724,4,490405.26,1563724.9,0.004,DENR-LMB via Geoportal Lot Plotter,2026-09-21,1.0.0,Reference only - not a certified monument description,Talisay,0.0
52833,"BBM No. 9, Cadm 456 D, Talisay Cadastral Mapping",Talisay,0501611000,TALISAY,Talisay,Camarines Norte,0501600000,BBM,Barrio Boundary Monument,9,Cadm-456-D,,,14.14059526,122.9110766,14.13916351,122.91244364,4,490399.47,1563728.29,0.0,DENR-LMB via Geoportal Lot Plotter,2026-09-21,1.0.0,Reference only - not a certified monument description,Talisay,0.0
52834,"BLBM No. 2, Bo. of San Francisco, Municipality of Talisay, Province of Camarines Norte",Talisay,0501611000,TALISAY,Talisay,Camarines Norte,0501600000,BLBM,Bureau of Lands Barrio Monument,2,,San Francisco,,14.14498611,122.9195944,14.14355426,122.92096132,4,491319.2583,1564213.713,0.005,DENR-LMB via Geoportal Lot Plotter,2026-09-21,1.0.0,Reference only - not a certified monument description,Talisay,0.0
52835,"BLBM No. 4, Bo. of San Jose, Municipality of Talisay, Province of Camarines Norte",Talisay,0501611000,TALISAY,Talisay,Camarines Norte,0501600000,BLBM,Bureau of Lands Barrio Monument,4,,San Jose,,14.1642,122.9470333,14.1627675,122.94839971,4,494282.0961,1566338.481,0.004,DENR-LMB via Geoportal Lot Plotter,2026-09-21,1.0.0,Reference only - not a certified monument description,Talisay,0.0
52836,"BLBM No. 3, Bo. of San Jose, Municipality of Talisay, Province of Camarines Norte",Talisay,0501611000,TALISAY,Talisay,Camarines Norte,0501600000,BLBM,Bureau of Lands Barrio Monument,3,,San Jose,,14.16404722,122.9479611,14.16261476,122.94932751,4,494382.2486,1566321.557,0.001,DENR-LMB via Geoportal Lot Plotter,2026-09-21,1.0.0,Reference only - not a certified monument description,Talisay,0.0
52837,"BLLM No. 1, Municipality of Talisay, Province of Camarines Norte",Talisay,0501611000,TALISAY,Talisay,Camarines Norte,0501600000,BLLM,Bureau of Lands Location Monument,1,,,,14.13719167,122.9233694,14.13576042,122.9247365,4,491726.5332,1563351.286,0.005,DENR-LMB via Geoportal Lot Plotter,2026-09-21,1.0.0,Reference only - not a certified monument description,Talisay,0.0
52838,"BLLM No. 1, Cad 456 D, Talisay Cadastre",Talisay,0501611000,TALISAY,Talisay,Camarines Norte,0501600000,BLLM,Bureau of Lands Location Monument,1,Cad-456-D,,,14.13715194,122.9233453,14.13572069,122.9247124,4,491723.9226,1563346.893,0.002,DENR-LMB via Geoportal Lot Plotter,2026-09-21,1.0.0,Reference only - not a certified monument description,Talisay,0.0
52839,"BLLM No. 1 A, Cad 456 D, Talisay Cadastre",Talisay,0501611000,TALISAY,Talisay,Camarines Norte,0501600000,BLLM,Bureau of Lands Location Monument,1,Cad-456-D,,,14.13715195,122.9233453,14.1357207,122.9247124,4,491723.928,1563346.894,0.003,DENR-LMB via Geoportal Lot Plotter,2026-09-21,1.0.0,Reference only - not a certified monument description,Talisay,0.0
52840,"BLLM No. 1 A, Cadm 456 D, Talisay Cadastral Mapping",Talisay,0501611000,TALISAY,Talisay,Camarines Norte,0501600000,BLLM,Bureau of Lands Location Monument,1,Cadm-456-D,,,14.13718417,122.9232869,14.13575292,122.924654,4,491717.6257,1563350.46,0.005,DENR-LMB via Geoportal Lot Plotter,2026-09-21,1.0.0,Reference only - not a certified monument description,Talisay,0.0
52841,"BLLM No. 2, Municipality of Talisay, Province of Camarines Norte",Talisay,0501611000,TALISAY,Talisay,Camarines Norte,0501600000,BLLM,Bureau of Lands Location Monument,2,,,,14.13638056,122.9225611,14.13494935,122.92392822,4,491639.2313,1563261.583,0.001,DENR-LMB via Geoportal Lot Plotter,2026-09-21,1.0.0,Reference only - not a certified monument description,Talisay,0.0
52842,"BLLM No. 2 A, Cadm 456 D, Talisay Cadastral Mapping",Talisay,0501611000,TALISAY,Talisay,Camarines Norte,0501600000,BLLM,Bureau of Lands Location Monument,2,Cadm-456-D,,,14.13629386,122.9226088,14.13486265,122.92397592,4,491644.38,1563251.99,0.003,DENR-LMB via Geoportal Lot Plotter,2026-09-21,1.0.0,Reference only - not a certified monument description,Talisay,0.0
52843,"BLLM No. 3, Cadm 456 D, Talisay Cadastral Mapping",Talisay,0501611000,TALISAY,Talisay,Camarines Norte,0501600000,BLLM,Bureau of Lands Location Monument,3,Cadm-456-D,,,14.12391372,122.89092,14.12248261,122.89228748,4,488222.42,1561883.75,0.002,DENR-LMB via Geoportal Lot Plotter,2026-09-21,1.0.0,Reference only - not a certified monument description,Talisay,0.0
52844,"BLLM No. 4, Cadm 456 D, Talisay Cadastral Mapping",Talisay,0501611000,TALISAY,Talisay,Camarines Norte,0501600000,BLLM,Bureau of Lands Location Monument,4,Cadm-456-D,,,14.12477342,122.8906777,14.12334225,122.89204516,4,488196.31,1561978.87,0.005,DENR-LMB via Geoportal Lot Plotter,2026-09-21,1.0.0,Reference only - not a certified monument description,Talisay,0.0
52845,"BLLM No. 5, Cadm 456 D, Talisay Cadastral Mapping",Talisay,0501611000,TALISAY,Talisay,Camarines Norte,0501600000,BLLM,Bureau of Lands Location Monument,5,Cadm-456-D,,,14.16282237,122.9480796,14.16138999,122.94944604,4,494395.01,1566186.05,0.0,DENR-LMB via Geoportal Lot Plotter,2026-09-21,1.0.0,Reference only - not a certified monument description,Talisay,0.0
52846,"Bdry. Mon. Talisay Daet, Municipality of Talisay, Province of Camarines Norte",Talisay,0501611000,TALISAY,Talisay,Camarines Norte,0501600000,BDRY,Boundary monument (inter-municipal / provincial),Talisay Daet,,,,14.12700278,122.9392861,14.12557256,122.94065341,4,493444.6953,1562223.6,0.001,DENR-LMB via Geoportal Lot Plotter,2026-09-21,1.0.0,Reference only - not a certified monument description,Talisay,0.0
52847,"MBM No. 1, Cad 456 D, Talisay Cadastre",Talisay,0501611000,TALISAY,Talisay,Camarines Norte,0501600000,MBM,Municipal Boundary Monument,1,Cad-456-D,,,14.11462153,122.8900774,14.11319102,122.8914451,4,488130.96,1560855.81,0.004,DENR-LMB via Geoportal Lot Plotter,2026-09-21,1.0.0,Reference only - not a certified monument description,San Vicente,413.05613852571474
52848,"MBM No. 1, Cadm 456 D, Talisay Cadastral Mapping",Talisay,0501611000,TALISAY,Talisay,Camarines Norte,0501600000,MBM,Municipal Boundary Monument,1,Cadm-456-D,,,14.11466906,122.8900223,14.11323854,122.89139,4,488125.02,1560861.07,0.003,DENR-LMB via Geoportal Lot Plotter,2026-09-21,1.0.0,Reference only - not a certified monument description,San Vicente,409.92346866928546
52849,"MBM No. 1 A, Cadm 456 D, Talisay Cadastral Mapping",Talisay,0501611000,TALISAY,Talisay,Camarines Norte,0501600000,MBM,Municipal Boundary Monument,1,Cadm-456-D,,,14.12624829,122.8879709,14.12481696,122.88933833,4,487904.12,1562142.17,0.005,DENR-LMB via Geoportal Lot Plotter,2026-09-21,1.0.0,Reference only - not a certified monument description,San Vicente,27.352875580784083
52850,"MBM No. 10, Cad 456 D, Talisay Cadastre",Talisay,0501611000,TALISAY,Talisay,Camarines Norte,0501600000,MBM,Municipal Boundary Monument,10,Cad-456-D,,,14.11645411,122.917308,14.11502409,122.9186756,4,491071.3,1561057.34,0.003,DENR-LMB via Geoportal Lot Plotter,2026-09-21,1.0.0,Reference only - not a certified monument description,Daet,197.78576327653994
52851,"MBM No. 11, Cad 456 D, Talisay Cadastre",Talisay,0501611000,TALISAY,Talisay,Camarines Norte,0501600000,MBM,Municipal Boundary Monument,11,Cad-456-D,,,14.11591942,122.8996697,14.11448904,122.90103735,4,489166.77,1560998.93,0.003,DENR-LMB via Geoportal Lot Plotter,2026-09-21,1.0.0,Reference only - not a certified monument description,Talisay,0.0
52852,"MBM No. 2, Cad 456 D, Talisay Cadastre",Talisay,0501611000,TALISAY,Talisay,Camarines Norte,0501600000,MBM,Municipal Boundary Monument,2,Cad-456-D,,,14.13706891,122.8860947,14.13563682,122.88746187,4,487702.13,1563339.34,0.001,DENR-LMB via Geoportal Lot Plotter,2026-09-21,1.0.0,Reference only - not a certified monument description,San Vicente,139.27735440206138
52853,"MBM No. 2, Cadm 456 D, Talisay Cadastral Mapping",Talisay,0501611000,TALISAY,Talisay,Camarines Norte,0501600000,MBM,Municipal Boundary Monument,2,Cadm-456-D,,,14.13711769,122.8860431,14.1356856,122.88741027,4,487696.56,1563344.74,0.003,DENR-LMB via Geoportal Lot Plotter,2026-09-21,1.0.0,Reference only - not a certified monument description,San Vicente,146.55766941225448
52854,"MBM No. 3, Cad 456 D, Talisay Cadastre",Talisay,0501611000,TALISAY,Talisay,Camarines Norte,0501600000,MBM,Municipal Boundary Monument,3,Cad-456-D,,,14.14252734,122.8929874,14.14109505,122.89435443,4,488446.58,1563942.85,0.003,DENR-LMB via Geoportal Lot Plotter,2026-09-21,1.0.0,Reference only - not a certified monument description,Vinzons,34.98620557264335
52855,"MBM No. 3, Cadm 456 D, Talisay Cadastral Mapping",Talisay,0501611000,TALISAY,Talisay,Camarines Norte,0501600000,MBM,Municipal Boundary Monument,3,Cadm-456-D,,,14.1426697,122.8927689,14.1412374,122.89413593,4,488423.0,1563958.61,0.0,DENR-LMB via Geoportal Lot Plotter,2026-09-21,1.0.0,Reference only - not a certified monument description,Vinzons,63.05140792297609
52856,"MBM No. 4, Cad 456 D, Talisay Cadastre",Talisay,0501611000,TALISAY,Talisay,Camarines Norte,0501600000,MBM,Municipal Boundary Monument,4,Cad-456-D,,,14.15368246,122.9011951,14.15224962,122.90256185,4,489333.23,1565176.54,0.003,DENR-LMB via Geoportal Lot Plotter,2026-09-21,1.0.0,Reference only - not a certified monument description,Vinzons,413.41198934534884
52857,"MBM No. 4, Cadm 456 D, Talisay Cadastral Mapping",Talisay,0501611000,TALISAY,Talisay,Camarines Norte,0501600000,MBM,Municipal Boundary Monument,4,Cadm-456-D,,,14.15371553,122.9011506,14.15228269,122.90251735,4,489328.43,1565180.2,0.001,DENR-LMB via Geoportal Lot Plotter,2026-09-21,1.0.0,Reference only - not a certified monument description,Vinzons,419.2808793340807
52858,"MBM No. 5, Cad 456 D, Talisay Cadastre",Talisay,0501611000,TALISAY,Talisay,Camarines Norte,0501600000,MBM,Municipal Boundary Monument,5,Cad-456-D,,,14.15273054,122.9082503,14.15129792,122.90961706,4,490094.86,1565070.92,0.003,DENR-LMB via Geoportal Lot Plotter,2026-09-21,1.0.0,Reference only - not a certified monument description,Vinzons,42.60748805101143
52859,"MBM No. 5, Cadm 456 D, Talisay Cadastral Mapping",Talisay,0501611000,TALISAY,Talisay,Camarines Norte,0501600000,MBM,Municipal Boundary Monument,5,Cadm-456-D,,,14.15276098,122.9082062,14.15132836,122.90957295,4,490090.1,1565074.29,0.003,DENR-LMB via Geoportal Lot Plotter,2026-09-21,1.0.0,Reference only - not a certified monument description,Vinzons,46.14261134045176
52860,"MBM No. 6, Cad 456 D, Talisay Cadastre",Talisay,0501611000,TALISAY,Talisay,Camarines Norte,0501600000,MBM,Municipal Boundary Monument,6,Cad-456-D,,,14.152972,122.9167454,14.15153956,122.91811213,4,491011.98,1565097.29,0.003,DENR-LMB via Geoportal Lot Plotter,2026-09-21,1.0.0,Reference only - not a certified monument description,Talisay,0.0
52861,"MBM No. 6, Cadm 456 D, Talisay Cadastral Mapping",Talisay,0501611000,TALISAY,Talisay,Camarines Norte,0501600000,MBM,Municipal Boundary Monument,6,Cadm-456-D,,,14.1529925,122.9166941,14.15156006,122.91806083,4,491006.45,1565099.56,0.004,DENR-LMB via Geoportal Lot Plotter,2026-09-21,1.0.0,Reference only - not a certified monument description,Talisay,0.0
52862,"MBM No. 6 A, Cadm 456 D, Talisay Cadastral Mapping",Talisay,0501611000,TALISAY,Talisay,Camarines Norte,0501600000,MBM,Municipal Boundary Monument,6,Cadm-456-D,,,14.16107374,122.9251795,14.15964096,122.92654602,4,491922.8,1565993.27,0.001,DENR-LMB via Geoportal Lot Plotter,2026-09-21,1.0.0,Reference only - not a certified monument description,Talisay,0.0
52863,"MBM No. 6 B, Cadm 456 D, Talisay Cadastral Mapping",Talisay,0501611000,TALISAY,Talisay,Camarines Norte,0501600000,MBM,Municipal Boundary Monument,6,Cadm-456-D,,,14.16915468,122.9336655,14.16772156,122.93503181,4,492839.15,1566886.98,0.005,DENR-LMB via Geoportal Lot Plotter,2026-09-21,1.0.0,Reference only - not a certified monument description,Talisay,0.0
52864,"MBM No. 8, Cad 456 D, Talisay Cadastre",Talisay,0501611000,TALISAY,Talisay,Camarines Norte,0501600000,MBM,Municipal Boundary Monument,8,Cad-456-D,,,14.14791005,122.9625061,14.14647898,122.96387286,4,495952.14,1564536.02,0.002,DENR-LMB via Geoportal Lot Plotter,2026-09-21,1.0.0,Reference only - not a certified monument description,Talisay,0.0
52865,"MBM No. 8, Cadm 456 D, Talisay Cadastral Mapping",Talisay,0501611000,TALISAY,Talisay,Camarines Norte,0501600000,MBM,Municipal Boundary Monument,8,Cadm-456-D,,,14.11650381,122.917255,14.11507379,122.9186226,4,491065.58,1561062.84,0.004,DENR-LMB via Geoportal Lot Plotter,2026-09-21,1.0.0,Reference only - not a certified monument description,Daet,197.18533079997263
52866,"MBM No. 9, Cad 456 D, Talisay Cadastre",Talisay,0501611000,TALISAY,Talisay,Camarines Norte,0501600000,MBM,Municipal Boundary Monument,9,Cad-456-D,,,14.12694384,122.9392638,14.12551363,122.94063111,4,493442.29,1562217.08,0.005,DENR-LMB via Geoportal Lot Plotter,2026-09-21,1.0.0,Reference only - not a certified monument description,Talisay,0.0
52867,"BBM No. 21, (PRS 92) Cad 1278 D, Vinzons Cadastre",Vinzons,0501612000,VINZONS,Vinzons,Camarines Norte,0501600000,BBM,Barrio Boundary Monument,21,Cad-1278-D,,,14.23415526,122.8621172,14.23271623,122.86348211,4,485119.7181,1574081.336,0.005,DENR-LMB via Geoportal Lot Plotter,2026-09-21,1.0.0,Reference only - not a certified monument description,Paracale,4.626082560266994
52868,"BLBM No. 1, Bo. of Matango, Municipality of Vinzons, Province of Camarines Norte",Vinzons,0501612000,VINZONS,Vinzons,Camarines Norte,0501600000,BLBM,Bureau of Lands Barrio Monument,1,,Matango,,14.22563611,122.8658556,14.22419773,122.8672207,4,485522.6139,1573138.628,0.005,DENR-LMB via Geoportal Lot Plotter,2026-09-21,1.0.0,Reference only - not a certified monument description,Vinzons,0.0
52869,"BLBM No. 2, Bo. of San Agustin, Municipality of Vinzons, Province of Camarines Norte",Vinzons,0501612000,VINZONS,Vinzons,Camarines Norte,0501600000,BLBM,Bureau of Lands Barrio Monument,2,,San Agustin,,14.18161389,122.9007111,14.1801792,122.90207718,4,489282.2931,1568266.591,0.001,DENR-LMB via Geoportal Lot Plotter,2026-09-21,1.0.0,Reference only - not a certified monument description,Vinzons,0.0
52870,"BLLM No. 1, Municipality of Vinzons, Province of Camarines Norte",Vinzons,0501612000,VINZONS,Vinzons,Camarines Norte,0501600000,BLLM,Bureau of Lands Location Monument,1,,,,14.17527222,122.9059083,14.17383806,122.90727452,4,489843.0238,1567564.786,0.004,DENR-LMB via Geoportal Lot Plotter,2026-09-21,1.0.0,Reference only - not a certified monument description,Vinzons,0.0
52871,"BLLM No. 1, Pls 830, Vinzons Public Land Subdivision",Vinzons,0501612000,VINZONS,Vinzons,Camarines Norte,0501600000,BLLM,Bureau of Lands Location Monument,1,Pls-830,,,14.17527222,122.9059083,14.17383806,122.90727452,4,489843.0238,1567564.786,0.004,DENR-LMB via Geoportal Lot Plotter,2026-09-21,1.0.0,Reference only - not a certified monument description,Vinzons,0.0
52872,"BLLM No. 1, (PRS 92) Cad 1278 D, Vinzons Cadastre",Vinzons,0501612000,VINZONS,Vinzons,Camarines Norte,0501600000,BLLM,Bureau of Lands Location Monument,1,Cad-1278-D,,,14.17562782,122.9059775,14.17419364,122.90734371,4,489850.5111,1567604.123,0.005,DENR-LMB via Geoportal Lot Plotter,2026-09-21,1.0.0,Reference only - not a certified monument description,Vinzons,0.0
52873,"BLLM No. 2, Municipality of Vinzons, Province of Camarines Norte",Vinzons,0501612000,VINZONS,Vinzons,Camarines Norte,0501600000,BLLM,Bureau of Lands Location Monument,2,,,,14.17458611,122.9062556,14.17315201,122.90762184,4,489880.4752,1567488.867,0.005,DENR-LMB via Geoportal Lot Plotter,2026-09-21,1.0.0,Reference only - not a certified monument description,Vinzons,0.0
52874,"BLLM No. 2, Pls 830, Vinzons Public Land Subdivision",Vinzons,0501612000,VINZONS,Vinzons,Camarines Norte,0501600000,BLLM,Bureau of Lands Location Monument,2,Pls-830,,,14.17641129,122.9050693,14.17497704,122.9064355,4,489752.4989,1567690.836,0.004,DENR-LMB via Geoportal Lot Plotter,2026-09-21,1.0.0,Reference only - not a certified monument description,Vinzons,0.0
52875,"BLLM No. 2, (PRS 92) Cad 1278 D, Vinzons Cadastre",Vinzons,0501612000,VINZONS,Vinzons,Camarines Norte,0501600000,BLLM,Bureau of Lands Location Monument,2,Cad-1278-D,,,14.1743009,122.9059803,14.17286681,122.90734655,4,489850.7484,1567457.326,0.001,DENR-LMB via Geoportal Lot Plotter,2026-09-21,1.0.0,Reference only - not a certified monument description,Vinzons,0.0
52876,"BLLM No. 11, (PRS 92) Cad 1278 D, Vinzons Cadastre",Vinzons,0501612000,VINZONS,Vinzons,Camarines Norte,0501600000,BLLM,Bureau of Lands Location Monument,11,Cad-1278-D,,,14.17971099,122.879053,14.17827593,122.88041917,4,486944.3072,1568057.176,0.004,DENR-LMB via Geoportal Lot Plotter,2026-09-21,1.0.0,Reference only - not a certified monument description,Vinzons,0.0
52877,"BLLM No. 3, Pls 830, Vinzons Public Land Subdivision",Vinzons,0501612000,VINZONS,Vinzons,Camarines Norte,0501600000,BLLM,Bureau of Lands Location Monument,3,Pls-830,,,14.23463639,122.8867758,14.23319789,122.88814065,4,487780.8975,1574133.129,0.004,DENR-LMB via Geoportal Lot Plotter,2026-09-21,1.0.0,Reference only - not a certified monument description,Vinzons,0.0
52878,"BLLM No. 4, Pls 830, Vinzons Public Land Subdivision",Vinzons,0501612000,VINZONS,Vinzons,Camarines Norte,0501600000,BLLM,Bureau of Lands Location Monument,4,Pls-830,,,14.23359083,122.8878214,14.23215242,122.88918627,4,487893.6779,1574017.405,0.001,DENR-LMB via Geoportal Lot Plotter,2026-09-21,1.0.0,Reference only - not a certified monument description,Vinzons,0.0
52879,"BLLM No. 5, (PRS 92) Cad 1278 D, Vinzons Cadastre",Vinzons,0501612000,VINZONS,Vinzons,Camarines Norte,0501600000,BLLM,Bureau of Lands Location Monument,5,Cad-1278-D,,,14.17070429,122.9224773,14.16927081,122.9238436,4,491631.437,1567058.784,0.002,DENR-LMB via Geoportal Lot Plotter,2026-09-21,1.0.0,Reference only - not a certified monument description,Vinzons,0.0
52880,"CMN 17, PRS 92",Vinzons,0501612000,VINZONS,Vinzons,Camarines Norte,0501600000,PRS92,PRS92 geodetic control point,CMN 17,,,,14.17555995,122.9066259,14.17412579,122.90799212,4,489920.4998,1567596.586,0.004,DENR-LMB via Geoportal Lot Plotter,2026-09-21,1.0.0,Reference only - not a certified monument description,Vinzons,0.0
52881,"CMN 22, PRS 92",Vinzons,0501612000,VINZONS,Vinzons,Camarines Norte,0501600000,PRS92,PRS92 geodetic control point,CMN 22,,,,14.25224411,122.8515503,14.25080365,122.8529148,4,483980.608,1576083.206,0.001,DENR-LMB via Geoportal Lot Plotter,2026-09-21,1.0.0,Reference only - not a certified monument description,Paracale,10.961725132221748
52882,"CMN 3065, PRS 92",Vinzons,0501612000,VINZONS,Vinzons,Camarines Norte,0501600000,PRS92,PRS92 geodetic control point,CMN 3065,,,,14.47369905,122.944561,14.47224615,122.94592005,4,494023.3944,1600578.556,0.001,DENR-LMB via Geoportal Lot Plotter,2026-09-21,1.0.0,Reference only - not a certified monument description,Vinzons,0.0
52883,"CMN 3090, PRS 92",Vinzons,0501612000,VINZONS,Vinzons,Camarines Norte,0501600000,PRS92,PRS92 geodetic control point,CMN 3090,,,,14.17545783,122.8998867,14.17402352,122.90125293,4,489193.0128,1567585.589,0.002,DENR-LMB via Geoportal Lot Plotter,2026-09-21,1.0.0,Reference only - not a certified monument description,Vinzons,0.0
52884,"CMN 36, PRS 92",Vinzons,0501612000,VINZONS,Vinzons,Camarines Norte,0501600000,PRS92,PRS92 geodetic control point,CMN 36,,,,14.25224604,122.8515489,14.25080558,122.8529134,4,483980.4546,1576083.419,0.003,DENR-LMB via Geoportal Lot Plotter,2026-09-21,1.0.0,Reference only - not a certified monument description,Paracale,10.859959550778065
52885,"CMN 3065, PRS 92",Vinzons,0501612000,VINZONS,Vinzons,Camarines Norte,0501600000,PRS92,PRS92 geodetic control point,CMN 3065,,,,14.47369917,122.9445611,14.47224627,122.94592015,4,494023.4063,1600578.568,0.001,DENR-LMB via Geoportal Lot Plotter,2026-09-21,1.0.0,Reference only - not a certified monument description,Vinzons,0.0
52886,"MBM No. 16, Pls 830, Vinzons Public Land Subdivision",Vinzons,0501612000,VINZONS,Vinzons,Camarines Norte,0501600000,MBM,Municipal Boundary Monument,16,Pls-830,,,14.22035,122.8635333,14.21891191,122.86489853,4,485271.6481,1572553.973,0.004,DENR-LMB via Geoportal Lot Plotter,2026-09-21,1.0.0,Reference only - not a certified monument description,Labo,198.4277705677643
52887,"MBM No. 20, Pls 830, Vinzons Public Land Subdivision",Vinzons,0501612000,VINZONS,Vinzons,Camarines Norte,0501600000,MBM,Municipal Boundary Monument,20,Pls-830,,,14.20170278,122.8605944,14.20026585,122.86196008,4,484953.2317,1570491.224,0.005,DENR-LMB via Geoportal Lot Plotter,2026-09-21,1.0.0,Reference only - not a certified monument description,Vinzons,0.0
52888,"Triangulation Station Quinamanuca, C. & G.S., Municipality of Vinzons, Province of Camarines Norte",Vinzons,0501612000,VINZONS,Vinzons,Camarines Norte,0501600000,TRIG,Triangulation station,Quinamanuca,,,,14.20433333,122.9472806,14.20289819,122.94864605,4,494309.7855,1570778.392,0.005,DENR-LMB via Geoportal Lot Plotter,2026-09-21,1.0.0,Reference only - not a certified monument description,Vinzons,0.0
52889,"BLLM No. 15, Cad 1278 D, Vinzons Cadastre",Vinzons,0501612000,VINZONS,Vinzons,Camarines Norte,0501600000,BLLM,Bureau of Lands Location Monument,15,Cad-1278-D,,,14.14167236,122.8885349,14.14024003,122.88990196,4,487965.8317,1563848.488,0.0,DENR-LMB via Geoportal Lot Plotter,2026-09-21,1.0.0,Reference only - not a certified monument description,Vinzons,0.0
